ref,id,lat,lon,along_m,side,road_dist_m,type,floors,width_m,depth_m,wall_height_m,source,osm_way,osm_building,kind,roof,roof_height_m
"stage 1 - building 1 - 42.000507, 21.577483",1,42.000507,21.577483,0,L,49.0,house,1,10.0,6.7,3.3,ms,,,house,gable,7.0
"stage 1 - building 2 - 42.001186, 21.577105",2,42.001186,21.577105,0,L,130.6,flat,1,8.3,2.5,2.7,ms,,,garage,flat,3.2
"stage 1 - building 3 - 42.001317, 21.577132",3,42.001317,21.577132,0,L,143.2,flat,1,8.7,2.3,2.7,ms,,,garage,flat,3.2
"stage 1 - building 4 - 41.999481, 21.576593",4,41.999481,21.576593,0,R,117.6,house,1,9.9,5.3,3.3,ms,,,house,gable,7.0
"stage 1 - building 5 - 42.001306, 21.577280",5,42.001306,21.577280,0,L,138.3,house,1,7.0,6.1,3.3,ms,,,garage,flat,3.2
"stage 1 - building 6 - 41.999398, 21.576577",6,41.999398,21.576577,0,R,124.3,house,1,8.2,4.4,3.3,ms,,,garage,flat,3.2
"stage 1 - building 7 - 41.999207, 21.576974",7,41.999207,21.576974,0,R,118.4,house,1,12.5,8.5,3.3,osm,1096823771,yes,house,gable,7.0
"stage 1 - building 8 - 41.999231, 21.576751",8,41.999231,21.576751,0,R,127.1,house,1,13.1,9.7,3.3,osm,1096823774,yes,house,gable,7.0
"stage 1 - building 9 - 41.999256, 21.576548",9,41.999256,21.576548,0,R,136.6,house,1,11.6,10.4,3.3,osm,1096823772,yes,house,gable,7.0
"stage 1 - building 10 - 41.999150, 21.576642",10,41.999150,21.576642,0,R,139.9,house,1,7.9,6.0,3.3,ms,,,house,gable,7.0
"stage 1 - building 11 - 41.999158, 21.576444",11,41.999158,21.576444,0,R,150.4,house,1,7.3,5.5,3.3,ms,,,garage,flat,3.2
"stage 1 - building 12 - 42.001566, 21.577613",12,42.001566,21.577613,0,L,162.2,flat,1,3.9,3.7,2.7,ms,,,garage,flat,3.2
"stage 1 - building 13 - 42.001520, 21.577861",13,42.001520,21.577861,0,L,157.1,flat,1,34.4,16.0,7.0,osm,447905036,industrial,industrial,flat,8.5
"stage 1 - building 14 - 41.999175, 21.576179",14,41.999175,21.576179,0,R,165.6,house,1,12.6,9.5,3.3,ms,,,house,gable,7.0
"stage 1 - building 15 - 41.999074, 21.576455",15,41.999074,21.576455,0,R,156.5,house,2,10.4,10.0,6.2,osm,1096823773,yes,house,gable,7.0
"stage 1 - building 16 - 41.998868, 21.576627",16,41.998868,21.576627,0,R,165.7,flat,1,7.1,4.0,2.7,ms,,,garage,flat,3.2
"stage 1 - building 17 - 41.998819, 21.576753",17,41.998819,21.576753,0,R,164.8,house,1,15.0,11.3,3.3,ms,,,house,gable,7.0
"stage 1 - building 18 - 42.003418, 21.573055",18,42.003418,21.573055,0,L,534.4,house,2,10.8,9.0,6.2,ms,,,house,gable,7.0
"stage 1 - building 19 - 41.998694, 21.576816",19,41.998694,21.576816,0,R,174.7,house,1,18.4,8.6,3.3,ms,,,house,gable,7.0
"stage 1 - building 20 - 41.998808, 21.576447",20,41.998808,21.576447,0,R,179.7,house,1,9.4,8.3,3.3,ms,,,house,gable,7.0
"stage 1 - building 21 - 42.001792, 21.577917",21,42.001792,21.577917,0,L,187.6,flat,1,6.7,2.7,2.7,ms,,,garage,flat,3.2
"stage 1 - building 22 - 41.998677, 21.576470",22,41.998677,21.576470,0,R,190.5,house,2,18.3,14.7,6.2,ms,,,house,gable,7.0
"stage 1 - building 23 - 42.002844, 21.575272",23,42.002844,21.575272,0,L,366.1,flat,1,4.6,3.3,2.7,ms,,,garage,flat,3.2
"stage 1 - building 24 - 41.999200, 21.574752",24,41.999200,21.574752,0,R,267.1,house,1,20.4,10.7,3.3,ms,,,house,gable,7.0
"stage 1 - building 25 - 42.002832, 21.575393",25,42.002832,21.575393,0,L,359.5,flat,1,11.6,10.7,3.4,ms,,,house,gable,7.0
"stage 1 - building 26 - 41.998714, 21.576108",26,41.998714,21.576108,0,R,205.5,flat,1,34.6,15.5,7.0,osm,640268324,train_station,house,gable,7.0
"stage 1 - building 27 - 42.002962, 21.575157",27,42.002962,21.575157,0,L,382.2,flat,2,15.2,10.3,6.4,ms,,,industrial,flat,8.5
"stage 1 - building 28 - 41.998674, 21.575359",28,41.998674,21.575359,0,R,253.4,house,1,6.0,5.2,3.3,ms,,,garage,flat,3.2
"stage 1 - building 29 - 41.999226, 21.573606",29,41.999226,21.573606,0,R,356.0,flat,2,16.9,12.7,6.4,ms,,,industrial,flat,8.5
"stage 1 - building 30 - 41.999223, 21.573385",30,41.999223,21.573385,0,R,373.7,flat,2,18.2,13.3,6.4,ms,,,industrial,flat,8.5
"stage 1 - building 31 - 41.998127, 21.576461",31,41.998127,21.576461,0,R,244.2,house,2,19.4,14.5,6.2,ms,,,house,gable,7.0
"stage 1 - building 32 - 42.002691, 21.577289",32,42.002691,21.577289,0,L,289.2,house,1,8.9,5.5,3.3,ms,,,house,gable,7.0
"stage 1 - building 33 - 41.998255, 21.576016",33,41.998255,21.576016,0,R,250.4,house,1,8.1,4.5,3.3,ms,,,garage,flat,3.2
"stage 1 - building 34 - 42.002845, 21.577161",34,42.002845,21.577161,0,L,307.7,flat,2,36.8,7.8,6.4,ms,,,industrial,flat,8.5
"stage 1 - building 35 - 41.998156, 21.575944",35,41.998156,21.575944,0,R,262.9,house,2,13.5,6.1,6.2,ms,,,house,gable,7.0
"stage 1 - building 36 - 41.998265, 21.575439",36,41.998265,21.575439,0,R,279.6,house,1,7.7,4.9,3.3,ms,,,garage,flat,3.2
"stage 1 - building 37 - 41.998015, 21.576029",37,41.998015,21.576029,0,R,272.2,house,1,13.9,8.4,3.3,ms,,,house,gable,7.0
"stage 1 - building 38 - 41.998208, 21.575289",38,41.998208,21.575289,0,R,292.7,house,1,16.0,4.2,3.3,ms,,,house,gable,7.0
"stage 1 - building 39 - 42.003389, 21.576149",39,42.003389,21.576149,0,L,387.3,flat,1,153.0,85.7,9.0,osm,177651891,industrial,industrial,flat,8.5
"stage 1 - building 40 - 41.998138, 21.575419",40,41.998138,21.575419,0,R,291.2,house,1,9.3,5.1,3.3,ms,,,house,gable,7.0
"stage 1 - building 41 - 41.999072, 21.572505",41,41.999072,21.572505,0,R,448.5,house,2,14.0,7.6,6.2,ms,,,house,gable,7.0
"stage 1 - building 42 - 41.997867, 21.576008",42,41.997867,21.576008,0,R,287.2,house,2,16.1,10.9,6.2,osm,1096822017,yes,house,gable,7.0
"stage 1 - building 43 - 41.998212, 21.574872",43,41.998212,21.574872,0,R,317.4,house,2,12.3,12.0,6.2,ms,,,house,gable,7.0
"stage 1 - building 44 - 41.998040, 21.575354",44,41.998040,21.575354,0,R,302.9,flat,1,8.1,3.3,2.7,ms,,,garage,flat,3.2
"stage 1 - building 45 - 41.997905, 21.575703",45,41.997905,21.575703,0,R,297.2,house,1,10.8,10.8,3.3,osm,1096822013,yes,house,gable,7.0
"stage 1 - building 46 - 41.997946, 21.575448",46,41.997946,21.575448,0,R,306.1,house,1,10.5,9.7,3.3,osm,1096822014,yes,house,gable,7.0
"stage 1 - building 47 - 41.997955, 21.575261",47,41.997955,21.575261,0,R,315.1,house,2,13.0,10.3,6.2,osm,1096822015,yes,house,gable,7.0
"stage 1 - building 48 - 41.998072, 21.574846",48,41.998072,21.574846,0,R,329.5,house,1,8.6,4.8,3.3,ms,,,garage,flat,3.2
"stage 1 - building 49 - 41.997646, 21.575975",49,41.997646,21.575975,0,R,310.0,house,1,10.8,6.0,3.3,ms,,,row,flat,9.5
"stage 1 - building 50 - 41.997941, 21.575066",50,41.997941,21.575066,0,R,327.0,house,1,10.9,10.8,3.3,ms,,,house,gable,7.0
"stage 1 - building 51 - 41.998196, 21.574212",51,41.998196,21.574212,0,R,361.1,house,2,14.7,13.7,6.2,ms,,,house,gable,7.0
"stage 1 - building 52 - 41.997853, 21.575211",52,41.997853,21.575211,0,R,326.4,house,1,6.9,4.9,3.3,ms,,,garage,flat,3.2
"stage 1 - building 53 - 41.997599, 21.575928",53,41.997599,21.575928,0,R,316.5,house,1,11.1,3.1,3.3,ms,,,garage,flat,3.2
"stage 1 - building 54 - 41.997962, 21.574847",54,41.997962,21.574847,0,R,337.9,house,2,10.7,9.7,6.2,ms,,,house,gable,7.0
"stage 1 - building 55 - 41.998059, 21.574424",55,41.998059,21.574424,0,R,356.6,flat,1,5.8,2.4,2.7,ms,,,garage,flat,3.2
"stage 1 - building 56 - 41.998393, 21.573405",56,41.998393,21.573405,0,R,406.3,flat,2,16.4,12.2,6.4,ms,,,industrial,flat,8.5
"stage 1 - building 57 - 41.997764, 21.575244",57,41.997764,21.575244,0,R,332.4,house,1,9.9,9.4,3.3,osm,1096822016,yes,house,gable,7.0
"stage 1 - building 58 - 41.998430, 21.573246",58,41.998430,21.573246,0,R,416.2,house,1,11.5,8.5,3.3,ms,,,house,gable,7.0
"stage 1 - building 59 - 41.997603, 21.575671",59,41.997603,21.575671,0,R,326.8,flat,1,4.9,4.0,2.7,ms,,,garage,flat,3.2
"stage 1 - building 60 - 41.997507, 21.575935",60,41.997507,21.575935,0,R,325.3,house,1,12.6,11.2,3.3,osm,1096822012,yes,house,gable,7.0
"stage 1 - building 61 - 41.998029, 21.574214",61,41.998029,21.574214,0,R,372.2,flat,1,19.9,18.8,7.0,ms,,,house,gable,7.0
"stage 1 - building 62 - 41.997533, 21.575641",62,41.997533,21.575641,0,R,334.7,house,2,10.5,10.0,6.2,osm,1096822008,yes,row,flat,9.5
"stage 1 - building 63 - 41.998466, 21.572885",63,41.998466,21.572885,0,R,441.4,flat,1,35.6,9.7,7.0,ms,,,industrial,flat,8.5
"stage 1 - building 64 - 41.997816, 21.574786",64,41.997816,21.574786,0,R,353.0,flat,1,6.9,3.7,2.7,ms,,,garage,flat,3.2
"stage 1 - building 65 - 41.998215, 21.573550",65,41.998215,21.573550,0,R,405.7,flat,1,12.9,10.5,3.4,ms,,,house,gable,7.0
"stage 1 - building 66 - 41.997603, 21.575327",66,41.997603,21.575327,0,R,342.6,house,1,8.2,4.2,3.3,ms,,,garage,flat,3.2
"stage 1 - building 67 - 41.997741, 21.574798",67,41.997741,21.574798,0,R,358.4,house,1,6.2,5.5,3.3,ms,,,garage,flat,3.2
"stage 1 - building 68 - 41.997881, 21.574245",68,41.997881,21.574245,0,R,380.7,house,2,12.7,10.4,6.2,ms,,,house,gable,7.0
"stage 1 - building 69 - 41.997498, 21.575244",69,41.997498,21.575244,0,R,356.1,house,2,11.0,10.9,6.2,osm,1096822011,yes,house,gable,7.0
"stage 1 - building 70 - 41.997538, 21.575064",70,41.997538,21.575064,0,R,361.3,flat,1,5.3,4.9,2.7,ms,,,garage,flat,3.2
"stage 1 - building 71 - 41.998154, 21.573237",71,41.998154,21.573237,0,R,431.4,flat,1,23.8,12.7,7.0,osm,447904298,yes,industrial,flat,8.5
"stage 1 - building 72 - 41.997233, 21.575935",72,41.997233,21.575935,0,R,352.5,house,2,14.2,12.5,6.2,osm,1096822007,yes,house,gable,7.0
"stage 1 - building 73 - 42.004829, 21.574126",73,42.004829,21.574126,0,L,603.7,house,1,13.8,2.6,3.3,ms,,,garage,flat,3.2
"stage 1 - building 74 - 42.004509, 21.575102",74,42.004509,21.575102,0,L,535.3,house,2,14.9,6.2,6.2,ms,,,house,gable,7.0
"stage 1 - building 75 - 42.004654, 21.574702",75,42.004654,21.574702,0,L,564.0,flat,1,55.6,35.4,9.0,osm,177651892,industrial,industrial,flat,8.5
"stage 1 - building 76 - 41.997353, 21.575443",76,41.997353,21.575443,0,R,360.3,flat,1,4.3,4.1,2.7,ms,,,garage,flat,3.2
"stage 1 - building 77 - 41.998277, 21.572710",77,41.998277,21.572710,0,R,463.5,flat,1,46.1,11.3,7.0,osm,447904294,yes,industrial,flat,8.5
"stage 1 - building 78 - 41.997540, 21.574814",78,41.997540,21.574814,0,R,374.2,house,2,13.2,9.3,6.2,osm,447904304,yes,house,gable,7.0
"stage 1 - building 79 - 41.997436, 21.575069",79,41.997436,21.575069,0,R,370.1,flat,1,5.9,3.4,2.7,ms,,,garage,flat,3.2
"stage 1 - building 80 - 42.004505, 21.575376",80,42.004505,21.575376,0,L,526.0,house,1,10.7,10.0,3.3,ms,,,house,gable,7.0
"stage 1 - building 81 - 41.997703, 21.574221",81,41.997703,21.574221,0,R,395.3,house,2,20.8,13.5,6.2,ms,,,house,gable,7.0
"stage 1 - building 82 - 41.997225, 21.575625",82,41.997225,21.575625,0,R,365.0,house,2,11.8,11.5,6.2,osm,1096822009,yes,house,gable,7.0
"stage 1 - building 83 - 41.997362, 21.575061",83,41.997362,21.575061,0,R,377.1,flat,1,6.4,3.7,2.7,ms,,,garage,flat,3.2
"stage 1 - building 84 - 41.997503, 21.574517",84,41.997503,21.574517,0,R,393.6,house,1,9.0,5.9,3.3,ms,,,house,gable,7.0
"stage 1 - building 85 - 41.997217, 21.575332",85,41.997217,21.575332,0,R,378.0,flat,1,21.9,14.0,7.0,osm,1096822010,yes,house,gable,7.0
"stage 1 - building 86 - 41.998047, 21.572826",86,41.998047,21.572826,0,R,466.9,flat,1,7.8,3.2,2.7,ms,,,garage,flat,3.2
"stage 1 - building 87 - 42.004785, 21.574967",87,42.004785,21.574967,0,L,567.9,house,1,13.3,2.4,3.3,ms,,,garage,flat,3.2
"stage 1 - building 88 - 42.004169, 21.576865",88,42.004169,21.576865,0,L,456.8,flat,1,4.0,3.3,2.7,ms,,,garage,flat,3.2
"stage 1 - building 89 - 41.997270, 21.575004",89,41.997270,21.575004,0,R,388.2,house,1,12.4,12.0,3.3,osm,447904308,yes,house,gable,7.0
"stage 1 - building 90 - 41.997528, 21.574229",90,41.997528,21.574229,0,R,408.2,house,1,15.0,10.6,3.3,ms,,,house,gable,7.0
"stage 1 - building 91 - 41.997267, 21.574798",91,41.997267,21.574798,0,R,398.6,house,2,12.8,8.6,6.2,osm,447904293,yes,house,gable,7.0
"stage 1 - building 92 - 41.997338, 21.574588",92,41.997338,21.574588,0,R,403.5,house,1,11.9,11.7,3.3,osm,447904297,yes,house,gable,7.0
"stage 1 - building 93 - 41.996939, 21.575707",93,41.996939,21.575707,0,R,390.1,house,2,13.2,7.4,6.2,ms,,,house,gable,7.0
"stage 1 - building 94 - 41.998004, 21.572534",94,41.998004,21.572534,0,R,490.4,flat,1,34.7,33.9,7.0,ms,,,industrial,flat,8.5
"stage 1 - building 95 - 41.996867, 21.575760",95,41.996867,21.575760,0,R,395.6,house,1,6.9,5.0,3.3,ms,,,garage,flat,3.2
"stage 1 - building 96 - 42.004377, 21.576854",96,42.004377,21.576854,0,L,479.8,flat,1,4.2,3.0,2.7,ms,,,garage,flat,3.2
"stage 1 - building 97 - 41.997795, 21.572855",97,41.997795,21.572855,0,R,479.2,flat,1,4.4,4.3,2.7,ms,,,garage,flat,3.2
"stage 1 - building 98 - 41.997439, 21.573825",98,41.997439,21.573825,0,R,439.3,flat,1,21.8,21.5,7.0,osm,447904310,yes,house,gable,7.0
"stage 1 - building 99 - 41.997261, 21.574340",99,41.997261,21.574340,0,R,423.3,house,1,10.1,9.8,3.3,osm,447904292,yes,house,gable,7.0
"stage 1 - building 100 - 41.997307, 21.574157",100,41.997307,21.574157,0,R,429.9,house,1,12.3,11.3,3.3,osm,447904296,yes,house,gable,7.0
"stage 1 - building 101 - 41.996846, 21.575508",101,41.996846,21.575508,0,R,406.8,house,1,12.4,10.2,3.3,ms,,,house,gable,7.0
"stage 1 - building 102 - 41.996904, 21.574798",102,41.996904,21.574798,0,R,431.3,house,1,7.6,6.9,3.3,ms,,,house,gable,7.0
"stage 1 - building 103 - 41.996931, 21.574714",103,41.996931,21.574714,0,R,432.8,house,1,9.5,6.2,3.3,ms,,,house,gable,7.0
"stage 1 - building 104 - 41.996713, 21.575339",104,41.996713,21.575339,0,R,426.2,flat,1,48.3,10.8,7.0,ms,,,house,gable,7.0
"stage 1 - building 105 - 42.005379, 21.574724",105,42.005379,21.574724,0,L,636.4,flat,1,5.2,4.7,2.7,ms,,,garage,flat,3.2
"stage 1 - building 106 - 41.996610, 21.575507",106,41.996610,21.575507,0,R,430.3,house,2,11.4,10.4,6.2,ms,,,house,gable,7.0
"stage 1 - building 107 - 41.996819, 21.574757",107,41.996819,21.574757,0,R,441.0,house,2,11.5,9.7,6.2,ms,,,house,gable,7.0
"stage 1 - building 108 - 41.996735, 21.574997",108,41.996735,21.574997,0,R,438.1,house,2,15.4,4.2,6.2,ms,,,house,gable,7.0
"stage 1 - building 109 - 41.996904, 21.574341",109,41.996904,21.574341,0,R,453.7,house,2,11.7,9.3,6.2,osm,670264915,house,house,gable,7.0
"stage 1 - building 110 - 42.005474, 21.574791",110,42.005474,21.574791,0,L,644.0,flat,1,5.0,4.4,2.7,ms,,,garage,flat,3.2
"stage 1 - building 111 - 41.996973, 21.574070",111,41.996973,21.574070,0,R,462.1,flat,1,6.1,3.8,2.7,ms,,,garage,flat,3.2
"stage 1 - building 112 - 42.006080, 21.573102",112,42.006080,21.573102,0,L,766.4,house,1,15.3,14.7,3.3,ms,,,house,gable,7.0
"stage 1 - building 113 - 41.997484, 21.572521",113,41.997484,21.572521,0,R,521.3,house,2,10.7,7.7,6.2,ms,,,house,gable,7.0
"stage 1 - building 114 - 41.996881, 21.574219",114,41.996881,21.574219,0,R,462.1,flat,1,8.2,2.0,2.7,ms,,,garage,flat,3.2
"stage 1 - building 115 - 42.005192, 21.575851",115,42.005192,21.575851,0,L,585.8,flat,1,4.8,4.8,2.7,ms,,,garage,flat,3.2
"stage 1 - building 116 - 41.996725, 21.574545",116,41.996725,21.574545,0,R,459.6,flat,1,5.0,4.0,2.7,ms,,,garage,flat,3.2
"stage 1 - building 117 - 41.996939, 21.573843",117,41.996939,21.573843,0,R,477.5,house,2,11.2,10.2,6.2,ms,,,house,gable,7.0
"stage 1 - building 118 - 41.996640, 21.574694",118,41.996640,21.574694,0,R,460.4,house,1,26.9,10.4,3.3,ms,,,house,gable,7.0
"stage 1 - building 119 - 41.996853, 21.574047",119,41.996853,21.574047,0,R,473.6,flat,1,5.3,3.3,2.7,ms,,,garage,flat,3.2
"stage 1 - building 120 - 41.996765, 21.574257",120,41.996765,21.574257,0,R,470.1,house,1,21.7,7.2,3.3,ms,,,house,gable,7.0
"stage 1 - building 121 - 42.004899, 21.576965",121,42.004899,21.576965,0,L,535.9,flat,1,4.9,3.9,2.7,ms,,,garage,flat,3.2
"stage 1 - building 122 - 41.997036, 21.573405",122,41.997036,21.573405,0,R,495.3,house,2,19.7,13.1,6.2,osm,447904305,yes,house,gable,7.0
"stage 1 - building 123 - 42.005621, 21.574905",123,42.005621,21.574905,0,L,655.7,flat,1,4.7,4.7,2.7,ms,,,garage,flat,3.2
"stage 1 - building 124 - 41.996790, 21.574076",124,41.996790,21.574076,0,R,477.4,house,1,6.1,5.4,3.3,ms,,,garage,flat,3.2
"stage 1 - building 125 - 41.996584, 21.574575",125,41.996584,21.574575,0,R,471.1,house,1,13.5,3.4,3.3,ms,,,house,gable,7.0
"stage 1 - building 126 - 41.996799, 21.573934",126,41.996799,21.573934,0,R,484.1,house,2,15.1,5.7,6.2,ms,,,house,gable,7.0
"stage 1 - building 127 - 41.997026, 21.573215",127,41.997026,21.573215,0,R,507.5,flat,1,22.9,14.0,7.0,ms,,,house,gable,7.0
"stage 1 - building 128 - 42.005338, 21.575958",128,42.005338,21.575958,0,L,599.2,flat,1,4.8,4.7,2.7,ms,,,garage,flat,3.2
"stage 1 - building 129 - 42.005484, 21.575650",129,42.005484,21.575650,0,L,621.6,flat,1,4.4,3.5,2.7,ms,,,garage,flat,3.2
"stage 1 - building 130 - 41.997068, 21.572913",130,41.997068,21.572913,0,R,523.3,house,1,12.0,11.9,3.3,ms,,,house,gable,7.0
"stage 1 - building 131 - 41.996811, 21.573658",131,41.996811,21.573658,0,R,498.3,house,1,6.2,6.2,3.3,ms,,,garage,flat,3.2
"stage 1 - building 132 - 41.997123, 21.572655",132,41.997123,21.572655,0,R,535.9,flat,1,20.8,17.5,7.0,osm,670268183,yes,house,gable,7.0
"stage 1 - building 133 - 41.996488, 21.574518",133,41.996488,21.574518,0,R,482.5,house,2,13.8,4.7,6.2,ms,,,house,gable,7.0
"stage 1 - building 134 - 42.005049, 21.577078",134,42.005049,21.577078,0,L,551.5,flat,1,5.0,4.1,2.7,ms,,,garage,flat,3.2
"stage 1 - building 135 - 41.996559, 21.574262",135,41.996559,21.574262,0,R,488.2,flat,1,28.2,13.1,7.0,ms,,,house,gable,7.0
"stage 1 - building 136 - 41.996663, 21.573734",136,41.996663,21.573734,0,R,506.4,house,2,15.5,4.0,6.2,ms,,,house,gable,7.0
"stage 1 - building 137 - 42.005497, 21.576073",137,42.005497,21.576073,0,L,614.2,flat,1,4.5,3.7,2.7,ms,,,garage,flat,3.2
"stage 1 - building 138 - 41.996820, 21.573136",138,41.996820,21.573136,0,R,527.9,house,1,13.9,13.5,3.3,ms,,,house,gable,7.0
"stage 1 - building 139 - 41.996743, 21.573333",139,41.996743,21.573333,0,R,522.4,house,1,13.4,12.4,3.3,osm,447904302,yes,house,gable,7.0
"stage 1 - building 140 - 41.996471, 21.574091",140,41.996471,21.574091,0,R,504.5,house,1,17.2,11.8,3.3,ms,,,house,gable,7.0
"stage 1 - building 141 - 42.005759, 21.575475",141,42.005759,21.575475,0,L,655.0,flat,1,4.7,3.7,2.7,ms,,,garage,flat,3.2
"stage 1 - building 142 - 42.005913, 21.575128",142,42.005913,21.575128,0,L,680.0,flat,1,4.0,3.4,2.7,ms,,,garage,flat,3.2
"stage 1 - building 143 - 41.996845, 21.572860",143,41.996845,21.572860,0,R,542.8,house,2,15.0,14.7,6.2,ms,,,house,gable,7.0
"stage 1 - building 144 - 42.005663, 21.575975",144,42.005663,21.575975,0,L,633.9,flat,1,4.7,4.1,2.7,ms,,,garage,flat,3.2
"stage 1 - building 145 - 42.005855, 21.575544",145,42.005855,21.575544,0,L,663.7,flat,1,3.7,3.6,2.7,ms,,,garage,flat,3.2
"stage 1 - building 146 - 41.996800, 21.572710",146,41.996800,21.572710,0,R,555.4,flat,1,5.8,4.8,2.7,ms,,,garage,flat,3.2
"stage 1 - building 147 - 42.005921, 21.575399",147,42.005921,21.575399,0,L,674.0,flat,1,4.2,3.5,2.7,ms,,,garage,flat,3.2
"stage 1 - building 148 - 42.006005, 21.575202",148,42.006005,21.575202,0,L,687.8,flat,1,4.6,4.4,2.7,ms,,,garage,flat,3.2
"stage 1 - building 149 - 41.996614, 21.573084",149,41.996614,21.573084,0,R,547.1,house,2,13.1,6.6,6.2,ms,,,house,gable,7.0
"stage 1 - building 150 - 41.996642, 21.572845",150,41.996642,21.572845,0,R,559.0,house,1,15.1,10.2,3.3,ms,,,house,gable,7.0
"stage 1 - building 151 - 41.996549, 21.573099",151,41.996549,21.573099,0,R,551.4,house,1,8.8,4.7,3.3,ms,,,garage,flat,3.2
"stage 1 - building 152 - 41.996684, 21.572564",152,41.996684,21.572564,0,R,573.0,flat,1,24.2,17.7,7.0,ms,,,house,gable,7.0
"stage 1 - building 153 - 41.996555, 21.572889",153,41.996555,21.572889,0,R,563.1,house,1,6.7,4.8,3.3,ms,,,garage,flat,3.2
"stage 1 - building 154 - 42.005926, 21.576005",154,42.005926,21.576005,0,L,661.9,flat,1,5.8,4.2,2.7,ms,,,garage,flat,3.2
"stage 1 - building 155 - 42.005970, 21.576506",155,42.005970,21.576506,0,L,659.0,house,1,7.0,6.8,3.3,ms,,,house,gable,7.0
"stage 1 - building 156 - 42.005763, 21.577253",156,42.005763,21.577253,0,L,629.4,flat,1,114.6,40.2,9.0,osm,177651889,yes,industrial,flat,8.5
"stage 1 - building 157 - 42.007113, 21.573797",157,42.007113,21.573797,0,L,843.7,house,2,9.1,7.4,6.2,ms,,,house,gable,7.0
"stage 1 - building 158 - 42.007155, 21.573705",158,42.007155,21.573705,0,L,851.0,house,1,7.8,7.4,3.3,ms,,,house,gable,7.0
"stage 1 - building 159 - 42.006275, 21.576396",159,42.006275,21.576396,0,L,693.9,house,1,12.9,7.4,3.3,ms,,,house,gable,7.0
"stage 1 - building 160 - 42.007380, 21.573224",160,42.007380,21.573224,0,L,890.0,house,1,8.2,3.9,3.3,ms,,,garage,flat,3.2
"stage 1 - building 161 - 42.007265, 21.573918",161,42.007265,21.573918,0,L,855.6,flat,1,7.9,2.9,2.7,ms,,,garage,flat,3.2
"stage 1 - building 162 - 42.006305, 21.576847",162,42.006305,21.576847,0,L,692.2,house,1,11.0,7.4,3.3,ms,,,house,gable,7.0
"stage 1 - building 163 - 42.007633, 21.573260",163,42.007633,21.573260,0,L,914.4,flat,1,7.6,3.3,2.7,ms,,,garage,flat,3.2
"stage 1 - building 164 - 42.006614, 21.576339",164,42.006614,21.576339,0,L,731.8,flat,1,54.7,13.5,7.0,ms,,,industrial,flat,8.5
"stage 1 - building 165 - 42.007701, 21.573980",165,42.007701,21.573980,0,L,898.9,flat,1,91.4,82.5,9.0,ms,,,commercial,flat,7.0
"stage 1 - building 166 - 42.006904, 21.576365",166,42.006904,21.576365,0,L,763.3,flat,1,84.8,14.4,7.0,ms,,,industrial,flat,8.5
"stage 1 - building 167 - 42.007133, 21.576541",167,42.007133,21.576541,0,L,786.5,flat,1,83.1,14.3,7.0,ms,,,industrial,flat,8.5
"stage 1 - building 168 - 42.007476, 21.576571",168,42.007476,21.576571,0,L,824.0,flat,1,49.2,13.2,7.0,ms,,,industrial,flat,8.5
"stage 1 - building 169 - 42.008710, 21.573453",169,42.008710,21.573453,0,L,1019.1,flat,1,28.6,8.7,3.4,ms,,,industrial,flat,8.5
"stage 1 - building 170 - 42.008955, 21.572953",170,42.008955,21.572953,0,L,1059.6,house,2,10.0,6.4,6.2,ms,,,house,gable,7.0
"stage 1 - building 171 - 42.009365, 21.573459",171,42.009365,21.573459,0,L,1087.5,flat,1,22.6,13.7,7.0,ms,,,industrial,flat,8.5
"stage 1 - building 172 - 42.008972, 21.575093",172,42.008972,21.575093,0,L,1008.5,house,1,9.4,5.2,3.3,ms,,,house,gable,7.0
"stage 1 - building 173 - 42.008830, 21.575515",173,42.008830,21.575515,0,L,986.0,flat,1,6.5,4.2,2.7,ms,,,garage,flat,3.2
"stage 1 - building 174 - 42.009692, 21.574083",174,42.009692,21.574083,0,L,1106.7,flat,1,4.4,2.9,2.7,ms,,,garage,flat,3.2
"stage 1 - building 175 - 41.997981, 21.576469",175,41.997981,21.576469,2,R,258.6,house,1,16.7,13.1,3.3,ms,,,row,flat,9.5
"stage 1 - building 176 - 41.996922, 21.575822",176,41.996922,21.575822,2,R,387.8,flat,1,5.1,3.8,2.7,ms,,,garage,flat,3.2
"stage 1 - building 177 - 41.998273, 21.576683",177,41.998273,21.576683,3,R,221.8,house,1,7.1,6.3,3.3,ms,,,garage,flat,3.2
"stage 1 - building 178 - 41.997863, 21.576426",178,41.997863,21.576426,3,R,272.1,house,2,13.8,11.1,6.2,ms,,,row,flat,9.5
"stage 1 - building 179 - 41.996814, 21.575841",179,41.996814,21.575841,3,R,398.2,house,2,10.4,6.0,6.2,ms,,,row,flat,9.5
"stage 1 - building 180 - 41.997648, 21.576356",180,41.997648,21.576356,4,R,296.3,house,2,18.2,10.2,6.2,ms,,,house,gable,7.0
"stage 1 - building 181 - 41.997258, 21.576151",181,41.997258,21.576151,4,R,342.7,flat,1,5.3,4.2,2.7,ms,,,garage,flat,3.2
"stage 1 - building 182 - 41.996882, 21.575949",182,41.996882,21.575949,4,R,387.7,house,1,13.1,10.4,3.3,ms,,,row,flat,9.5
"stage 1 - building 183 - 41.996590, 21.575750",183,41.996590,21.575750,4,R,424.0,house,1,8.7,5.4,3.3,ms,,,house,gable,7.0
"stage 1 - building 184 - 41.998765, 21.577061",184,41.998765,21.577061,5,R,159.2,house,1,10.0,7.8,3.3,ms,,,house,gable,7.0
"stage 1 - building 185 - 41.997504, 21.576327",185,41.997504,21.576327,5,R,311.9,house,1,9.3,4.0,3.3,ms,,,garage,flat,3.2
"stage 1 - building 186 - 41.997205, 21.576325",186,41.997205,21.576325,6,R,342.7,house,2,13.9,11.7,6.2,ms,,,house,gable,7.0
"stage 1 - building 187 - 41.999400, 21.577480",187,41.999400,21.577480,7,R,80.8,house,1,6.2,4.9,3.3,ms,,,garage,flat,3.2
"stage 1 - building 188 - 41.998800, 21.577213",188,41.998800,21.577213,7,R,151.0,house,1,15.8,12.8,3.3,ms,,,house,gable,7.0
"stage 1 - building 189 - 41.998564, 21.577088",189,41.998564,21.577088,7,R,179.2,house,1,9.6,5.9,3.3,ms,,,house,gable,7.0
"stage 1 - building 190 - 41.998138, 21.576864",190,41.998138,21.576864,7,R,230.0,flat,1,8.8,2.6,2.7,ms,,,garage,flat,3.2
"stage 1 - building 191 - 41.998079, 21.576861",191,41.998079,21.576861,7,R,236.2,flat,1,6.8,4.4,2.7,ms,,,garage,flat,3.2
"stage 1 - building 192 - 41.997831, 21.576679",192,41.997831,21.576679,7,R,267.4,house,2,10.9,10.4,6.2,ms,,,house,gable,7.0
"stage 1 - building 193 - 41.997419, 21.576492",193,41.997419,21.576492,7,R,315.6,house,1,7.5,5.6,3.3,ms,,,garage,flat,3.2
"stage 1 - building 194 - 41.997340, 21.576455",194,41.997340,21.576455,7,R,324.9,house,1,22.6,9.3,3.3,ms,,,house,gable,7.0
"stage 1 - building 195 - 41.996702, 21.576165",195,41.996702,21.576165,7,R,399.7,house,1,12.2,4.4,3.3,ms,,,house,gable,7.0
"stage 1 - building 196 - 41.998664, 21.577167",196,41.998664,21.577167,8,R,166.6,house,1,10.4,4.8,3.3,ms,,,house,gable,7.0
"stage 1 - building 197 - 41.997203, 21.576510",197,41.997203,21.576510,8,R,337.8,house,2,13.7,13.3,6.2,ms,,,house,gable,7.0
"stage 1 - building 198 - 41.996902, 21.576421",198,41.996902,21.576421,8,R,371.8,house,2,13.1,9.8,6.2,ms,,,house,gable,7.0
"stage 1 - building 199 - 41.996747, 21.576286",199,41.996747,21.576286,8,R,391.7,house,2,12.3,8.4,6.2,ms,,,house,gable,7.0
"stage 1 - building 200 - 41.999051, 21.577464",200,41.999051,21.577464,9,R,118.3,house,1,18.3,15.1,3.3,osm,1096823779,yes,house,gable,7.0
"stage 1 - building 201 - 41.998881, 21.577379",201,41.998881,21.577379,9,R,138.3,house,1,7.3,5.8,3.3,ms,,,garage,flat,3.2
"stage 1 - building 202 - 41.998631, 21.577255",202,41.998631,21.577255,9,R,167.8,flat,1,6.2,4.3,2.7,ms,,,garage,flat,3.2
"stage 1 - building 203 - 41.998067, 21.577105",203,41.998067,21.577105,9,R,231.5,house,2,9.2,6.9,6.2,ms,,,house,gable,7.0
"stage 1 - building 204 - 41.997989, 21.577038",204,41.997989,21.577038,9,R,241.3,house,1,8.8,4.5,3.3,ms,,,garage,flat,3.2
"stage 1 - building 205 - 41.996961, 21.576594",205,41.996961,21.576594,9,R,361.3,flat,1,6.4,3.8,2.7,ms,,,garage,flat,3.2
"stage 1 - building 206 - 41.996915, 21.576605",206,41.996915,21.576605,9,R,365.9,house,1,8.9,4.9,3.3,ms,,,garage,flat,3.2
"stage 1 - building 207 - 41.996853, 21.576591",207,41.996853,21.576591,9,R,372.8,house,1,11.4,8.3,3.3,ms,,,row,flat,9.5
"stage 1 - building 208 - 41.996718, 21.576510",208,41.996718,21.576510,9,R,389.1,house,1,10.8,8.8,3.3,ms,,,house,gable,7.0
"stage 1 - building 209 - 41.996617, 21.576443",209,41.996617,21.576443,9,R,401.5,house,1,9.3,4.0,3.3,ms,,,garage,flat,3.2
"stage 1 - building 210 - 41.999372, 21.577628",210,41.999372,21.577628,10,R,80.3,house,1,6.4,5.3,3.3,ms,,,garage,flat,3.2
"stage 1 - building 211 - 41.998882, 21.577480",211,41.998882,21.577480,10,R,136.1,flat,1,7.7,2.9,2.7,ms,,,garage,flat,3.2
"stage 1 - building 212 - 41.998794, 21.577440",212,41.998794,21.577440,10,R,146.4,flat,1,4.2,3.1,2.7,ms,,,garage,flat,3.2
"stage 1 - building 213 - 41.998132, 21.577178",213,41.998132,21.577178,10,R,222.9,flat,1,22.3,13.9,7.0,ms,,,house,gable,7.0
"stage 1 - building 214 - 41.997962, 21.577178",214,41.997962,21.577178,10,R,241.3,house,1,12.6,4.8,3.3,ms,,,house,gable,7.0
"stage 1 - building 215 - 41.997792, 21.577053",215,41.997792,21.577053,10,R,262.1,house,2,13.9,11.0,6.2,ms,,,house,gable,7.0
"stage 1 - building 216 - 41.997176, 21.576915",216,41.997176,21.576915,10,R,331.3,house,2,18.0,15.4,6.2,osm,1096822018,yes,house,gable,7.0
"stage 1 - building 217 - 41.996876, 21.576852",217,41.996876,21.576852,10,R,364.9,house,2,14.9,12.0,6.2,ms,,,house,gable,7.0
"stage 1 - building 218 - 41.996786, 21.576790",218,41.996786,21.576790,10,R,375.9,flat,1,5.0,4.0,2.7,ms,,,garage,flat,3.2
"stage 1 - building 219 - 41.996715, 21.576778",219,41.996715,21.576778,10,R,383.7,house,1,8.6,5.9,3.3,ms,,,house,gable,7.0
"stage 1 - building 220 - 41.998821, 21.577502",220,41.998821,21.577502,11,R,142.3,flat,1,4.2,3.2,2.7,ms,,,garage,flat,3.2
"stage 1 - building 221 - 41.998667, 21.577465",221,41.998667,21.577465,11,R,159.7,house,2,18.5,8.2,6.2,osm,1096823776,yes,house,gable,7.0
"stage 1 - building 222 - 41.998205, 21.577346",222,41.998205,21.577346,11,R,211.9,flat,1,5.5,2.8,2.7,ms,,,garage,flat,3.2
"stage 1 - building 223 - 41.997940, 21.577267",223,41.997940,21.577267,11,R,242.1,flat,1,7.3,3.8,2.7,ms,,,garage,flat,3.2
"stage 1 - building 224 - 41.997442, 21.577136",224,41.997442,21.577136,11,R,298.4,house,2,10.4,8.9,6.2,ms,,,house,gable,7.0
"stage 1 - building 225 - 41.996401, 21.576721",225,41.996401,21.576721,11,R,418.8,house,1,17.5,6.6,3.3,ms,,,house,gable,7.0
"stage 1 - building 226 - 41.999111, 21.577677",226,41.999111,21.577677,12,R,108.0,house,1,9.3,8.0,3.3,ms,,,house,gable,7.0
"stage 1 - building 227 - 41.998891, 21.577623",227,41.998891,21.577623,12,R,132.8,house,2,12.4,10.1,6.2,osm,1096823777,yes,house,gable,7.0
"stage 1 - building 228 - 41.998009, 21.577407",228,41.998009,21.577407,12,R,232.4,house,1,14.4,10.6,3.3,ms,,,house,gable,7.0
"stage 1 - building 229 - 41.997739, 21.577286",229,41.997739,21.577286,12,R,263.7,house,2,12.7,10.6,6.2,ms,,,house,gable,7.0
"stage 1 - building 230 - 41.997555, 21.577222",230,41.997555,21.577222,12,R,284.8,house,2,11.0,10.3,6.2,ms,,,house,gable,7.0
"stage 1 - building 231 - 41.997309, 21.577256",231,41.997309,21.577256,12,R,311.1,house,2,11.8,9.1,6.2,ms,,,house,gable,7.0
"stage 1 - building 232 - 41.997135, 21.577223",232,41.997135,21.577223,12,R,330.6,house,1,10.3,6.9,3.3,ms,,,house,gable,7.0
"stage 1 - building 233 - 41.996897, 21.577215",233,41.996897,21.577215,12,R,356.8,flat,1,5.6,5.0,2.7,ms,,,garage,flat,3.2
"stage 1 - building 234 - 41.996853, 21.577078",234,41.996853,21.577078,12,R,363.5,house,1,13.5,11.1,3.3,ms,,,house,gable,7.0
"stage 1 - building 235 - 41.996639, 21.577142",235,41.996639,21.577142,12,R,386.2,flat,1,7.3,2.7,2.7,ms,,,garage,flat,3.2
"stage 1 - building 236 - 41.996613, 21.577064",236,41.996613,21.577064,12,R,390.1,house,1,8.7,5.3,3.3,ms,,,house,gable,7.0
"stage 1 - building 237 - 41.996618, 21.576986",237,41.996618,21.576986,12,R,390.6,flat,1,4.7,4.0,2.7,ms,,,garage,flat,3.2
"stage 1 - building 238 - 41.997253, 21.577447",238,41.997253,21.577447,13,R,315.1,house,2,16.7,7.5,6.2,ms,,,house,gable,7.0
"stage 1 - building 239 - 41.997086, 21.577379",239,41.997086,21.577379,13,R,334.2,flat,1,4.0,4.0,2.7,ms,,,garage,flat,3.2
"stage 1 - building 240 - 41.996780, 21.577224",240,41.996780,21.577224,13,R,369.6,house,2,10.9,10.6,6.2,ms,,,house,gable,7.0
"stage 1 - building 241 - 41.998964, 21.577742",241,41.998964,21.577742,14,R,123.5,flat,1,5.9,4.4,2.7,ms,,,garage,flat,3.2
"stage 1 - building 242 - 41.997714, 21.577637",242,41.997714,21.577637,14,R,262.5,house,2,11.7,11.3,6.2,ms,,,house,gable,7.0
"stage 1 - building 243 - 41.997580, 21.577569",243,41.997580,21.577569,14,R,277.9,house,2,9.3,7.5,6.2,ms,,,row,flat,9.5
"stage 1 - building 244 - 41.997490, 21.577607",244,41.997490,21.577607,14,R,287.5,house,1,10.9,7.9,3.3,ms,,,house,gable,7.0
"stage 1 - building 245 - 41.997090, 21.577560",245,41.997090,21.577560,14,R,332.2,house,1,11.7,8.3,3.3,ms,,,house,gable,7.0
"stage 1 - building 246 - 41.996798, 21.577447",246,41.996798,21.577447,14,R,365.3,house,2,12.0,11.1,6.2,ms,,,house,gable,7.0
"stage 1 - building 247 - 41.996629, 21.577498",247,41.996629,21.577498,14,R,383.6,house,1,8.4,4.7,3.3,ms,,,garage,flat,3.2
"stage 1 - building 248 - 41.996546, 21.577355",248,41.996546,21.577355,14,R,394.0,house,2,14.0,5.5,6.2,ms,,,house,gable,7.0
"stage 1 - building 249 - 41.999025, 21.577796",249,41.999025,21.577796,15,R,116.4,house,2,10.7,10.3,6.2,osm,1096823780,yes,row,flat,9.5
"stage 1 - building 250 - 41.998218, 21.577712",250,41.998218,21.577712,15,R,206.3,house,1,7.5,4.8,3.3,ms,,,garage,flat,3.2
"stage 1 - building 251 - 41.997950, 21.577681",251,41.997950,21.577681,15,R,236.2,house,1,11.4,10.8,3.3,ms,,,house,gable,7.0
"stage 1 - building 252 - 41.997556, 21.577699",252,41.997556,21.577699,15,R,279.7,house,1,11.1,4.7,3.3,ms,,,house,gable,7.0
"stage 1 - building 253 - 41.997368, 21.577659",253,41.997368,21.577659,15,R,300.8,house,2,12.5,11.8,6.2,ms,,,house,gable,7.0
"stage 1 - building 254 - 41.997238, 21.577603",254,41.997238,21.577603,15,R,315.4,house,1,13.7,13.0,3.3,ms,,,house,gable,7.0
"stage 1 - building 255 - 41.996788, 21.577648",255,41.996788,21.577648,15,R,365.1,house,1,15.5,9.8,3.3,ms,,,house,gable,7.0
"stage 1 - building 256 - 41.996560, 21.577586",256,41.996560,21.577586,15,R,390.7,house,2,12.3,5.0,6.2,ms,,,house,gable,7.0
"stage 1 - building 257 - 41.998854, 21.577880",257,41.998854,21.577880,16,R,135.0,house,1,11.7,10.4,3.3,osm,1096823778,yes,house,gable,7.0
"stage 1 - building 258 - 41.997740, 21.577795",258,41.997740,21.577795,16,R,258.9,house,2,9.6,9.2,6.2,ms,,,house,gable,7.0
"stage 1 - building 259 - 41.997632, 21.577785",259,41.997632,21.577785,16,R,270.9,house,1,11.2,4.7,3.3,ms,,,house,gable,7.0
"stage 1 - building 260 - 41.999355, 21.577924",260,41.999355,21.577924,17,R,79.3,house,1,7.5,6.2,3.3,ms,,,house,gable,7.0
"stage 1 - building 261 - 41.999200, 21.577933",261,41.999200,21.577933,17,R,96.5,house,1,12.7,10.1,3.3,osm,1096823783,yes,house,gable,7.0
"stage 1 - building 262 - 41.999077, 21.577925",262,41.999077,21.577925,17,R,110.1,flat,1,5.7,4.0,2.7,ms,,,garage,flat,3.2
"stage 1 - building 263 - 41.998157, 21.577919",263,41.998157,21.577919,17,R,212.3,flat,1,7.1,4.0,2.7,ms,,,garage,flat,3.2
"stage 1 - building 264 - 41.998098, 21.577909",264,41.998098,21.577909,17,R,218.9,house,1,7.7,4.3,3.3,ms,,,garage,flat,3.2
"stage 1 - building 265 - 41.997970, 21.577904",265,41.997970,21.577904,17,R,233.1,flat,1,5.3,3.9,2.7,ms,,,garage,flat,3.2
"stage 1 - building 266 - 41.997888, 21.577862",266,41.997888,21.577862,17,R,242.3,house,1,9.4,4.8,3.3,ms,,,garage,flat,3.2
"stage 1 - building 267 - 41.997734, 21.577936",267,41.997734,21.577936,17,R,259.3,flat,1,6.4,3.8,2.7,ms,,,garage,flat,3.2
"stage 1 - building 268 - 41.997411, 21.577942",268,41.997411,21.577942,17,R,295.2,house,2,11.3,10.6,6.2,ms,,,house,gable,7.0
"stage 1 - building 269 - 41.996387, 21.577900",269,41.996387,21.577900,17,R,409.0,house,1,9.0,5.8,3.3,ms,,,house,gable,7.0
"stage 1 - building 270 - 41.997907, 21.578014",270,41.997907,21.578014,18,R,240.1,house,1,11.3,11.2,3.3,ms,,,house,gable,7.0
"stage 1 - building 271 - 41.996707, 21.577949",271,41.996707,21.577949,18,R,373.4,flat,1,27.9,14.8,7.0,osm,670264916,residential,house,gable,7.0
"stage 1 - building 272 - 41.996467, 21.578028",272,41.996467,21.578028,18,R,400.1,house,1,5.9,5.6,3.3,ms,,,garage,flat,3.2
"stage 1 - building 273 - 41.996418, 21.577997",273,41.996418,21.577997,18,R,405.6,flat,1,4.1,3.2,2.7,ms,,,garage,flat,3.2
"stage 1 - building 274 - 41.999035, 21.578026",274,41.999035,21.578026,19,R,115.0,house,1,11.2,9.0,3.3,osm,1096823782,yes,house,gable,7.0
"stage 1 - building 275 - 41.998072, 21.578022",275,41.998072,21.578022,19,R,221.9,house,1,8.3,4.7,3.3,ms,,,garage,flat,3.2
"stage 1 - building 276 - 41.997676, 21.578053",276,41.997676,21.578053,19,R,265.9,flat,1,9.8,2.9,2.7,ms,,,garage,flat,3.2
"stage 1 - building 277 - 41.997612, 21.578041",277,41.997612,21.578041,19,R,273.0,house,2,10.8,10.3,6.2,ms,,,house,gable,7.0
"stage 1 - building 278 - 41.996520, 21.578089",278,41.996520,21.578089,19,R,394.3,house,1,13.2,7.2,3.3,ms,,,row,flat,9.5
"stage 1 - building 279 - 41.998024, 21.578152",279,41.998024,21.578152,20,R,227.7,house,2,9.7,9.0,6.2,ms,,,house,gable,7.0
"stage 1 - building 280 - 41.997787, 21.578132",280,41.997787,21.578132,20,R,253.8,house,1,13.5,11.6,3.3,ms,,,house,gable,7.0
"stage 1 - building 281 - 41.997001, 21.578258",281,41.997001,21.578258,20,R,341.6,house,2,13.4,13.2,6.2,ms,,,house,gable,7.0
"stage 1 - building 282 - 41.997909, 21.578193",282,41.997909,21.578193,21,R,240.6,house,2,11.7,9.8,6.2,ms,,,house,gable,7.0
"stage 1 - building 283 - 41.997144, 21.578314",283,41.997144,21.578314,21,R,326.1,house,2,14.2,11.5,6.2,ms,,,house,gable,7.0
"stage 1 - building 284 - 41.996690, 21.578310",284,41.996690,21.578310,21,R,376.4,house,2,22.3,11.9,6.2,ms,,,house,gable,7.0
"stage 1 - building 285 - 41.996478, 21.578458",285,41.996478,21.578458,22,R,400.9,house,1,8.4,7.7,3.3,ms,,,house,gable,7.0
"stage 1 - building 286 - 41.996383, 21.578449",286,41.996383,21.578449,22,R,411.4,flat,1,7.1,3.2,2.7,ms,,,garage,flat,3.2
"stage 1 - building 287 - 41.998885, 21.578166",287,41.998885,21.578166,23,R,132.5,flat,1,5.1,3.1,2.7,ms,,,garage,flat,3.2
"stage 1 - building 288 - 41.998161, 21.578313",288,41.998161,21.578313,23,R,213.7,flat,1,6.7,3.4,2.7,ms,,,garage,flat,3.2
"stage 1 - building 289 - 41.998067, 21.578289",289,41.998067,21.578289,23,R,223.9,house,1,8.2,5.0,3.3,ms,,,garage,flat,3.2
"stage 1 - building 290 - 41.999285, 21.578136",290,41.999285,21.578136,24,R,88.1,flat,1,4.2,4.2,2.7,ms,,,garage,flat,3.2
"stage 1 - building 291 - 41.996678, 21.578573",291,41.996678,21.578573,24,R,379.9,house,1,8.0,6.4,3.3,ms,,,house,gable,7.0
"stage 1 - building 292 - 41.999020, 21.578238",292,41.999020,21.578238,25,R,118.4,house,2,10.0,9.7,6.2,osm,1096823781,yes,house,gable,7.0
"stage 1 - building 293 - 41.998828, 21.578264",293,41.998828,21.578264,25,R,139.8,house,2,12.2,9.8,6.2,osm,1096823775,yes,house,gable,7.0
"stage 1 - building 294 - 41.998936, 21.578280",294,41.998936,21.578280,26,R,128.1,house,1,7.1,4.6,3.3,ms,,,garage,flat,3.2
"stage 1 - building 295 - 41.996900, 21.578747",295,41.996900,21.578747,27,R,357.5,house,1,7.7,5.9,3.3,ms,,,house,gable,7.0
"stage 1 - building 296 - 41.996572, 21.578798",296,41.996572,21.578798,27,R,394.1,house,2,11.6,10.8,6.2,ms,,,house,gable,7.0
"stage 1 - building 297 - 41.996437, 21.578827",297,41.996437,21.578827,27,R,409.3,flat,1,6.6,3.8,2.7,ms,,,garage,flat,3.2
"stage 1 - building 298 - 41.997843, 21.578576",298,41.997843,21.578576,28,R,251.9,house,2,11.5,9.9,6.2,ms,,,house,gable,7.0
"stage 1 - building 299 - 41.997062, 21.578789",299,41.997062,21.578789,28,R,340.4,house,2,12.8,10.7,6.2,ms,,,house,gable,7.0
"stage 1 - building 300 - 41.999124, 21.578309",300,41.999124,21.578309,29,R,107.9,house,2,10.7,10.4,6.2,osm,1096823784,yes,house,gable,7.0
"stage 1 - building 301 - 41.997216, 21.578773",301,41.997216,21.578773,29,R,323.3,house,1,10.6,5.0,3.3,ms,,,house,gable,7.0
"stage 1 - building 302 - 41.996515, 21.578981",302,41.996515,21.578981,29,R,403.0,house,2,13.8,11.5,6.2,ms,,,house,gable,7.0
"stage 1 - building 303 - 41.998770, 21.578428",303,41.998770,21.578428,30,R,148.4,flat,1,6.0,3.9,2.7,ms,,,garage,flat,3.2
"stage 1 - building 304 - 41.998019, 21.578621",304,41.998019,21.578621,30,R,233.4,house,2,13.0,11.6,6.2,ms,,,house,gable,7.0
"stage 1 - building 305 - 41.997313, 21.578862",305,41.997313,21.578862,31,R,314.2,house,1,8.5,5.0,3.3,ms,,,garage,flat,3.2
"stage 1 - building 306 - 41.996898, 21.578974",306,41.996898,21.578974,31,R,361.2,house,1,13.6,11.2,3.3,ms,,,house,gable,7.0
"stage 1 - building 307 - 41.997064, 21.579007",307,41.997064,21.579007,34,R,343.6,house,2,11.1,9.8,6.2,ms,,,house,gable,7.0
"stage 1 - building 308 - 41.998192, 21.578705",308,41.998192,21.578705,35,R,215.9,house,1,6.4,6.3,3.3,ms,,,garage,flat,3.2
"stage 1 - building 309 - 41.996463, 21.579233",309,41.996463,21.579233,36,R,412.9,house,1,16.3,13.9,3.3,ms,,,house,gable,7.0
"stage 1 - building 310 - 41.998563, 21.578673",310,41.998563,21.578673,41,R,175.1,flat,1,7.1,2.0,2.7,ms,,,garage,flat,3.2
"stage 1 - building 311 - 41.997573, 21.578984",311,41.997573,21.578984,42,R,288.0,house,1,14.2,12.2,3.3,ms,,,house,gable,7.0
"stage 1 - building 312 - 41.998914, 21.578596",312,41.998914,21.578596,43,R,135.7,house,1,11.5,8.5,3.3,osm,1096823786,yes,house,gable,7.0
"stage 1 - building 313 - 41.996870, 21.579233",313,41.996870,21.579233,45,R,368.8,flat,1,20.8,17.6,7.0,ms,,,house,gable,7.0
"stage 1 - building 314 - 41.998149, 21.578867",314,41.998149,21.578867,46,R,223.5,flat,1,8.5,3.2,2.7,ms,,,garage,flat,3.2
"stage 1 - building 315 - 41.998998, 21.578646",315,41.998998,21.578646,49,R,127.5,house,2,10.2,8.6,6.2,osm,1096823787,yes,row,flat,9.5
"stage 1 - building 316 - 41.998522, 21.578803",316,41.998522,21.578803,50,R,181.9,house,1,10.9,4.9,3.3,ms,,,house,gable,7.0
"stage 1 - building 317 - 41.999179, 21.578614",317,41.999179,21.578614,51,R,107.3,house,1,12.8,4.4,3.3,ms,,,house,gable,7.0
"stage 1 - building 318 - 41.996979, 21.579303",318,41.996979,21.579303,53,R,358.2,house,1,9.2,8.5,3.3,ms,,,house,gable,7.0
"stage 1 - building 319 - 41.998809, 21.578811",319,41.998809,21.578811,58,R,151.0,house,2,11.1,9.1,6.2,osm,1096823788,yes,house,gable,7.0
"stage 1 - building 320 - 41.997889, 21.579084",320,41.997889,21.579084,58,R,255.6,house,2,14.3,13.1,6.2,ms,,,house,gable,7.0
"stage 1 - building 321 - 41.997151, 21.579304",321,41.997151,21.579304,58,R,339.6,house,2,17.5,13.0,6.2,ms,,,house,gable,7.0
"stage 1 - building 322 - 41.997266, 21.579304",322,41.997266,21.579304,60,R,327.2,flat,1,6.9,4.0,2.7,ms,,,garage,flat,3.2
"stage 1 - building 323 - 41.996833, 21.579454",323,41.996833,21.579454,62,R,376.7,flat,1,33.2,11.2,7.0,ms,,,house,gable,7.0
"stage 1 - building 324 - 41.998867, 21.578895",324,41.998867,21.578895,66,R,146.1,flat,1,3.9,3.7,2.7,ms,,,garage,flat,3.2
"stage 1 - building 325 - 41.998522, 21.578991",325,41.998522,21.578991,66,R,185.3,house,1,7.0,5.6,3.3,ms,,,garage,flat,3.2
"stage 1 - building 326 - 41.997681, 21.579251",326,41.997681,21.579251,66,R,281.2,house,2,14.0,13.0,6.2,ms,,,house,gable,7.0
"stage 1 - building 327 - 42.001379, 21.578159",327,42.001379,21.578159,67,L,139.4,flat,1,41.6,37.7,9.0,osm,447905025,industrial,industrial,flat,8.5
"stage 1 - building 328 - 41.996382, 21.579654",328,41.996382,21.579654,68,R,429.3,flat,1,34.5,14.8,7.0,ms,,,house,gable,7.0
"stage 1 - building 329 - 41.998975, 21.578891",329,41.998975,21.578891,69,R,134.4,house,1,12.6,11.5,3.3,osm,1096823785,yes,house,gable,7.0
"stage 1 - building 330 - 42.000484, 21.578500",330,42.000484,21.578500,73,L,36.2,flat,1,61.8,10.4,7.0,ms,,,commercial,flat,7.0
"stage 1 - building 331 - 42.000237, 21.578601",331,42.000237,21.578601,75,L,7.7,flat,1,7.2,2.0,2.7,ms,,,garage,flat,3.2
"stage 1 - building 332 - 42.001729, 21.578217",332,42.001729,21.578217,77,L,176.4,flat,1,6.5,2.6,2.7,ms,,,garage,flat,3.2
"stage 1 - building 333 - 42.000783, 21.578503",333,42.000783,21.578503,79,L,68.7,house,2,16.5,8.8,6.2,ms,,,house,gable,7.0
"stage 1 - building 334 - 41.998503, 21.579105",334,41.998503,21.579105,79,R,189.3,house,1,9.6,5.5,3.3,ms,,,house,gable,7.0
"stage 1 - building 335 - 41.998106, 21.579229",335,41.998106,21.579229,80,R,234.6,flat,1,6.4,3.5,2.7,ms,,,garage,flat,3.2
"stage 1 - building 336 - 41.997736, 21.579325",336,41.997736,21.579325,80,R,276.4,flat,1,4.6,3.7,2.7,ms,,,garage,flat,3.2
"stage 1 - building 337 - 41.999201, 21.578943",337,41.999201,21.578943,81,R,110.7,flat,1,5.9,2.7,2.7,ms,,,garage,flat,3.2
"stage 1 - building 338 - 41.998802, 21.579052",338,41.998802,21.579052,81,R,155.9,house,2,8.6,8.4,6.2,osm,1096823790,yes,house,gable,7.0
"stage 1 - building 339 - 41.997382, 21.579449",339,41.997382,21.579449,83,R,317.1,house,1,12.6,10.7,3.3,ms,,,house,gable,7.0
"stage 1 - building 340 - 41.997057, 21.579528",340,41.997057,21.579528,83,R,353.7,house,2,11.9,9.6,6.2,ms,,,house,gable,7.0
"stage 1 - building 341 - 42.000880, 21.578563",341,42.000880,21.578563,86,L,78.3,flat,1,5.7,2.9,2.7,ms,,,garage,flat,3.2
"stage 1 - building 342 - 42.001214, 21.578489",342,42.001214,21.578489,87,L,115.9,flat,1,40.6,22.2,7.0,osm,447905029,industrial,industrial,flat,8.5
"stage 1 - building 343 - 41.998956, 21.579096",343,41.998956,21.579096,88,R,139.8,house,2,10.6,9.2,6.2,osm,1096823789,yes,house,gable,7.0
"stage 1 - building 344 - 41.997892, 21.579370",344,41.997892,21.579370,88,R,260.2,house,2,11.7,10.4,6.2,ms,,,house,gable,7.0
"stage 1 - building 345 - 41.997551, 21.579458",345,41.997551,21.579458,88,R,298.7,flat,1,4.4,4.1,2.7,ms,,,garage,flat,3.2
"stage 1 - building 346 - 41.999128, 21.579064",346,41.999128,21.579064,89,R,120.5,flat,1,6.5,4.4,2.7,ms,,,garage,flat,3.2
"stage 1 - building 347 - 41.998674, 21.579175",347,41.998674,21.579175,89,R,171.9,house,1,11.7,11.2,3.3,ms,,,house,gable,7.0
"stage 1 - building 348 - 41.998489, 21.579238",348,41.998489,21.579238,90,R,193.0,house,1,7.9,3.8,3.3,ms,,,garage,flat,3.2
"stage 1 - building 349 - 41.997574, 21.579522",349,41.997574,21.579522,93,R,297.3,house,1,8.9,4.5,3.3,ms,,,garage,flat,3.2
"stage 1 - building 350 - 41.997674, 21.579512",350,41.997674,21.579512,95,R,286.2,flat,1,21.7,14.2,7.0,ms,,,house,gable,7.0
"stage 1 - building 351 - 41.999211, 21.579143",351,41.999211,21.579143,97,R,112.8,flat,1,5.0,4.1,2.7,ms,,,garage,flat,3.2
"stage 1 - building 352 - 41.997843, 21.579518",352,41.997843,21.579518,99,R,267.9,house,1,12.2,6.6,3.3,ms,,,house,gable,7.0
"stage 1 - building 353 - 41.998899, 21.579262",353,41.998899,21.579262,100,R,148.7,house,1,27.4,8.6,3.3,ms,,,house,gable,7.0
"stage 1 - building 354 - 42.002730, 21.578252",354,42.002730,21.578252,100,L,285.0,flat,1,37.9,13.5,7.0,osm,177651890,yes,industrial,flat,8.5
"stage 1 - building 355 - 42.001047, 21.578708",355,42.001047,21.578708,101,L,94.3,house,1,9.3,6.3,3.3,ms,,,house,gable,7.0
"stage 1 - building 356 - 41.998624, 21.579345",356,41.998624,21.579345,101,R,180.0,house,2,16.0,9.9,6.2,ms,,,house,gable,7.0
"stage 1 - building 357 - 42.000489, 21.578896",357,42.000489,21.578896,104,L,30.5,house,1,11.9,10.9,3.3,ms,,,house,gable,7.0
"stage 1 - building 358 - 42.000994, 21.578811",358,42.000994,21.578811,108,L,86.9,flat,1,53.1,8.8,7.0,ms,,,industrial,flat,8.5
"stage 1 - building 359 - 42.001536, 21.578753",359,42.001536,21.578753,111,L,147.0,flat,1,50.3,14.7,7.0,osm,447905038,industrial,industrial,flat,8.5
"stage 1 - building 360 - 42.003908, 21.578425",360,42.003908,21.578425,114,L,411.6,flat,1,35.0,33.6,7.0,osm,177651888,industrial,industrial,flat,8.5
"stage 1 - building 361 - 42.004985, 21.578247",361,42.004985,21.578247,115,L,532.1,flat,1,5.2,2.6,2.7,ms,,,garage,flat,3.2
"stage 1 - building 362 - 42.004711, 21.578369",362,42.004711,21.578369,116,L,500.7,flat,1,38.3,30.3,7.0,ms,,,industrial,flat,8.5
"stage 1 - building 363 - 42.005397, 21.578307",363,42.005397,21.578307,117,L,576.9,flat,1,7.3,2.7,2.7,ms,,,garage,flat,3.2
"stage 1 - building 364 - 42.000781, 21.579073",364,42.000781,21.579073,119,L,60.4,flat,1,37.0,30.9,7.0,ms,,,industrial,flat,8.5
"stage 1 - building 365 - 42.003553, 21.578702",365,42.003553,21.578702,119,L,369.8,flat,2,18.8,6.8,6.4,ms,,,house,gable,7.0
"stage 1 - building 366 - 42.003864, 21.578784",366,42.003864,21.578784,123,L,403.6,house,2,11.4,5.3,6.2,ms,,,house,gable,7.0
"stage 1 - building 367 - 42.004136, 21.578744",367,42.004136,21.578744,123,L,434.0,house,2,15.9,6.1,6.2,ms,,,house,gable,7.0
"stage 1 - building 368 - 41.998802, 21.579382",368,41.998802,21.579382,127,R,160.8,house,2,10.3,10.0,6.2,ms,,,house,gable,7.0
"stage 1 - building 369 - 41.999185, 21.579359",369,41.999185,21.579359,128,R,118.3,house,1,7.4,4.3,3.3,ms,,,garage,flat,3.2
"stage 1 - building 370 - 41.998478, 21.579458",370,41.998478,21.579458,130,R,197.2,house,1,7.2,4.9,3.3,ms,,,garage,flat,3.2
"stage 1 - building 371 - 41.999727, 21.579344",371,41.999727,21.579344,132,R,58.1,house,1,12.3,4.6,3.3,ms,,,house,gable,7.0
"stage 1 - building 372 - 41.999001, 21.579462",372,41.999001,21.579462,136,R,139.3,house,1,9.0,4.2,3.3,ms,,,garage,flat,3.2
"stage 1 - building 373 - 42.004021, 21.579430",373,42.004021,21.579430,145,L,418.2,flat,1,100.9,42.6,9.0,ms,,,industrial,flat,8.5
"stage 1 - building 374 - 42.000897, 21.579461",374,42.000897,21.579461,146,L,71.2,flat,1,15.9,12.4,3.4,ms,,,industrial,flat,8.5
"stage 1 - building 375 - 42.000029, 21.579540",375,42.000029,21.579540,153,R,25.1,flat,1,31.8,21.7,7.0,osm,447905034,industrial,industrial,flat,8.5
"stage 1 - building 376 - 41.998941, 21.579550",376,41.998941,21.579550,155,R,146.0,house,1,8.3,5.1,3.3,ms,,,garage,flat,3.2
"stage 1 - building 377 - 41.998477, 21.579550",377,41.998477,21.579550,156,R,197.4,flat,1,6.5,3.7,2.7,ms,,,garage,flat,3.2
"stage 1 - building 378 - 42.000880, 21.579651",378,42.000880,21.579651,160,L,69.6,flat,1,5.6,5.3,2.7,ms,,,garage,flat,3.2
"stage 1 - building 379 - 41.998564, 21.579621",379,41.998564,21.579621,162,R,187.7,house,1,8.3,4.3,3.3,ms,,,garage,flat,3.2
"stage 1 - building 380 - 41.999775, 21.579657",380,41.999775,21.579657,163,R,53.2,flat,1,7.7,3.2,2.7,ms,,,garage,flat,3.2
"stage 1 - building 381 - 41.997315, 21.579620",381,41.997315,21.579620,164,R,326.4,house,1,18.2,12.7,3.3,ms,,,house,gable,7.0
"stage 1 - building 382 - 41.998678, 21.579680",382,41.998678,21.579680,166,R,175.0,house,2,10.3,10.0,6.2,osm,1096823792,yes,house,gable,7.0
"stage 1 - building 383 - 41.997435, 21.579668",383,41.997435,21.579668,168,R,313.0,house,1,11.4,10.6,3.3,ms,,,house,gable,7.0
"stage 1 - building 384 - 41.998808, 21.579709",384,41.998808,21.579709,169,R,160.5,house,1,15.2,9.5,3.3,osm,1096823791,yes,house,gable,7.0
"stage 1 - building 385 - 41.997078, 21.579690",385,41.997078,21.579690,170,R,352.7,house,1,12.1,10.7,3.3,ms,,,house,gable,7.0
"stage 1 - building 386 - 41.997855, 21.579713",386,41.997855,21.579713,171,R,266.3,house,1,10.1,6.2,3.3,ms,,,house,gable,7.0
"stage 1 - building 387 - 41.997629, 21.579711",387,41.997629,21.579711,171,R,291.4,house,1,18.0,12.9,3.3,ms,,,house,gable,7.0
"stage 1 - building 388 - 41.996733, 21.579743",388,41.996733,21.579743,175,R,390.8,house,1,9.0,8.7,3.3,ms,,,house,gable,7.0
"stage 1 - building 389 - 41.998694, 21.579797",389,41.998694,21.579797,176,R,173.0,house,1,8.2,6.1,3.3,ms,,,house,gable,7.0
"stage 1 - building 390 - 41.998009, 21.579776",390,41.998009,21.579776,176,R,249.1,house,1,6.7,4.9,3.3,ms,,,garage,flat,3.2
"stage 1 - building 391 - 41.998890, 21.579832",391,41.998890,21.579832,179,R,151.2,house,1,7.2,5.8,3.3,ms,,,garage,flat,3.2
"stage 1 - building 392 - 41.996624, 21.579831",392,41.996624,21.579831,182,R,402.9,flat,1,4.8,2.9,2.7,ms,,,garage,flat,3.2
"stage 1 - building 393 - 41.999581, 21.579932",393,41.999581,21.579932,186,R,74.3,flat,1,5.5,2.8,2.7,ms,,,garage,flat,3.2
"stage 1 - building 394 - 41.997632, 21.579911",394,41.997632,21.579911,187,R,290.9,house,1,12.1,11.2,3.3,ms,,,house,gable,7.0
"stage 1 - building 395 - 41.997119, 21.579932",395,41.997119,21.579932,190,R,347.7,flat,1,5.4,3.9,2.7,ms,,,garage,flat,3.2
"stage 1 - building 396 - 41.997857, 21.579991",396,41.997857,21.579991,194,R,265.8,flat,1,35.8,14.0,7.0,ms,,,house,gable,7.0
"stage 1 - building 397 - 42.000009, 21.580060",397,42.000009,21.580060,196,R,26.7,flat,1,29.9,21.2,7.0,osm,447905024,industrial,industrial,flat,8.5
"stage 1 - building 398 - 41.997312, 21.580007",398,41.997312,21.580007,196,R,326.3,house,2,11.5,8.8,6.2,ms,,,row,flat,9.5
"stage 1 - building 399 - 41.997381, 21.580034",399,41.997381,21.580034,198,R,318.5,house,1,11.2,5.1,3.3,ms,,,row,flat,9.5
"stage 1 - building 400 - 42.000560, 21.580168",400,42.000560,21.580168,204,L,34.6,flat,2,18.3,15.3,6.4,ms,,,industrial,flat,8.5
"stage 1 - building 401 - 41.998718, 21.580182",401,41.998718,21.580182,208,R,169.9,house,2,11.0,9.9,6.2,ms,,,house,gable,7.0
"stage 1 - building 402 - 42.000788, 21.580267",402,42.000788,21.580267,212,L,60.1,house,2,21.4,5.5,6.2,ms,,,house,gable,7.0
"stage 1 - building 403 - 41.997851, 21.580245",403,41.997851,21.580245,213,R,266.1,house,1,37.3,6.0,3.3,ms,,,house,gable,7.0
"stage 1 - building 404 - 41.997869, 21.580334",404,41.997869,21.580334,216,R,264.1,flat,1,4.6,3.4,2.7,ms,,,garage,flat,3.2
"stage 1 - building 405 - 41.997723, 21.580348",405,41.997723,21.580348,217,R,280.4,house,1,15.7,14.2,3.3,ms,,,house,gable,7.0
"stage 1 - building 406 - 41.998000, 21.580391",406,41.998000,21.580391,218,R,249.7,flat,1,6.1,2.9,2.7,ms,,,garage,flat,3.2
"stage 1 - building 407 - 41.997011, 21.580389",407,41.997011,21.580389,218,R,359.5,flat,1,39.5,18.2,7.0,ms,,,commercial,flat,7.0
"stage 1 - building 408 - 41.999993, 21.580353",408,41.999993,21.580353,219,R,28.2,flat,1,35.5,18.2,7.0,osm,447905023,industrial,industrial,flat,8.5
"stage 1 - building 409 - 41.998836, 21.580388",409,41.998836,21.580388,219,R,156.8,house,1,9.0,6.2,3.3,ms,,,house,gable,7.0
"stage 1 - building 410 - 41.998124, 21.580441",410,41.998124,21.580441,220,R,236.0,house,1,7.7,4.0,3.3,ms,,,garage,flat,3.2
"stage 1 - building 411 - 41.997874, 21.580464",411,41.997874,21.580464,220,R,263.8,house,1,14.7,3.7,3.3,ms,,,row,flat,9.5
"stage 1 - building 412 - 41.997247, 21.580516",412,41.997247,21.580516,221,R,333.5,flat,1,47.5,19.9,7.0,osm,1122596184,yes,commercial,flat,7.0
"stage 1 - building 413 - 41.996656, 21.580562",413,41.996656,21.580562,221,R,399.3,house,1,12.1,10.4,3.3,ms,,,row,flat,9.5
"stage 1 - building 414 - 41.997846, 21.580528",414,41.997846,21.580528,222,R,267.0,house,1,11.0,5.1,3.3,ms,,,row,flat,9.5
"stage 1 - building 415 - 41.997688, 21.580535",415,41.997688,21.580535,222,R,284.6,house,2,11.7,10.2,6.2,ms,,,house,gable,7.0
"stage 1 - building 416 - 41.998657, 21.580489",416,41.998657,21.580489,223,R,177.0,flat,1,25.6,15.9,7.0,ms,,,house,gable,7.0
"stage 1 - building 417 - 41.996717, 21.580606",417,41.996717,21.580606,223,R,392.7,flat,1,5.4,4.0,2.7,ms,,,garage,flat,3.2
"stage 1 - building 418 - 41.998932, 21.580530",418,41.998932,21.580530,226,R,146.6,house,2,10.1,6.2,6.2,ms,,,house,gable,7.0
"stage 1 - building 419 - 41.997794, 21.580625",419,41.997794,21.580625,226,R,273.2,house,1,10.1,5.4,3.3,ms,,,house,gable,7.0
"stage 1 - building 420 - 41.996555, 21.580730",420,41.996555,21.580730,227,R,411.2,flat,1,6.0,4.5,2.7,ms,,,garage,flat,3.2
"stage 1 - building 421 - 42.000321, 21.580448",421,42.000321,21.580448,228,L,7.8,flat,1,5.3,5.3,2.7,ms,,,garage,flat,3.2
"stage 1 - building 422 - 41.997884, 21.580657",422,41.997884,21.580657,228,R,263.5,house,2,11.5,11.1,6.2,ms,,,house,gable,7.0
"stage 1 - building 423 - 41.996646, 21.580785",423,41.996646,21.580785,229,R,401.3,house,1,6.7,6.5,3.3,ms,,,garage,flat,3.2
"stage 1 - building 424 - 41.999978, 21.580497",424,41.999978,21.580497,230,R,30.5,flat,1,35.2,20.0,7.0,ms,,,industrial,flat,8.5
"stage 1 - building 425 - 41.997993, 21.580682",425,41.997993,21.580682,230,R,251.5,house,2,11.9,9.1,6.2,ms,,,house,gable,7.0
"stage 1 - building 426 - 41.999007, 21.580610",426,41.999007,21.580610,231,R,138.7,house,1,8.7,3.5,3.3,ms,,,garage,flat,3.2
"stage 1 - building 427 - 41.997601, 21.580766",427,41.997601,21.580766,231,R,295.5,house,1,12.2,11.4,3.3,osm,1122596185,yes,house,gable,7.0
"stage 1 - building 428 - 41.996718, 21.580862",428,41.996718,21.580862,232,R,393.8,house,1,7.0,6.5,3.3,ms,,,house,gable,7.0
"stage 1 - building 429 - 41.996623, 21.580886",429,41.996623,21.580886,232,R,404.5,house,1,9.3,8.9,3.3,ms,,,house,gable,7.0
"stage 1 - building 430 - 41.998413, 21.580722",430,41.998413,21.580722,233,R,205.2,flat,1,4.4,4.2,2.7,ms,,,garage,flat,3.2
"stage 1 - building 431 - 41.999001, 21.580669",431,41.999001,21.580669,234,R,139.8,house,1,7.8,5.5,3.3,ms,,,garage,flat,3.2
"stage 1 - building 432 - 41.998634, 21.580730",432,41.998634,21.580730,235,R,180.9,house,1,18.0,11.8,3.3,ms,,,house,gable,7.0
"stage 1 - building 433 - 41.996968, 21.580934",433,41.996968,21.580934,235,R,366.7,flat,1,5.3,4.7,2.7,ms,,,garage,flat,3.2
"stage 1 - building 434 - 41.997978, 21.580840",434,41.997978,21.580840,236,R,254.3,house,2,10.2,8.2,6.2,ms,,,house,gable,7.0
"stage 1 - building 435 - 41.997389, 21.580926",435,41.997389,21.580926,236,R,320.1,house,2,12.6,11.6,6.2,ms,,,house,gable,7.0
"stage 1 - building 436 - 41.998088, 21.580842",436,41.998088,21.580842,237,R,242.0,house,2,8.2,8.0,6.2,ms,,,house,gable,7.0
"stage 1 - building 437 - 41.996892, 21.581030",437,41.996892,21.581030,238,R,375.8,house,2,12.7,12.1,6.2,ms,,,house,gable,7.0
"stage 1 - building 438 - 41.996587, 21.581072",438,41.996587,21.581072,238,R,409.9,house,1,16.6,14.9,3.3,ms,,,house,gable,7.0
"stage 1 - building 439 - 41.997867, 21.580922",439,41.997867,21.580922,239,R,267.2,house,2,13.2,10.7,6.2,ms,,,house,gable,7.0
"stage 1 - building 440 - 41.996989, 21.581075",440,41.996989,21.581075,241,R,365.5,flat,1,6.8,3.7,2.7,ms,,,garage,flat,3.2
"stage 1 - building 441 - 41.996724, 21.581128",441,41.996724,21.581128,242,R,395.2,house,2,13.0,12.1,6.2,ms,,,house,gable,7.0
"stage 1 - building 442 - 41.999532, 21.580751",442,41.999532,21.580751,244,R,81.8,house,1,13.6,2.8,3.3,ms,,,garage,flat,3.2
"stage 1 - building 443 - 41.998891, 21.580845",443,41.998891,21.580845,244,R,153.4,house,1,17.5,8.6,3.3,ms,,,house,gable,7.0
"stage 1 - building 444 - 41.996373, 21.581211",444,41.996373,21.581211,245,R,434.7,house,1,11.3,10.4,3.3,ms,,,house,gable,7.0
"stage 1 - building 445 - 41.999971, 21.580717",445,41.999971,21.580717,246,R,33.0,flat,1,42.1,17.3,7.0,osm,447905026,industrial,industrial,flat,8.5
"stage 1 - building 446 - 41.997968, 21.581000",446,41.997968,21.581000,246,R,256.7,house,1,11.9,8.9,3.3,ms,,,house,gable,7.0
"stage 1 - building 447 - 41.997567, 21.581064",447,41.997567,21.581064,247,R,301.6,house,2,12.3,10.7,6.2,ms,,,house,gable,7.0
"stage 1 - building 448 - 41.997169, 21.581142",448,41.997169,21.581142,248,R,346.2,house,2,16.0,12.0,6.2,ms,,,house,gable,7.0
"stage 1 - building 449 - 41.996472, 21.581240",449,41.996472,21.581240,248,R,424.0,house,1,10.9,8.1,3.3,ms,,,house,gable,7.0
"stage 1 - building 450 - 41.996910, 21.581204",450,41.996910,21.581204,251,R,375.3,house,1,8.9,4.8,3.3,ms,,,garage,flat,3.2
"stage 1 - building 451 - 41.998582, 21.581010",451,41.998582,21.581010,254,R,189.0,flat,1,26.6,18.2,7.0,ms,,,house,gable,7.0
"stage 1 - building 452 - 41.998090, 21.581102",452,41.998090,21.581102,255,R,244.2,flat,1,5.4,2.7,2.7,ms,,,garage,flat,3.2
"stage 1 - building 453 - 41.997822, 21.581133",453,41.997822,21.581133,255,R,274.0,house,2,19.7,11.2,6.2,ms,,,house,gable,7.0
"stage 1 - building 454 - 41.999526, 21.580901",454,41.999526,21.580901,256,R,83.8,flat,1,9.5,1.9,2.7,ms,,,garage,flat,3.2
"stage 1 - building 455 - 41.998972, 21.580993",455,41.998972,21.580993,257,R,145.8,house,1,6.9,5.7,3.3,ms,,,garage,flat,3.2
"stage 1 - building 456 - 41.997371, 21.581248",456,41.997371,21.581248,257,R,324.9,house,2,12.1,11.8,6.2,ms,,,house,gable,7.0
"stage 1 - building 457 - 41.997277, 21.581255",457,41.997277,21.581255,257,R,335.3,house,1,7.0,6.0,3.3,ms,,,garage,flat,3.2
"stage 1 - building 458 - 41.997951, 21.581167",458,41.997951,21.581167,258,R,260.0,house,1,11.4,10.3,3.3,ms,,,house,gable,7.0
"stage 1 - building 459 - 41.997577, 21.581239",459,41.997577,21.581239,258,R,302.0,house,1,7.5,6.6,3.3,ms,,,house,gable,7.0
"stage 1 - building 460 - 41.996487, 21.581413",460,41.996487,21.581413,258,R,423.9,house,2,11.1,10.7,6.2,ms,,,house,gable,7.0
"stage 1 - building 461 - 41.998858, 21.581054",461,41.998858,21.581054,259,R,158.9,house,1,8.0,4.0,3.3,ms,,,garage,flat,3.2
"stage 1 - building 462 - 41.998093, 21.581168",462,41.998093,21.581168,259,R,244.4,house,1,5.5,5.5,3.3,ms,,,garage,flat,3.2
"stage 1 - building 463 - 41.997487, 21.581290",463,41.997487,21.581290,259,R,312.4,house,1,11.5,4.3,3.3,ms,,,house,gable,7.0
"stage 1 - building 464 - 41.997174, 21.581338",464,41.997174,21.581338,259,R,347.4,house,2,10.2,9.9,6.2,ms,,,house,gable,7.0
"stage 1 - building 465 - 41.996715, 21.581391",465,41.996715,21.581391,259,R,398.5,house,2,15.2,10.4,6.2,ms,,,house,gable,7.0
"stage 1 - building 466 - 41.996589, 21.581458",466,41.996589,21.581458,260,R,413.1,house,1,13.1,8.4,3.3,ms,,,house,gable,7.0
"stage 1 - building 467 - 41.997264, 21.581383",467,41.997264,21.581383,261,R,338.0,house,2,10.3,7.2,6.2,ms,,,house,gable,7.0
"stage 1 - building 468 - 42.000691, 21.580788",468,42.000691,21.580788,262,L,45.9,flat,1,65.9,44.0,9.0,osm,447905028,industrial,industrial,flat,8.5
"stage 1 - building 469 - 41.996448, 21.581584",469,41.996448,21.581584,262,R,430.1,house,1,10.6,8.6,3.3,ms,,,house,gable,7.0
"stage 1 - building 470 - 41.997731, 21.581388",470,41.997731,21.581388,263,R,286.7,house,2,11.8,11.5,6.2,osm,1122596186,yes,house,gable,7.0
"stage 1 - building 471 - 41.997417, 21.581448",471,41.997417,21.581448,263,R,321.9,flat,1,5.8,4.0,2.7,ms,,,garage,flat,3.2
"stage 1 - building 472 - 41.996978, 21.581503",472,41.996978,21.581503,263,R,370.9,house,1,11.3,10.8,3.3,ms,,,house,gable,7.0
"stage 1 - building 473 - 41.998933, 21.581170",473,41.998933,21.581170,264,R,151.9,flat,1,3.8,3.6,2.7,ms,,,garage,flat,3.2
"stage 1 - building 474 - 41.996532, 21.581644",474,41.996532,21.581644,264,R,421.6,house,2,8.6,7.9,6.2,ms,,,house,gable,7.0
"stage 1 - building 475 - 41.997200, 21.581594",475,41.997200,21.581594,266,R,347.6,house,2,12.1,10.9,6.2,ms,,,house,gable,7.0
"stage 1 - building 476 - 41.996936, 21.581640",476,41.996936,21.581640,266,R,377.2,house,1,10.2,5.2,3.3,ms,,,house,gable,7.0
"stage 1 - building 477 - 41.996615, 21.581714",477,41.996615,21.581714,266,R,413.3,house,2,11.4,5.9,6.2,ms,,,row,flat,9.5
"stage 1 - building 478 - 41.996467, 21.581741",478,41.996467,21.581741,266,R,429.9,house,1,14.1,7.6,3.3,ms,,,house,gable,7.0
"stage 1 - building 479 - 41.997968, 21.581455",479,41.997968,21.581455,267,R,261.6,house,1,21.1,13.7,3.3,ms,,,house,gable,7.0
"stage 1 - building 480 - 41.996764, 21.581769",480,41.996764,21.581769,269,R,397.8,flat,1,6.4,3.0,2.7,ms,,,garage,flat,3.2
"stage 1 - building 481 - 41.996817, 21.581783",481,41.996817,21.581783,270,R,392.2,house,1,7.9,5.1,3.3,ms,,,garage,flat,3.2
"stage 1 - building 482 - 41.996617, 21.581831",482,41.996617,21.581831,270,R,414.8,house,1,19.1,10.6,3.3,ms,,,row,flat,9.5
"stage 1 - building 483 - 41.996358, 21.581910",483,41.996358,21.581910,271,R,444.3,house,2,13.2,10.8,6.2,ms,,,house,gable,7.0
"stage 1 - building 484 - 41.997444, 21.581727",484,41.997444,21.581727,277,R,322.8,house,2,12.4,12.2,6.2,osm,1122596187,yes,house,gable,7.0
"stage 1 - building 485 - 41.996891, 21.581854",485,41.996891,21.581854,277,R,385.2,house,1,9.4,6.5,3.3,ms,,,house,gable,7.0
"stage 1 - building 486 - 41.997670, 21.581731",486,41.997670,21.581731,282,R,298.2,house,1,11.3,9.5,3.3,osm,1122596188,yes,house,gable,7.0
"stage 1 - building 487 - 41.997891, 21.581696",487,41.997891,21.581696,283,R,273.4,house,2,11.1,9.1,6.2,ms,,,house,gable,7.0
"stage 1 - building 488 - 41.997073, 21.581892",488,41.997073,21.581892,283,R,365.8,house,2,10.6,10.1,6.2,ms,,,house,gable,7.0
"stage 1 - building 489 - 41.996502, 21.582020",489,41.996502,21.582020,283,R,430.1,house,2,20.7,7.7,6.2,ms,,,house,gable,7.0
"stage 1 - building 490 - 41.999434, 21.581387",490,41.999434,21.581387,288,R,100.2,house,1,11.5,5.2,3.3,ms,,,house,gable,7.0
"stage 1 - building 491 - 41.997177, 21.581965",491,41.997177,21.581965,291,R,355.5,house,1,12.5,11.5,3.3,ms,,,house,gable,7.0
"stage 1 - building 492 - 41.997981, 21.581811",492,41.997981,21.581811,294,R,265.4,house,1,7.7,6.6,3.3,ms,,,house,gable,7.0
"stage 1 - building 493 - 41.996606, 21.582142",493,41.996606,21.582142,295,R,420.5,house,1,10.9,4.5,3.3,ms,,,house,gable,7.0
"stage 1 - building 494 - 41.996457, 21.582204",494,41.996457,21.582204,297,R,437.7,house,1,9.3,4.0,3.3,ms,,,garage,flat,3.2
"stage 1 - building 495 - 41.999782, 21.581436",495,41.999782,21.581436,299,R,62.9,flat,1,14.2,13.5,3.4,ms,,,industrial,flat,8.5
"stage 1 - building 496 - 41.999962, 21.581402",496,41.999962,21.581402,300,R,42.7,flat,1,20.8,14.0,3.4,osm,447905032,industrial,industrial,flat,8.5
"stage 1 - building 497 - 41.997665, 21.581952",497,41.997665,21.581952,301,R,301.9,house,2,14.1,12.5,6.2,ms,,,house,gable,7.0
"stage 1 - building 498 - 42.000519, 21.581385",498,42.000519,21.581385,309,L,18.5,house,2,14.2,14.0,6.2,ms,,,house,gable,7.0
"stage 1 - building 499 - 42.000734, 21.581405",499,42.000734,21.581405,313,L,42.0,house,1,9.2,5.2,3.3,ms,,,house,gable,7.0
"stage 1 - building 500 - 41.997400, 21.582058",500,41.997400,21.582058,317,R,332.3,house,2,14.1,9.6,6.2,ms,,,house,gable,7.0
"stage 1 - building 501 - 42.000253, 21.581572",501,42.000253,21.581572,320,R,12.8,house,1,9.3,4.2,3.3,ms,,,garage,flat,3.2
"stage 1 - building 502 - 41.997864, 21.582020",502,41.997864,21.582020,321,R,280.8,house,2,15.7,10.9,6.2,ms,,,house,gable,7.0
"stage 1 - building 503 - 41.996687, 21.582261",503,41.996687,21.582261,323,R,413.1,house,1,15.3,12.3,3.3,ms,,,house,gable,7.0
"stage 1 - building 504 - 41.997580, 21.582120",504,41.997580,21.582120,325,R,313.2,house,1,11.1,10.9,3.3,ms,,,house,gable,7.0
"stage 1 - building 505 - 41.997961, 21.582070",505,41.997961,21.582070,326,R,270.7,house,2,8.0,7.9,6.2,ms,,,house,gable,7.0
"stage 1 - building 506 - 42.000583, 21.581619",506,42.000583,21.581619,329,L,23.0,flat,1,31.4,12.4,7.0,ms,,,house,gable,7.0
"stage 1 - building 507 - 41.998794, 21.582067",507,41.998794,21.582067,339,R,179.0,house,1,10.2,3.5,3.3,ms,,,garage,flat,3.2
"stage 1 - building 508 - 41.997576, 21.582297",508,41.997576,21.582297,339,R,315.6,house,1,8.4,4.2,3.3,ms,,,garage,flat,3.2
"stage 1 - building 509 - 41.997832, 21.582267",509,41.997832,21.582267,340,R,287.1,flat,1,5.0,3.4,2.7,ms,,,garage,flat,3.2
"stage 1 - building 510 - 41.999880, 21.581908",510,41.999880,21.581908,342,R,57.7,flat,1,41.8,21.7,7.0,osm,447905030,industrial,industrial,flat,8.5
"stage 1 - building 511 - 41.998021, 21.582253",511,41.998021,21.582253,342,R,266.1,house,2,12.3,6.7,6.2,ms,,,row,flat,9.5
"stage 1 - building 512 - 41.997938, 21.582264",512,41.997938,21.582264,342,R,275.4,house,1,15.0,9.3,3.3,ms,,,row,flat,9.5
"stage 1 - building 513 - 41.997625, 21.582404",513,41.997625,21.582404,347,R,311.5,house,1,7.0,4.7,3.3,ms,,,garage,flat,3.2
"stage 1 - building 514 - 41.996493, 21.582638",514,41.996493,21.582638,348,R,438.7,house,2,10.4,10.2,6.2,osm,670507524,house,house,gable,7.0
"stage 1 - building 515 - 41.996497, 21.582746",515,41.996497,21.582746,356,R,439.4,flat,1,5.4,4.6,2.7,ms,,,garage,flat,3.2
"stage 1 - building 516 - 41.997640, 21.582657",516,41.997640,21.582657,367,R,312.8,house,1,8.8,5.6,3.3,ms,,,house,gable,7.0
"stage 1 - building 517 - 41.997844, 21.582630",517,41.997844,21.582630,368,R,290.0,house,2,9.7,8.7,6.2,ms,,,house,gable,7.0
"stage 1 - building 518 - 41.996437, 21.582919",518,41.996437,21.582919,369,R,448.2,house,2,11.9,9.9,6.2,ms,,,house,gable,7.0
"stage 1 - building 519 - 41.996924, 21.582882",519,41.996924,21.582882,374,R,394.2,house,2,14.7,12.4,6.2,ms,,,house,gable,7.0
"stage 1 - building 520 - 41.997570, 21.582768",520,41.997570,21.582768,375,R,321.8,house,2,13.9,8.7,6.2,ms,,,house,gable,7.0
"stage 1 - building 521 - 41.997938, 21.582743",521,41.997938,21.582743,379,R,281.1,house,2,13.6,9.1,6.2,ms,,,house,gable,7.0
"stage 1 - building 522 - 41.996561, 21.583015",522,41.996561,21.583015,379,R,435.7,house,2,19.3,4.8,6.2,ms,,,house,gable,7.0
"stage 1 - building 523 - 41.997679, 21.582857",523,41.997679,21.582857,384,R,310.9,house,2,10.4,9.3,6.2,ms,,,house,gable,7.0
"stage 1 - building 524 - 41.997059, 21.582996",524,41.997059,21.582996,385,R,380.7,house,2,9.4,9.0,6.2,ms,,,house,gable,7.0
"stage 1 - building 525 - 41.997532, 21.582957",525,41.997532,21.582957,390,R,328.3,flat,1,7.7,3.7,2.7,ms,,,garage,flat,3.2
"stage 1 - building 526 - 41.997159, 21.583042",526,41.997159,21.583042,391,R,370.3,house,1,9.4,9.1,3.3,ms,,,house,gable,7.0
"stage 1 - building 527 - 41.997853, 21.582943",527,41.997853,21.582943,394,R,292.8,house,2,9.9,9.7,6.2,ms,,,house,gable,7.0
"stage 1 - building 528 - 41.997012, 21.583125",528,41.997012,21.583125,395,R,387.4,house,2,12.6,11.6,6.2,ms,,,house,gable,7.0
"stage 1 - building 529 - 41.997228, 21.583256",529,41.997228,21.583256,409,R,365.2,house,1,19.3,8.7,3.3,ms,,,house,gable,7.0
"stage 1 - building 530 - 41.997501, 21.583208",530,41.997501,21.583208,410,R,334.6,house,1,10.1,9.0,3.3,ms,,,house,gable,7.0
"stage 1 - building 531 - 41.997860, 21.583152",531,41.997860,21.583152,411,R,294.5,house,1,14.7,13.8,3.3,ms,,,house,gable,7.0
"stage 1 - building 532 - 41.997350, 21.583266",532,41.997350,21.583266,412,R,352.0,house,2,11.4,10.8,6.2,ms,,,house,gable,7.0
"stage 1 - building 533 - 41.996411, 21.583458",533,41.996411,21.583458,413,R,457.5,flat,1,5.9,3.2,2.7,ms,,,garage,flat,3.2
"stage 1 - building 534 - 41.996451, 21.583527",534,41.996451,21.583527,418,R,453.9,flat,1,5.8,4.2,2.7,ms,,,garage,flat,3.2
"stage 1 - building 535 - 41.997456, 21.583331",535,41.997456,21.583331,419,R,341.1,house,1,11.0,10.1,3.3,ms,,,house,gable,7.0
"stage 1 - building 536 - 41.997574, 21.583398",536,41.997574,21.583398,426,R,328.9,house,1,13.2,9.9,3.3,ms,,,house,gable,7.0
"stage 1 - building 537 - 41.997222, 21.583472",537,41.997222,21.583472,426,R,368.5,house,1,9.1,4.0,3.3,ms,,,garage,flat,3.2
"stage 1 - building 538 - 41.996882, 21.583579",538,41.996882,21.583579,429,R,407.2,house,1,16.8,10.4,3.3,ms,,,house,gable,7.0
"stage 1 - building 539 - 41.997215, 21.583527",539,41.997215,21.583527,430,R,370.0,flat,1,7.3,3.9,2.7,ms,,,garage,flat,3.2
"stage 1 - building 540 - 41.996422, 21.583695",540,41.996422,21.583695,431,R,459.1,house,1,10.1,9.9,3.3,ms,,,house,gable,7.0
"stage 1 - building 541 - 41.997831, 21.583469",541,41.997831,21.583469,436,R,301.6,house,1,13.8,9.0,3.3,ms,,,house,gable,7.0
"stage 1 - building 542 - 42.000842, 21.582962",542,42.000842,21.582962,443,L,35.4,flat,1,35.2,14.9,7.0,ms,,,house,gable,7.0
"stage 1 - building 543 - 41.997344, 21.583672",543,41.997344,21.583672,444,R,357.5,house,2,15.1,6.9,6.2,ms,,,house,gable,7.0
"stage 1 - building 544 - 41.997240, 21.583732",544,41.997240,21.583732,448,R,369.7,flat,1,6.7,3.5,2.7,ms,,,garage,flat,3.2
"stage 1 - building 545 - 41.996503, 21.583967",545,41.996503,21.583967,455,R,453.5,house,1,20.3,11.0,3.3,ms,,,house,gable,7.0
"stage 1 - building 546 - 41.997586, 21.583793",546,41.997586,21.583793,458,R,332.4,flat,1,5.1,3.8,2.7,ms,,,garage,flat,3.2
"stage 1 - building 547 - 41.996785, 21.583957",547,41.996785,21.583957,459,R,422.5,house,2,13.0,9.7,6.2,ms,,,house,gable,7.0
"stage 1 - building 548 - 41.997044, 21.583961",548,41.997044,21.583961,463,R,394.0,house,2,13.9,9.4,6.2,ms,,,house,gable,7.0
"stage 1 - building 549 - 41.996953, 21.583973",549,41.996953,21.583973,463,R,404.1,flat,1,5.4,5.3,2.7,ms,,,garage,flat,3.2
"stage 1 - building 550 - 41.997134, 21.583976",550,41.997134,21.583976,466,R,384.3,house,2,10.8,7.8,6.2,ms,,,house,gable,7.0
"stage 1 - building 551 - 41.997210, 21.583990",551,41.997210,21.583990,468,R,376.1,flat,1,6.8,3.0,2.7,ms,,,garage,flat,3.2
"stage 1 - building 552 - 41.999464, 21.583583",552,41.999464,21.583583,472,R,123.6,flat,1,27.9,23.3,7.0,ms,,,commercial,flat,7.0
"stage 1 - building 553 - 42.000486, 21.583433",553,42.000486,21.583433,476,R,9.4,flat,1,5.4,4.5,2.7,ms,,,garage,flat,3.2
"stage 1 - building 554 - 41.997109, 21.584143",554,41.997109,21.584143,479,R,389.1,house,2,9.1,7.5,6.2,ms,,,house,gable,7.0
"stage 1 - building 555 - 41.996725, 21.584261",555,41.996725,21.584261,482,R,432.7,house,2,18.0,9.6,6.2,ms,,,house,gable,7.0
"stage 1 - building 556 - 41.997445, 21.584133",556,41.997445,21.584133,484,R,352.0,house,1,12.6,12.0,3.3,ms,,,house,gable,7.0
"stage 1 - building 557 - 41.999433, 21.583761",557,41.999433,21.583761,486,R,129.1,house,1,6.2,5.9,3.3,ms,,,garage,flat,3.2
"stage 1 - building 558 - 42.000275, 21.583605",558,42.000275,21.583605,487,R,34.7,house,2,21.6,11.0,6.2,ms,,,house,gable,7.0
"stage 1 - building 559 - 41.997576, 21.584146",559,41.997576,21.584146,487,R,337.8,house,2,10.9,8.4,6.2,ms,,,house,gable,7.0
"stage 1 - building 560 - 41.997269, 21.584205",560,41.997269,21.584205,487,R,372.2,house,2,14.0,10.7,6.2,ms,,,house,gable,7.0
"stage 1 - building 561 - 41.996589, 21.584368",561,41.996589,21.584368,489,R,448.9,house,1,11.4,6.3,3.3,ms,,,house,gable,7.0
"stage 1 - building 562 - 41.997007, 21.584343",562,41.997007,21.584343,494,R,402.8,house,1,11.9,10.0,3.3,ms,,,house,gable,7.0
"stage 1 - building 563 - 41.997717, 21.584216",563,41.997717,21.584216,495,R,323.2,house,2,11.5,9.1,6.2,ms,,,house,gable,7.0
"stage 1 - building 564 - 41.997579, 21.584295",564,41.997579,21.584295,499,R,339.3,house,2,12.9,10.2,6.2,ms,,,house,gable,7.0
"stage 1 - building 565 - 41.996742, 21.584511",565,41.996742,21.584511,501,R,433.9,house,1,16.0,15.9,3.3,ms,,,house,gable,7.0
"stage 1 - building 566 - 41.997376, 21.584446",566,41.997376,21.584446,505,R,363.5,house,1,10.2,9.8,3.3,ms,,,house,gable,7.0
"stage 1 - building 567 - 41.999484, 21.584015",567,41.999484,21.584015,506,R,126.7,house,2,15.7,13.9,6.2,ms,,,house,gable,7.0
"stage 1 - building 568 - 41.996996, 21.584575",568,41.996996,21.584575,507,R,406.9,house,1,11.6,10.1,3.3,ms,,,house,gable,7.0
"stage 1 - building 569 - 41.997557, 21.584499",569,41.997557,21.584499,510,R,344.3,house,1,10.5,10.2,3.3,ms,,,house,gable,7.0
"stage 1 - building 570 - 41.996409, 21.584760",570,41.996409,21.584760,511,R,473.7,house,2,24.6,10.5,6.2,ms,,,house,gable,7.0
"stage 1 - building 571 - 41.996590, 21.584800",571,41.996590,21.584800,517,R,454.5,house,2,9.8,9.6,6.2,ms,,,house,gable,7.0
"stage 1 - building 572 - 41.996486, 21.584876",572,41.996486,21.584876,521,R,466.9,flat,1,6.0,4.4,2.7,ms,,,garage,flat,3.2
"stage 1 - building 573 - 41.996709, 21.584880",573,41.996709,21.584880,526,R,442.4,house,2,14.9,9.7,6.2,ms,,,row,flat,9.5
"stage 1 - building 574 - 41.996802, 21.584883",574,41.996802,21.584883,527,R,432.3,house,2,10.0,8.8,6.2,ms,,,row,flat,9.5
"stage 1 - building 575 - 41.996617, 21.584914",575,41.996617,21.584914,527,R,453.0,flat,1,5.1,4.9,2.7,ms,,,garage,flat,3.2
"stage 1 - building 576 - 41.997048, 21.584947",576,41.997048,21.584947,533,R,406.3,house,1,12.5,10.4,3.3,ms,,,house,gable,7.0
"stage 1 - building 577 - 41.996425, 21.585112",577,41.996425,21.585112,533,R,476.8,house,1,8.3,4.3,3.3,ms,,,garage,flat,3.2
"stage 1 - building 578 - 42.000158, 21.584221",578,42.000158,21.584221,534,R,55.6,house,2,14.4,11.5,6.2,ms,,,house,gable,7.0
"stage 1 - building 579 - 41.996512, 21.585099",579,41.996512,21.585099,534,R,467.1,house,2,16.1,16.0,6.2,ms,,,house,gable,7.0
"stage 1 - building 580 - 41.996784, 21.585161",580,41.996784,21.585161,536,R,438.3,house,2,11.2,10.8,6.2,ms,,,house,gable,7.0
"stage 1 - building 581 - 41.996655, 21.585199",581,41.996655,21.585199,536,R,453.0,house,1,7.6,7.5,3.3,ms,,,house,gable,7.0
"stage 1 - building 582 - 41.997320, 21.585074",582,41.997320,21.585074,537,R,378.6,flat,1,40.6,14.3,7.0,ms,,,house,gable,7.0
"stage 1 - building 583 - 41.996935, 21.585220",583,41.996935,21.585220,537,R,422.9,house,2,14.8,10.2,6.2,ms,,,house,gable,7.0
"stage 1 - building 584 - 41.997522, 21.585111",584,41.997522,21.585111,538,R,357.3,flat,1,5.5,3.6,2.7,ms,,,garage,flat,3.2
"stage 1 - building 585 - 41.997109, 21.585265",585,41.997109,21.585265,538,R,404.9,flat,1,26.9,13.5,7.0,ms,,,row,flat,9.5
"stage 1 - building 586 - 41.997600, 21.585154",586,41.997600,21.585154,539,R,349.6,house,2,9.6,8.1,6.2,ms,,,house,gable,7.0
"stage 1 - building 587 - 42.000406, 21.584280",587,42.000406,21.584280,540,R,29.8,house,1,12.8,4.2,3.3,ms,,,house,gable,7.0
"stage 1 - building 588 - 41.997718, 21.585201",588,41.997718,21.585201,540,R,337.9,house,1,11.2,11.1,3.3,ms,,,house,gable,7.0
"stage 1 - building 589 - 41.997197, 21.585418",589,41.997197,21.585418,540,R,398.4,house,2,12.5,5.6,6.2,ms,,,house,gable,7.0
"stage 1 - building 590 - 41.997150, 21.585566",590,41.997150,21.585566,541,R,406.8,house,2,13.2,13.0,6.2,ms,,,house,gable,7.0
"stage 1 - building 591 - 41.997582, 21.585513",591,41.997582,21.585513,542,R,359.6,house,1,13.0,7.6,3.3,ms,,,house,gable,7.0
"stage 1 - building 592 - 41.997348, 21.585624",592,41.997348,21.585624,542,R,387.1,house,1,16.8,12.9,3.3,ms,,,house,gable,7.0
"stage 1 - building 593 - 41.996869, 21.585812",593,41.996869,21.585812,542,R,442.6,house,2,9.8,7.0,6.2,ms,,,house,gable,7.0
"stage 1 - building 594 - 41.996764, 21.585807",594,41.996764,21.585807,542,R,453.6,house,2,13.1,9.5,6.2,ms,,,house,gable,7.0
"stage 1 - building 595 - 41.996623, 21.585838",595,41.996623,21.585838,542,R,469.3,house,2,14.0,10.0,6.2,ms,,,house,gable,7.0
"stage 1 - building 596 - 41.996979, 21.585855",596,41.996979,21.585855,543,R,432.0,house,2,12.6,10.6,6.2,ms,,,house,gable,7.0
"stage 1 - building 597 - 41.997164, 21.585880",597,41.997164,21.585880,544,R,413.3,house,1,9.7,7.1,3.3,ms,,,house,gable,7.0
"stage 1 - building 598 - 41.997089, 21.585887",598,41.997089,21.585887,544,R,421.4,house,2,9.4,9.2,6.2,ms,,,house,gable,7.0
"stage 1 - building 599 - 41.996640, 21.586176",599,41.996640,21.586176,544,R,476.3,house,2,14.2,11.0,6.2,ms,,,house,gable,7.0
"stage 1 - building 600 - 41.996497, 21.586138",600,41.996497,21.586138,544,R,490.3,house,1,9.8,9.4,3.3,ms,,,house,gable,7.0
"stage 1 - building 601 - 41.997315, 21.585945",601,41.997315,21.585945,545,R,399.4,house,2,11.9,10.1,6.2,ms,,,house,gable,7.0
"stage 1 - building 602 - 41.997193, 21.585990",602,41.997193,21.585990,545,R,413.3,house,2,10.4,9.3,6.2,ms,,,house,gable,7.0
"stage 1 - building 603 - 41.996786, 21.586170",603,41.996786,21.586170,545,R,461.0,house,2,18.1,10.0,6.2,ms,,,house,gable,7.0
"stage 1 - building 604 - 41.996567, 21.586382",604,41.996567,21.586382,545,R,489.9,house,1,15.9,13.1,3.3,ms,,,house,gable,7.0
"stage 1 - building 605 - 41.997453, 21.585963",605,41.997453,21.585963,546,R,385.6,house,1,18.3,11.5,3.3,ms,,,house,gable,7.0
"stage 1 - building 606 - 41.997175, 21.586200",606,41.997175,21.586200,546,R,421.6,house,2,9.8,9.5,6.2,ms,,,house,gable,7.0
"stage 1 - building 607 - 41.997006, 21.586170",607,41.997006,21.586170,546,R,438.1,house,1,23.5,12.1,3.3,ms,,,house,gable,7.0
"stage 1 - building 608 - 41.996888, 21.586257",608,41.996888,21.586257,546,R,452.9,house,1,7.9,6.3,3.3,ms,,,house,gable,7.0
"stage 1 - building 609 - 41.996394, 21.586568",609,41.996394,21.586568,546,R,513.5,house,2,16.6,4.1,6.2,ms,,,house,gable,7.0
"stage 1 - building 610 - 41.999721, 21.584798",610,41.999721,21.584798,547,R,115.9,flat,1,63.1,53.8,9.0,ms,,,industrial,flat,8.5
"stage 1 - building 611 - 41.996913, 21.586460",611,41.996913,21.586460,547,R,456.9,house,2,20.3,10.9,6.2,ms,,,house,gable,7.0
"stage 1 - building 612 - 42.000306, 21.584498",612,42.000306,21.584498,548,R,46.4,house,1,18.9,4.1,3.3,ms,,,house,gable,7.0
"stage 1 - building 613 - 41.997309, 21.586340",613,41.997309,21.586340,548,R,412.6,house,2,10.6,10.3,6.2,ms,,,house,gable,7.0
"stage 1 - building 614 - 41.997214, 21.586525",614,41.997214,21.586525,548,R,428.7,house,1,7.2,6.7,3.3,ms,,,row,flat,9.5
"stage 1 - building 615 - 41.997165, 21.586490",615,41.997165,21.586490,548,R,432.3,flat,1,6.7,4.5,2.7,ms,,,garage,flat,3.2
"stage 1 - building 616 - 41.997097, 21.586492",616,41.997097,21.586492,548,R,439.3,house,1,9.3,3.8,3.3,ms,,,garage,flat,3.2
"stage 1 - building 617 - 41.997048, 21.586636",617,41.997048,21.586636,548,R,449.3,house,2,9.6,9.1,6.2,ms,,,house,gable,7.0
"stage 1 - building 618 - 41.996929, 21.586710",618,41.996929,21.586710,548,R,463.9,flat,1,4.4,3.7,2.7,ms,,,garage,flat,3.2
"stage 1 - building 619 - 41.996751, 21.586659",619,41.996751,21.586659,548,R,479.9,house,1,8.3,4.4,3.3,ms,,,garage,flat,3.2
"stage 1 - building 620 - 41.996415, 21.586886",620,41.996415,21.586886,548,R,521.7,flat,1,21.0,15.1,7.0,ms,,,house,gable,7.0
"stage 1 - building 621 - 41.997326, 21.586575",621,41.997326,21.586575,549,R,419.4,house,2,15.3,10.7,6.2,ms,,,house,gable,7.0
"stage 1 - building 622 - 41.997145, 21.586658",622,41.997145,21.586658,549,R,440.5,house,1,10.4,5.7,3.3,ms,,,house,gable,7.0
"stage 1 - building 623 - 41.997043, 21.586789",623,41.997043,21.586789,549,R,455.4,house,2,12.8,8.7,6.2,ms,,,house,gable,7.0
"stage 1 - building 624 - 41.996880, 21.586788",624,41.996880,21.586788,549,R,471.6,house,1,11.0,8.2,3.3,ms,,,house,gable,7.0
"stage 1 - building 625 - 41.996832, 21.587040",625,41.996832,21.587040,549,R,485.9,house,1,11.7,11.5,3.3,ms,,,house,gable,7.0
"stage 1 - building 626 - 41.996699, 21.586932",626,41.996699,21.586932,549,R,494.9,flat,1,19.7,16.8,7.0,ms,,,house,gable,7.0
"stage 1 - building 627 - 41.997040, 21.586919",627,41.997040,21.586919,550,R,460.8,house,1,7.4,4.9,3.3,ms,,,garage,flat,3.2
"stage 1 - building 628 - 41.997101, 21.587091",628,41.997101,21.587091,550,R,461.8,house,1,10.0,8.6,3.3,ms,,,house,gable,7.0
"stage 1 - building 629 - 41.996971, 21.587079",629,41.996971,21.587079,550,R,473.9,house,2,10.2,10.0,6.2,ms,,,house,gable,7.0
"stage 1 - building 630 - 41.996749, 21.587206",630,41.996749,21.587206,550,R,500.5,house,1,7.9,5.1,3.3,ms,,,garage,flat,3.2
"stage 1 - building 631 - 41.996694, 21.587306",631,41.996694,21.587306,550,R,509.9,house,2,13.9,11.2,6.2,ms,,,house,gable,7.0
"stage 1 - building 632 - 41.996427, 21.587527",632,41.996427,21.587527,550,R,544.7,flat,1,6.7,3.9,2.7,ms,,,garage,flat,3.2
"stage 1 - building 633 - 41.997002, 21.587355",633,41.997002,21.587355,551,R,482.4,house,1,15.4,11.0,3.3,ms,,,house,gable,7.0
"stage 1 - building 634 - 41.996844, 21.587341",634,41.996844,21.587341,551,R,496.9,house,2,13.5,9.5,6.2,ms,,,house,gable,7.0
"stage 1 - building 635 - 41.996733, 21.587593",635,41.996733,21.587593,551,R,518.3,house,1,7.0,4.5,3.3,ms,,,garage,flat,3.2
"stage 1 - building 636 - 41.996537, 21.587544",636,41.996537,21.587544,551,R,534.8,house,2,18.4,13.0,6.2,ms,,,house,gable,7.0
"stage 1 - building 637 - 41.997144, 21.587358",637,41.997144,21.587358,552,R,469.2,house,1,11.5,8.8,3.3,ms,,,house,gable,7.0
"stage 1 - building 638 - 41.996976, 21.587607",638,41.996976,21.587607,552,R,496.1,house,2,12.4,10.7,6.2,ms,,,house,gable,7.0
"stage 1 - building 639 - 41.996786, 21.587869",639,41.996786,21.587869,552,R,525.7,house,2,17.9,11.0,6.2,ms,,,house,gable,7.0
"stage 1 - building 640 - 41.996636, 21.587812",640,41.996636,21.587812,552,R,537.0,house,1,12.7,9.1,3.3,ms,,,house,gable,7.0
"stage 1 - building 641 - 41.996512, 21.588093",641,41.996512,21.588093,552,R,561.3,flat,1,6.7,3.0,2.7,ms,,,garage,flat,3.2
"stage 1 - building 642 - 41.996421, 21.588101",642,41.996421,21.588101,552,R,570.1,house,1,12.8,11.8,3.3,ms,,,row,flat,9.5
"stage 1 - building 643 - 41.996369, 21.588227",643,41.996369,21.588227,552,R,580.7,house,2,11.0,9.5,6.2,ms,,,row,flat,9.5
"stage 1 - building 644 - 41.996919, 21.587852",644,41.996919,21.587852,553,R,512.8,house,2,13.8,8.7,6.2,ms,,,house,gable,7.0
"stage 1 - building 645 - 41.996763, 21.588205",645,41.996763,21.588205,553,R,543.8,flat,1,5.9,4.6,2.7,ms,,,garage,flat,3.2
"stage 1 - building 646 - 41.996651, 21.588312",646,41.996651,21.588312,553,R,559.2,house,1,13.3,10.9,3.3,ms,,,house,gable,7.0
"stage 1 - building 647 - 41.996519, 21.588266",647,41.996519,21.588266,553,R,568.8,house,2,9.8,9.0,6.2,ms,,,house,gable,7.0
"stage 1 - building 648 - 41.996512, 21.588568",648,41.996512,21.588568,553,R,584.2,house,1,11.5,10.3,3.3,ms,,,house,gable,7.0
"stage 1 - building 649 - 41.996351, 21.588548",649,41.996351,21.588548,553,R,597.6,house,2,12.1,11.4,6.2,ms,,,house,gable,7.0
"stage 1 - building 650 - 42.000093, 21.585091",650,42.000093,21.585091,555,R,93.5,house,1,11.9,8.9,3.3,ms,,,house,gable,7.0
"stage 1 - building 651 - 42.000261, 21.584957",651,42.000261,21.584957,556,R,72.4,flat,1,31.2,13.4,7.0,ms,,,industrial,flat,8.5
"stage 1 - building 652 - 42.000683, 21.584587",652,42.000683,21.584587,561,R,19.0,house,1,6.2,5.2,3.3,ms,,,garage,flat,3.2
"stage 1 - building 653 - 42.000695, 21.584768",653,42.000695,21.584768,564,R,32.2,flat,1,7.8,3.4,2.7,ms,,,garage,flat,3.2
"stage 1 - building 654 - 42.004496, 21.579684",654,42.004496,21.579684,754,L,443.0,flat,1,5.7,3.9,2.7,ms,,,garage,flat,3.2
"stage 1 - building 655 - 42.005953, 21.578364",655,42.005953,21.578364,831,L,620.7,flat,1,5.8,3.9,2.7,ms,,,garage,flat,3.2
"stage 1 - building 656 - 42.006016, 21.578904",656,42.006016,21.578904,861,L,586.3,flat,1,7.2,3.5,2.7,ms,,,garage,flat,3.2
"stage 1 - building 657 - 42.006669, 21.577885",657,42.006669,21.577885,876,L,696.2,house,1,6.4,5.9,3.3,ms,,,garage,flat,3.2
"stage 1 - building 658 - 42.007004, 21.577425",658,42.007004,21.577425,888,L,748.2,flat,1,35.7,8.5,7.0,ms,,,industrial,flat,8.5
"stage 1 - building 659 - 42.006874, 21.577940",659,42.006874,21.577940,898,L,704.4,flat,1,25.4,8.8,3.4,ms,,,industrial,flat,8.5
"stage 1 - building 660 - 42.006566, 21.578894",660,42.006566,21.578894,910,L,619.2,flat,1,47.9,10.7,7.0,ms,,,industrial,flat,8.5
"stage 1 - building 661 - 42.007340, 21.577534",661,42.007340,21.577534,924,L,760.2,flat,1,6.0,3.2,2.7,ms,,,garage,flat,3.2
"stage 1 - building 662 - 42.007639, 21.576952",662,42.007639,21.576952,927,L,818.7,flat,1,84.4,14.7,7.0,ms,,,industrial,flat,8.5
"stage 1 - building 663 - 42.007427, 21.577574",663,42.007427,21.577574,934,L,762.6,flat,1,6.5,4.3,2.7,ms,,,garage,flat,3.2
"stage 1 - building 664 - 42.004908, 21.584050",664,42.004908,21.584050,981,L,158.7,house,1,6.6,5.0,3.3,ms,,,garage,flat,3.2
"stage 1 - building 665 - 42.008747, 21.576064",665,42.008747,21.576064,992,L,945.6,flat,1,4.8,3.2,2.7,ms,,,garage,flat,3.2
"stage 1 - building 666 - 42.009249, 21.575453",666,42.009249,21.575453,997,L,1018.2,flat,1,31.2,15.1,7.0,ms,,,industrial,flat,8.5
"stage 1 - building 667 - 42.009556, 21.574930",667,42.009556,21.574930,998,L,1073.1,flat,1,6.7,3.2,2.7,ms,,,garage,flat,3.2
"stage 1 - building 668 - 42.009727, 21.575172",668,42.009727,21.575172,1012,L,1066.7,flat,1,99.1,46.1,9.0,ms,,,industrial,flat,8.5
"stage 1 - building 669 - 42.011494, 21.575241",669,42.011494,21.575241,1024,L,1181.6,house,2,12.1,6.6,6.2,ms,,,house,gable,7.0
"stage 1 - building 670 - 42.011684, 21.575040",670,42.011684,21.575040,1024,L,1208.1,flat,1,6.0,4.0,2.7,ms,,,garage,flat,3.2
"stage 1 - building 671 - 42.010553, 21.578790",671,42.010553,21.578790,1031,L,898.3,flat,1,71.0,15.7,7.0,ms,,,commercial,flat,7.0
"stage 1 - building 672 - 42.010357, 21.579508",672,42.010357,21.579508,1032,L,842.9,flat,1,5.6,3.1,2.7,ms,,,garage,flat,3.2
"stage 1 - building 673 - 42.010352, 21.580802",673,42.010352,21.580802,1035,L,777.7,house,1,14.3,5.7,3.3,ms,,,house,gable,7.0
"stage 1 - building 674 - 41.998946, 21.593369",674,41.998946,21.593369,1270,R,708.8,flat,1,4.0,3.8,2.7,ms,,,garage,flat,3.2
"stage 1 - building 675 - 41.998626, 21.594405",675,41.998626,21.594405,1272,R,786.3,house,1,7.7,4.6,3.3,ms,,,garage,flat,3.2
"stage 1 - building 676 - 41.999648, 21.593872",676,41.999648,21.593872,1273,R,669.2,house,1,27.9,6.7,3.3,ms,,,house,gable,7.0
"stage 1 - building 677 - 41.999673, 21.594114",677,41.999673,21.594114,1273,R,679.7,house,1,7.4,5.9,3.3,ms,,,garage,flat,3.2
"stage 1 - building 678 - 41.998778, 21.594925",678,41.998778,21.594925,1273,R,799.1,house,1,7.2,4.7,3.3,ms,,,garage,flat,3.2
"stage 1 - building 679 - 41.998819, 21.595019",679,41.998819,21.595019,1273,R,800.5,house,1,6.1,5.0,3.3,ms,,,garage,flat,3.2
"stage 1 - building 680 - 41.999452, 21.594828",680,41.999452,21.594828,1274,R,737.0,house,1,12.9,5.4,3.3,ms,,,house,gable,7.0
"stage 1 - building 681 - 41.999733, 21.595251",681,41.999733,21.595251,1275,R,738.7,flat,1,3.9,3.8,2.7,ms,,,garage,flat,3.2
"stage 1 - building 682 - 42.000602, 21.594317",682,42.000602,21.594317,1276,R,616.0,house,1,11.1,9.0,3.3,ms,,,house,gable,7.0
"stage 1 - building 683 - 41.999991, 21.595115",683,41.999991,21.595115,1276,R,710.6,house,2,26.8,7.2,6.2,ms,,,house,gable,7.0
"stage 1 - building 684 - 41.999815, 21.595208",684,41.999815,21.595208,1276,R,729.8,flat,1,5.2,5.0,2.7,ms,,,garage,flat,3.2
"stage 1 - building 685 - 41.999615, 21.595491",685,41.999615,21.595491,1276,R,762.1,house,1,6.7,5.6,3.3,ms,,,garage,flat,3.2
"stage 1 - building 686 - 42.004692, 21.589605",686,42.004692,21.589605,1332,R,39.6,flat,1,4.2,3.9,2.7,ms,,,garage,flat,3.2
"stage 1 - building 687 - 42.005483, 21.588735",687,42.005483,21.588735,1378,L,63.0,flat,1,5.1,5.0,2.7,ms,,,garage,flat,3.2
"stage 1 - building 688 - 42.005256, 21.589691",688,42.005256,21.589691,1393,R,18.7,house,1,21.3,9.1,3.3,ms,,,house,gable,7.0
"stage 1 - building 689 - 42.005224, 21.589984",689,42.005224,21.589984,1401,R,41.7,house,1,8.6,7.6,3.3,ms,,,house,gable,7.0
"stage 1 - building 690 - 42.006658, 21.598142",690,42.006658,21.598142,2152,L,38.2,flat,1,6.1,4.6,2.7,ms,,,garage,flat,3.2
"stage 1 - building 691 - 41.998639, 21.596036",691,41.998639,21.596036,2176,R,869.1,house,1,17.7,4.6,3.3,ms,,,house,gable,7.0
"stage 1 - building 692 - 42.006400, 21.598741",692,42.006400,21.598741,2207,L,20.3,house,2,9.3,9.2,6.2,ms,,,house,gable,7.0
"stage 1 - building 693 - 41.997495, 21.596981",693,41.997495,21.596981,2212,R,979.5,flat,1,53.4,34.6,9.0,ms,,,industrial,flat,8.5
"stage 1 - building 694 - 41.998150, 21.597535",694,41.998150,21.597535,2216,R,901.2,flat,2,42.8,4.5,6.4,ms,,,industrial,flat,8.5
"stage 1 - building 695 - 41.997374, 21.597853",695,41.997374,21.597853,2228,R,984.3,flat,1,5.8,3.3,2.7,ms,,,garage,flat,3.2
"stage 1 - building 696 - 41.997808, 21.598221",696,41.997808,21.598221,2256,R,933.5,flat,1,6.3,4.2,2.7,ms,,,garage,flat,3.2
"stage 1 - building 697 - 41.997745, 21.598270",697,41.997745,21.598270,2262,R,940.1,flat,1,6.1,2.4,2.7,ms,,,garage,flat,3.2
"stage 1 - building 698 - 42.006593, 21.601100",698,42.006593,21.601100,2400,L,59.6,house,1,9.7,5.8,3.3,ms,,,house,gable,7.0
"stage 1 - building 699 - 42.005578, 21.601472",699,42.005578,21.601472,2446,R,47.8,house,2,9.4,8.9,6.2,ms,,,house,gable,7.0
"stage 1 - building 700 - 42.005716, 21.601597",700,42.005716,21.601597,2454,R,31.0,house,2,11.9,7.1,6.2,ms,,,house,gable,7.0
"stage 1 - building 701 - 42.005651, 21.602238",701,42.005651,21.602238,2509,R,28.1,house,1,7.0,5.2,3.3,ms,,,garage,flat,3.2
"stage 1 - building 702 - 42.005019, 21.602166",702,42.005019,21.602166,2520,R,98.0,house,1,9.7,8.6,3.3,ms,,,house,gable,7.0
"stage 1 - building 703 - 42.005626, 21.602377",703,42.005626,21.602377,2521,R,28.3,house,1,17.6,5.9,3.3,ms,,,house,gable,7.0
"stage 1 - building 704 - 42.005026, 21.602430",704,42.005026,21.602430,2545,R,91.9,house,1,12.7,9.7,3.3,ms,,,house,gable,7.0
"stage 1 - building 705 - 42.005459, 21.603029",705,42.005459,21.603029,2580,R,32.0,flat,1,4.6,4.2,2.7,ms,,,garage,flat,3.2
"stage 1 - building 706 - 42.007177, 21.603737",706,42.007177,21.603737,2584,L,167.6,house,1,9.6,5.2,3.3,ms,,,house,gable,7.0
"stage 1 - building 707 - 42.004880, 21.602867",707,42.004880,21.602867,2585,R,97.5,house,2,12.0,10.5,6.2,ms,,,house,gable,7.0
"stage 1 - building 708 - 42.005556, 21.603249",708,42.005556,21.603249,2595,R,16.6,house,1,22.3,12.5,3.3,ms,,,house,gable,7.0
"stage 1 - building 709 - 42.004808, 21.603549",709,42.004808,21.603549,2644,R,88.0,house,1,16.4,6.7,3.3,ms,,,house,gable,7.0
"stage 1 - building 710 - 42.004837, 21.603706",710,42.004837,21.603706,2656,R,81.0,house,1,8.9,7.1,3.3,ms,,,house,gable,7.0
"stage 1 - building 711 - 42.005057, 21.604443",711,42.005057,21.604443,2707,R,38.5,house,1,9.1,8.1,3.3,ms,,,house,gable,7.0
"stage 1 - building 712 - 42.005229, 21.604736",712,42.005229,21.604736,2724,R,12.8,house,2,15.2,8.0,6.2,ms,,,house,gable,7.0
"stage 1 - building 713 - 42.005618, 21.606250",713,42.005618,21.606250,2854,L,53.8,house,1,9.2,7.8,3.3,ms,,,house,gable,7.0
"stage 1 - building 714 - 42.004635, 21.606502",714,42.004635,21.606502,2863,R,57.0,flat,1,5.1,3.0,2.7,ms,,,garage,flat,3.2
"stage 1 - building 715 - 42.004562, 21.606579",715,42.004562,21.606579,2868,R,65.8,house,1,11.6,9.3,3.3,ms,,,house,gable,7.0
"stage 1 - building 716 - 42.006745, 21.606790",716,42.006745,21.606790,2905,L,174.0,flat,1,5.3,4.3,2.7,ms,,,garage,flat,3.2
"stage 1 - building 717 - 42.006976, 21.606942",717,42.006976,21.606942,2916,L,198.9,house,1,9.8,9.2,3.3,ms,,,house,gable,7.0
"stage 1 - building 718 - 42.005376, 21.607144",718,42.005376,21.607144,2923,L,20.7,house,1,15.6,12.9,3.3,ms,,,house,gable,7.0
"stage 1 - building 719 - 42.005502, 21.607168",719,42.005502,21.607168,2925,L,34.6,house,1,12.7,4.3,3.3,ms,,,house,gable,7.0
"stage 1 - building 720 - 42.005780, 21.607203",720,42.005780,21.607203,2928,L,65.5,flat,1,5.5,4.6,2.7,ms,,,garage,flat,3.2
"stage 1 - building 721 - 42.005047, 21.607432",721,42.005047,21.607432,2947,R,15.8,house,2,11.6,11.2,6.2,ms,,,house,gable,7.0
"stage 1 - building 722 - 42.006416, 21.607438",722,42.006416,21.607438,2949,L,136.3,house,1,13.0,8.4,3.3,ms,,,house,gable,7.0
"stage 1 - building 723 - 42.006133, 21.607545",723,42.006133,21.607545,2964,L,104.4,house,1,14.6,7.9,3.3,ms,,,house,gable,7.0
"stage 1 - building 724 - 42.006326, 21.607533",724,42.006326,21.607533,2964,L,125.8,house,1,12.0,5.1,3.3,ms,,,house,gable,7.0
"stage 1 - building 725 - 42.004196, 21.607833",725,42.004196,21.607833,2971,R,111.9,house,1,9.3,5.2,3.3,ms,,,house,gable,7.0
"stage 1 - building 726 - 42.005997, 21.607659",726,42.005997,21.607659,2973,L,88.6,house,1,9.9,9.3,3.3,ms,,,house,gable,7.0
"stage 1 - building 727 - 42.006691, 21.607624",727,42.006691,21.607624,2976,L,165.7,house,1,6.0,5.1,3.3,ms,,,garage,flat,3.2
"stage 1 - building 728 - 42.005939, 21.607828",728,42.005939,21.607828,2987,L,81.1,house,2,12.2,11.5,6.2,ms,,,house,gable,7.0
"stage 1 - building 729 - 42.004481, 21.608049",729,42.004481,21.608049,2990,R,81.9,house,1,12.2,8.8,3.3,ms,,,house,gable,7.0
"stage 1 - building 730 - 42.005118, 21.608009",730,42.005118,21.608009,2993,R,11.2,house,1,8.7,6.9,3.3,ms,,,house,gable,7.0
"stage 1 - building 731 - 42.004785, 21.608057",731,42.004785,21.608057,2993,R,48.3,house,1,14.7,3.0,3.3,ms,,,garage,flat,3.2
"stage 1 - building 732 - 42.006905, 21.607753",732,42.006905,21.607753,2994,L,188.5,flat,1,7.0,4.1,2.7,ms,,,garage,flat,3.2
"stage 1 - building 733 - 42.004655, 21.608125",733,42.004655,21.608125,2997,R,63.4,house,2,12.8,7.1,6.2,ms,,,house,gable,7.0
"stage 1 - building 734 - 42.005791, 21.608100",734,42.005791,21.608100,3010,L,62.2,house,1,22.2,7.4,3.3,ms,,,house,gable,7.0
"stage 1 - building 735 - 42.006717, 21.607958",735,42.006717,21.607958,3010,L,165.7,house,1,11.9,10.4,3.3,ms,,,house,gable,7.0
"stage 1 - building 736 - 42.007067, 21.608019",736,42.007067,21.608019,3020,L,203.7,house,1,6.4,5.3,3.3,ms,,,garage,flat,3.2
"stage 1 - building 737 - 42.005028, 21.608368",737,42.005028,21.608368,3022,R,24.6,house,1,7.8,7.7,3.3,ms,,,house,gable,7.0
"stage 1 - building 738 - 42.006414, 21.608158",738,42.006414,21.608158,3023,L,130.3,house,1,7.7,6.2,3.3,ms,,,house,gable,7.0
"stage 1 - building 739 - 42.004206, 21.608533",739,42.004206,21.608533,3024,R,116.9,house,1,11.5,8.4,3.3,ms,,,house,gable,7.0
"stage 1 - building 740 - 42.006251, 21.608210",740,42.006251,21.608210,3025,L,111.8,flat,1,7.4,3.1,2.7,ms,,,garage,flat,3.2
"stage 1 - building 741 - 42.004851, 21.608471",741,42.004851,21.608471,3028,R,45.1,house,2,14.4,5.9,6.2,ms,,,house,gable,7.0
"stage 1 - building 742 - 41.996764, 21.609793",742,41.996764,21.609793,3029,R,950.1,house,1,7.5,6.3,3.3,ms,,,house,gable,7.0
"stage 1 - building 743 - 42.007037, 21.608167",743,42.007037,21.608167,3032,L,198.9,house,1,11.2,5.0,3.3,ms,,,house,gable,7.0
"stage 1 - building 744 - 42.006223, 21.608319",744,42.006223,21.608319,3034,L,107.7,house,1,14.6,11.5,3.3,ms,,,house,gable,7.0
"stage 1 - building 745 - 42.004167, 21.608674",745,42.004167,21.608674,3035,R,122.6,flat,1,4.0,3.8,2.7,ms,,,garage,flat,3.2
"stage 1 - building 746 - 42.005047, 21.608549",746,42.005047,21.608549,3037,R,24.3,house,1,12.0,6.5,3.3,ms,,,house,gable,7.0
"stage 1 - building 747 - 42.005434, 21.608518",747,42.005434,21.608518,3039,L,18.7,house,1,24.2,5.8,3.3,ms,,,house,gable,7.0
"stage 1 - building 748 - 42.007106, 21.608274",748,42.007106,21.608274,3042,L,205.5,house,1,10.8,4.1,3.3,ms,,,garage,flat,3.2
"stage 1 - building 749 - 42.004146, 21.608782",749,42.004146,21.608782,3044,R,125.9,house,1,10.0,6.7,3.3,ms,,,house,gable,7.0
"stage 1 - building 750 - 41.996769, 21.609995",750,41.996769,21.609995,3044,R,951.6,flat,1,7.4,3.3,2.7,ms,,,garage,flat,3.2
"stage 1 - building 751 - 42.003684, 21.608960",751,42.003684,21.608960,3050,R,178.7,house,1,7.8,6.1,3.3,ms,,,house,gable,7.0
"stage 1 - building 752 - 42.005926, 21.608570",752,42.005926,21.608570,3051,L,72.4,flat,1,30.5,10.7,7.0,ms,,,house,gable,7.0
"stage 1 - building 753 - 42.005556, 21.608655",753,42.005556,21.608655,3053,L,30.7,flat,1,34.2,21.4,7.0,ms,,,commercial,flat,7.0
"stage 1 - building 754 - 42.006981, 21.608429",754,42.006981,21.608429,3055,L,190.1,house,1,14.5,10.4,3.3,ms,,,house,gable,7.0
"stage 1 - building 755 - 42.006391, 21.608551",755,42.006391,21.608551,3056,L,123.7,house,1,10.0,4.2,3.3,ms,,,garage,flat,3.2
"stage 1 - building 756 - 42.004928, 21.608861",756,42.004928,21.608861,3062,R,40.6,house,1,9.2,7.2,3.3,ms,,,house,gable,7.0
"stage 1 - building 757 - 42.004654, 21.608906",757,42.004654,21.608906,3063,R,71.3,house,1,8.1,7.8,3.3,ms,,,house,gable,7.0
"stage 1 - building 758 - 42.006866, 21.608617",758,42.006866,21.608617,3063,L,175.6,flat,1,4.6,3.7,2.7,ms,,,garage,flat,3.2
"stage 1 - building 759 - 42.005951, 21.608785",759,42.005951,21.608785,3066,L,73.1,house,2,11.1,9.1,6.2,ms,,,house,gable,7.0
"stage 1 - building 760 - 42.006759, 21.608704",760,42.006759,21.608704,3068,L,163.0,house,2,24.4,7.9,6.2,ms,,,house,gable,7.0
"stage 1 - building 761 - 42.006687, 21.608875",761,42.006687,21.608875,3082,L,153.8,house,2,11.1,10.1,6.2,ms,,,house,gable,7.0
"stage 1 - building 762 - 42.007170, 21.608814",762,42.007170,21.608814,3082,L,207.7,house,1,12.8,7.7,3.3,ms,,,house,gable,7.0
"stage 1 - building 763 - 42.007300, 21.608798",763,42.007300,21.608798,3082,L,222.2,house,1,7.9,5.5,3.3,ms,,,garage,flat,3.2
"stage 1 - building 764 - 42.006840, 21.608866",764,42.006840,21.608866,3083,L,170.7,house,1,6.5,5.4,3.3,ms,,,garage,flat,3.2
"stage 1 - building 765 - 42.004527, 21.609182",765,42.004527,21.609182,3084,R,87.5,house,2,23.3,6.2,6.2,ms,,,house,gable,7.0
"stage 1 - building 766 - 42.004933, 21.609180",766,42.004933,21.609180,3088,R,42.6,house,1,9.3,5.7,3.3,ms,,,house,gable,7.0
"stage 1 - building 767 - 42.006588, 21.608997",767,42.006588,21.608997,3089,L,141.9,house,1,9.0,4.4,3.3,ms,,,garage,flat,3.2
"stage 1 - building 768 - 42.005640, 21.609133",768,42.005640,21.609133,3091,L,36.0,house,1,10.5,9.9,3.3,ms,,,house,gable,7.0
"stage 1 - building 769 - 42.004827, 21.609239",769,42.004827,21.609239,3093,R,54.8,house,1,11.8,10.3,3.3,ms,,,house,gable,7.0
"stage 1 - building 770 - 42.006526, 21.609081",770,42.006526,21.609081,3094,L,134.5,house,1,9.2,4.0,3.3,ms,,,garage,flat,3.2
"stage 1 - building 771 - 42.007057, 21.609046",771,42.007057,21.609046,3094,L,193.5,house,2,14.5,9.9,6.2,ms,,,house,gable,7.0
"stage 1 - building 772 - 42.007234, 21.609024",772,42.007234,21.609024,3094,L,213.2,house,1,10.3,3.5,3.3,ms,,,garage,flat,3.2
"stage 1 - building 773 - 42.004930, 21.609256",773,42.004930,21.609256,3096,R,43.4,flat,1,5.3,2.5,2.7,ms,,,garage,flat,3.2
"stage 1 - building 774 - 42.005153, 21.609252",774,42.005153,21.609252,3097,R,18.6,house,1,14.8,12.9,3.3,ms,,,house,gable,7.0
"stage 1 - building 775 - 42.006697, 21.609144",775,42.006697,21.609144,3098,L,153.1,house,2,10.6,9.3,6.2,ms,,,house,gable,7.0
"stage 1 - building 776 - 42.005513, 21.609260",776,42.005513,21.609260,3100,L,21.3,house,2,10.5,10.2,6.2,ms,,,house,gable,7.0
"stage 1 - building 777 - 42.004313, 21.609376",777,42.004313,21.609376,3102,R,112.4,house,2,8.8,7.0,6.2,ms,,,house,gable,7.0
"stage 1 - building 778 - 42.003545, 21.609434",778,42.003545,21.609434,3102,R,197.8,house,1,9.5,8.7,3.3,ms,,,house,gable,7.0
"stage 1 - building 779 - 42.006893, 21.609284",779,42.006893,21.609284,3112,L,174.1,house,1,10.3,4.7,3.3,ms,,,house,gable,7.0
"stage 1 - building 780 - 41.996479, 21.610317",780,41.996479,21.610317,3116,R,985.7,flat,1,5.1,3.3,2.7,ms,,,garage,flat,3.2
"stage 1 - building 781 - 41.998062, 21.610237",781,41.998062,21.610237,3119,R,809.9,house,2,9.2,7.3,6.2,ms,,,house,gable,7.0
"stage 1 - building 782 - 42.007042, 21.609335",782,42.007042,21.609335,3120,L,190.3,flat,1,4.7,2.8,2.7,ms,,,garage,flat,3.2
"stage 1 - building 783 - 42.005527, 21.609550",783,42.005527,21.609550,3125,L,21.2,house,1,13.3,6.2,3.3,ms,,,house,gable,7.0
"stage 1 - building 784 - 42.006007, 21.609524",784,42.006007,21.609524,3127,L,74.5,house,1,6.0,5.1,3.3,ms,,,garage,flat,3.2
"stage 1 - building 785 - 41.997595, 21.610503",785,41.997595,21.610503,3128,R,863.3,house,1,14.4,4.0,3.3,ms,,,house,gable,7.0
"stage 1 - building 786 - 42.003949, 21.609776",786,42.003949,21.609776,3129,R,155.0,house,2,9.3,7.8,6.2,ms,,,house,gable,7.0
"stage 1 - building 787 - 42.006771, 21.609458",787,42.006771,21.609458,3129,L,159.5,house,1,19.7,15.1,3.3,ms,,,house,gable,7.0
"stage 1 - building 788 - 42.005914, 21.609569",788,42.005914,21.609569,3130,L,63.9,house,2,14.2,13.3,6.2,ms,,,row,flat,9.5
"stage 1 - building 789 - 41.997255, 21.610587",789,41.997255,21.610587,3130,R,901.6,flat,1,6.4,3.5,2.7,ms,,,garage,flat,3.2
"stage 1 - building 790 - 42.002696, 21.609983",790,42.002696,21.609983,3132,R,295.2,house,1,10.4,4.9,3.3,ms,,,house,gable,7.0
"stage 1 - building 791 - 42.007002, 21.609496",791,42.007002,21.609496,3136,L,184.8,house,1,13.1,8.7,3.3,ms,,,house,gable,7.0
"stage 1 - building 792 - 41.998038, 21.610605",792,41.998038,21.610605,3136,R,815.1,house,1,6.9,5.1,3.3,ms,,,garage,flat,3.2
"stage 1 - building 793 - 42.006768, 21.609668",793,42.006768,21.609668,3146,L,157.7,flat,1,5.5,4.2,2.7,ms,,,garage,flat,3.2
"stage 1 - building 794 - 41.997650, 21.610683",794,41.997650,21.610683,3146,R,858.6,house,1,19.8,6.0,3.3,ms,,,house,gable,7.0
"stage 1 - building 795 - 41.996997, 21.610806",795,41.996997,21.610806,3151,R,931.8,house,1,6.7,5.7,3.3,ms,,,garage,flat,3.2
"stage 1 - building 796 - 42.006241, 21.609844",796,42.006241,21.609844,3155,L,98.1,flat,1,5.8,5.0,2.7,ms,,,garage,flat,3.2
"stage 1 - building 797 - 42.006992, 21.609754",797,42.006992,21.609754,3155,L,181.9,house,1,11.3,4.8,3.3,ms,,,house,gable,7.0
"stage 1 - building 798 - 42.006824, 21.609786",798,42.006824,21.609786,3156,L,163.1,flat,1,25.1,14.4,7.0,ms,,,house,gable,7.0
"stage 1 - building 799 - 42.005469, 21.609945",799,42.005469,21.609945,3157,L,12.0,house,2,22.4,8.6,6.2,ms,,,house,gable,7.0
"stage 1 - building 800 - 42.002978, 21.610243",800,42.002978,21.610243,3159,R,265.8,house,1,8.3,6.5,3.3,ms,,,house,gable,7.0
"stage 1 - building 801 - 42.006191, 21.609931",801,42.006191,21.609931,3162,L,92.0,house,1,8.1,6.4,3.3,ms,,,house,gable,7.0
"stage 1 - building 802 - 42.005887, 21.609980",802,42.005887,21.609980,3164,L,58.0,house,1,15.0,11.4,3.3,ms,,,house,gable,7.0
"stage 1 - building 803 - 42.003951, 21.610269",803,42.003951,21.610269,3169,R,158.3,flat,1,5.1,4.6,2.7,ms,,,garage,flat,3.2
"stage 1 - building 804 - 42.005249, 21.610127",804,42.005249,21.610127,3170,R,13.6,house,1,10.1,8.5,3.3,ms,,,house,gable,7.0
"stage 1 - building 805 - 42.004109, 21.610357",805,42.004109,21.610357,3174,R,141.6,house,2,13.7,9.0,6.2,ms,,,house,gable,7.0
"stage 1 - building 806 - 42.003943, 21.610393",806,42.003943,21.610393,3174,R,160.2,house,1,13.7,11.5,3.3,ms,,,house,gable,7.0
"stage 1 - building 807 - 42.005802, 21.610106",807,42.005802,21.610106,3175,L,47.7,house,2,11.2,7.6,6.2,ms,,,row,flat,9.5
"stage 1 - building 808 - 42.005613, 21.610159",808,42.005613,21.610159,3177,L,26.2,house,1,8.6,5.6,3.3,ms,,,house,gable,7.0
"stage 1 - building 809 - 42.004521, 21.610395",809,42.004521,21.610395,3179,R,96.6,house,1,8.2,6.4,3.3,ms,,,house,gable,7.0
"stage 1 - building 810 - 42.006528, 21.610038",810,42.006528,21.610038,3184,L,128.2,house,1,18.1,7.7,3.3,ms,,,house,gable,7.0
"stage 1 - building 811 - 42.007286, 21.609880",811,42.007286,21.609880,3184,L,213.4,house,1,15.8,11.8,3.3,ms,,,house,gable,7.0
"stage 1 - building 812 - 42.006090, 21.610140",812,42.006090,21.610140,3185,L,78.8,house,2,13.5,5.5,6.2,ms,,,house,gable,7.0
"stage 1 - building 813 - 42.006987, 21.610002",813,42.006987,21.610002,3189,L,179.1,house,1,13.4,6.5,3.3,ms,,,house,gable,7.0
"stage 1 - building 814 - 42.006067, 21.610308",814,42.006067,21.610308,3197,L,74.2,house,2,10.7,9.6,6.2,ms,,,house,gable,7.0
"stage 1 - building 815 - 42.005300, 21.610500",815,42.005300,21.610500,3200,R,12.5,house,1,9.3,6.4,3.3,ms,,,house,gable,7.0
"stage 1 - building 816 - 42.005896, 21.610378",816,42.005896,21.610378,3200,L,54.5,house,2,10.3,9.8,6.2,ms,,,house,gable,7.0
"stage 1 - building 817 - 42.007040, 21.610184",817,42.007040,21.610184,3201,L,182.6,house,1,16.3,12.5,3.3,ms,,,house,gable,7.0
"stage 1 - building 818 - 42.006693, 21.610307",818,42.006693,21.610307,3203,L,143.1,house,2,14.7,9.0,6.2,ms,,,house,gable,7.0
"stage 1 - building 819 - 42.006495, 21.610349",819,42.006495,21.610349,3204,L,120.7,house,2,13.2,13.1,6.2,ms,,,house,gable,7.0
"stage 1 - building 820 - 42.005157, 21.610575",820,42.005157,21.610575,3205,R,29.0,house,2,9.3,7.8,6.2,ms,,,house,gable,7.0
"stage 1 - building 821 - 42.006744, 21.610463",821,42.006744,21.610463,3209,L,147.4,house,1,9.9,6.2,3.3,ms,,,house,gable,7.0
"stage 1 - building 822 - 42.007017, 21.610407",822,42.007017,21.610407,3209,L,178.1,house,2,15.8,14.1,6.2,ms,,,house,gable,7.0
"stage 1 - building 823 - 42.006650, 21.610496",823,42.006650,21.610496,3210,L,136.8,house,1,10.7,4.5,3.3,ms,,,house,gable,7.0
"stage 1 - building 824 - 42.007367, 21.610497",824,42.007367,21.610497,3211,L,216.3,house,1,9.6,3.8,3.3,ms,,,garage,flat,3.2
"stage 1 - building 825 - 42.007518, 21.610518",825,42.007518,21.610518,3211,L,233.0,house,2,22.1,6.7,6.2,osm,365739821,yes,house,gable,7.0
"stage 1 - building 826 - 42.005730, 21.610608",826,42.005730,21.610608,3212,L,34.4,house,1,21.7,12.0,3.3,ms,,,house,gable,7.0
"stage 1 - building 827 - 42.006662, 21.610626",827,42.006662,21.610626,3213,L,137.9,house,1,12.0,10.8,3.3,ms,,,house,gable,7.0
"stage 1 - building 828 - 42.007088, 21.610755",828,42.007088,21.610755,3215,L,185.4,house,2,15.4,11.0,6.2,ms,,,house,gable,7.0
"stage 1 - building 829 - 42.007078, 21.610907",829,42.007078,21.610907,3217,L,185.3,house,1,17.3,5.7,3.3,ms,,,house,gable,7.0
"stage 1 - building 830 - 42.005547, 21.610730",830,42.005547,21.610730,3219,L,14.6,house,1,9.0,8.1,3.3,ms,,,house,gable,7.0
"stage 1 - building 831 - 42.006463, 21.610958",831,42.006463,21.610958,3221,L,118.1,house,2,17.6,8.7,6.2,ms,,,house,gable,7.0
"stage 1 - building 832 - 42.006264, 21.610980",832,42.006264,21.610980,3224,L,96.7,house,2,8.5,7.3,6.2,ms,,,house,gable,7.0
"stage 1 - building 833 - 42.006116, 21.610974",833,42.006116,21.610974,3225,L,80.4,house,2,8.6,7.4,6.2,ms,,,house,gable,7.0
"stage 1 - building 834 - 42.004067, 21.610598",834,42.004067,21.610598,3234,R,148.9,house,1,13.3,10.3,3.3,ms,,,house,gable,7.0
"stage 1 - building 835 - 42.004225, 21.610663",835,42.004225,21.610663,3235,R,130.7,house,2,13.1,13.0,6.2,ms,,,house,gable,7.0
"stage 1 - building 836 - 42.005596, 21.610958",836,42.005596,21.610958,3240,L,23.3,house,1,10.6,10.2,3.3,ms,,,house,gable,7.0
"stage 1 - building 837 - 42.003210, 21.610821",837,42.003210,21.610821,3240,R,241.9,flat,1,4.2,4.0,2.7,ms,,,garage,flat,3.2
"stage 1 - building 838 - 42.005228, 21.611003",838,42.005228,21.611003,3245,R,17.4,house,1,6.0,5.5,3.3,ms,,,garage,flat,3.2
"stage 1 - building 839 - 42.004504, 21.611009",839,42.004504,21.611009,3245,R,97.9,flat,1,10.5,2.4,2.7,ms,,,garage,flat,3.2
"stage 1 - building 840 - 42.004153, 21.611001",840,42.004153,21.611001,3245,R,136.9,house,1,10.4,9.4,3.3,ms,,,house,gable,7.0
"stage 1 - building 841 - 42.003877, 21.611032",841,42.003877,21.611032,3246,R,167.6,house,2,12.4,11.3,6.2,ms,,,house,gable,7.0
"stage 1 - building 842 - 42.003295, 21.611018",842,42.003295,21.611018,3246,R,232.2,house,1,14.2,11.5,3.3,ms,,,house,gable,7.0
"stage 1 - building 843 - 42.004712, 21.611046",843,42.004712,21.611046,3247,R,74.7,house,2,11.1,6.9,6.2,ms,,,house,gable,7.0
"stage 1 - building 844 - 41.997651, 21.611095",844,41.997651,21.611095,3247,R,859.1,house,1,13.0,8.6,3.3,ms,,,house,gable,7.0
"stage 1 - building 845 - 41.996655, 21.611091",845,41.996655,21.611091,3247,R,969.7,flat,1,5.5,4.4,2.7,ms,,,garage,flat,3.2
"stage 1 - building 846 - 41.999185, 21.611117",846,41.999185,21.611117,3248,R,688.7,house,2,16.1,5.1,6.2,ms,,,house,gable,7.0
"stage 1 - building 847 - 41.996682, 21.611166",847,41.996682,21.611166,3248,R,966.8,house,2,9.0,7.2,6.2,ms,,,row,flat,9.5
"stage 1 - building 848 - 42.003018, 21.611130",848,42.003018,21.611130,3250,R,263.0,house,2,9.5,7.5,6.2,ms,,,house,gable,7.0
"stage 1 - building 849 - 41.999335, 21.611192",849,41.999335,21.611192,3250,R,672.2,house,2,13.7,12.2,6.2,ms,,,house,gable,7.0
"stage 1 - building 850 - 42.005741, 21.611150",850,42.005741,21.611150,3257,L,39.4,house,2,13.1,11.9,6.2,ms,,,house,gable,7.0
"stage 1 - building 851 - 42.006240, 21.611158",851,42.006240,21.611158,3258,L,94.8,house,1,12.0,10.2,3.3,ms,,,house,gable,7.0
"stage 1 - building 852 - 42.006434, 21.611179",852,42.006434,21.611179,3259,L,116.3,house,2,21.5,13.3,6.2,ms,,,house,gable,7.0
"stage 1 - building 853 - 42.004318, 21.611207",853,42.004318,21.611207,3263,R,118.7,house,2,12.7,10.4,6.2,ms,,,house,gable,7.0
"stage 1 - building 854 - 42.004637, 21.611245",854,42.004637,21.611245,3265,R,83.2,house,1,9.7,9.1,3.3,ms,,,house,gable,7.0
"stage 1 - building 855 - 42.000098, 21.611221",855,42.000098,21.611221,3265,R,587.4,house,1,7.4,4.6,3.3,ms,,,garage,flat,3.2
"stage 1 - building 856 - 41.998984, 21.611230",856,41.998984,21.611230,3265,R,711.1,flat,1,5.3,4.0,2.7,ms,,,garage,flat,3.2
"stage 1 - building 857 - 41.996557, 21.611252",857,41.996557,21.611252,3265,R,980.7,house,2,11.0,9.1,6.2,ms,,,house,gable,7.0
"stage 1 - building 858 - 42.002929, 21.611262",858,42.002929,21.611262,3266,R,272.9,house,2,11.2,6.5,6.2,ms,,,house,gable,7.0
"stage 1 - building 859 - 42.000168, 21.611336",859,42.000168,21.611336,3266,R,579.6,flat,1,5.9,4.9,2.7,ms,,,garage,flat,3.2
"stage 1 - building 860 - 41.997475, 21.611375",860,41.997475,21.611375,3266,R,878.8,house,1,8.8,8.2,3.3,ms,,,house,gable,7.0
"stage 1 - building 861 - 41.997343, 21.611355",861,41.997343,21.611355,3266,R,893.4,house,2,10.3,6.1,6.2,ms,,,house,gable,7.0
"stage 1 - building 862 - 41.997201, 21.611264",862,41.997201,21.611264,3266,R,909.2,house,1,15.0,8.3,3.3,ms,,,house,gable,7.0
"stage 1 - building 863 - 41.997012, 21.611326",863,41.997012,21.611326,3266,R,930.2,house,2,8.0,7.8,6.2,ms,,,house,gable,7.0
"stage 1 - building 864 - 42.002705, 21.611348",864,42.002705,21.611348,3267,R,297.9,house,1,8.7,4.1,3.3,ms,,,garage,flat,3.2
"stage 1 - building 865 - 41.999359, 21.611476",865,41.999359,21.611476,3267,R,669.7,house,1,11.5,6.2,3.3,ms,,,house,gable,7.0
"stage 1 - building 866 - 41.998991, 21.611374",866,41.998991,21.611374,3267,R,710.5,house,1,15.6,8.8,3.3,ms,,,house,gable,7.0
"stage 1 - building 867 - 41.997615, 21.611412",867,41.997615,21.611412,3267,R,863.3,house,2,10.4,9.1,6.2,ms,,,house,gable,7.0
"stage 1 - building 868 - 42.002807, 21.611376",868,42.002807,21.611376,3268,R,286.7,flat,1,6.3,4.7,2.7,ms,,,garage,flat,3.2
"stage 1 - building 869 - 41.999359, 21.611617",869,41.999359,21.611617,3268,R,670.1,house,1,9.3,7.8,3.3,ms,,,house,gable,7.0
"stage 1 - building 870 - 42.003870, 21.611387",870,42.003870,21.611387,3269,R,168.6,house,2,8.9,7.9,6.2,ms,,,house,gable,7.0
"stage 1 - building 871 - 42.002649, 21.611449",871,42.002649,21.611449,3269,R,304.3,house,2,11.0,6.8,6.2,ms,,,house,gable,7.0
"stage 1 - building 872 - 42.002244, 21.611538",872,42.002244,21.611538,3269,R,349.7,house,1,7.9,6.1,3.3,ms,,,house,gable,7.0
"stage 1 - building 873 - 42.000067, 21.611703",873,42.000067,21.611703,3269,R,591.9,house,2,11.8,10.8,6.2,ms,,,house,gable,7.0
"stage 1 - building 874 - 42.004975, 21.611340",874,42.004975,21.611340,3270,R,45.9,flat,1,4.4,4.3,2.7,ms,,,garage,flat,3.2
"stage 1 - building 875 - 42.004257, 21.611417",875,42.004257,21.611417,3270,R,125.9,house,1,6.9,6.6,3.3,ms,,,house,gable,7.0
"stage 1 - building 876 - 42.004148, 21.611405",876,42.004148,21.611405,3270,R,137.9,house,1,7.2,5.8,3.3,ms,,,garage,flat,3.2
"stage 1 - building 877 - 41.999940, 21.611780",877,41.999940,21.611780,3270,R,606.3,flat,1,4.6,3.1,2.7,ms,,,garage,flat,3.2
"stage 1 - building 878 - 41.998075, 21.611904",878,41.998075,21.611904,3270,R,813.7,house,1,9.4,7.0,3.3,ms,,,house,gable,7.0
"stage 1 - building 879 - 41.997664, 21.611988",879,41.997664,21.611988,3270,R,859.7,house,2,13.0,11.5,6.2,ms,,,house,gable,7.0
"stage 1 - building 880 - 42.002567, 21.611613",880,42.002567,21.611613,3271,R,314.3,flat,1,5.7,4.1,2.7,ms,,,garage,flat,3.2
"stage 1 - building 881 - 41.998161, 21.612125",881,41.998161,21.612125,3271,R,805.5,house,1,8.7,4.9,3.3,ms,,,garage,flat,3.2
"stage 1 - building 882 - 41.998071, 21.612140",882,41.998071,21.612140,3271,R,815.6,house,1,8.7,4.9,3.3,ms,,,garage,flat,3.2
"stage 1 - building 883 - 41.998019, 21.612084",883,41.998019,21.612084,3271,R,820.9,flat,1,5.8,3.3,2.7,ms,,,garage,flat,3.2
"stage 1 - building 884 - 41.998009, 21.612185",884,41.998009,21.612185,3271,R,822.8,house,2,10.6,6.5,6.2,ms,,,row,flat,9.5
"stage 1 - building 885 - 42.004147, 21.611500",885,42.004147,21.611500,3272,R,138.6,house,1,8.2,4.4,3.3,ms,,,garage,flat,3.2
"stage 1 - building 886 - 42.000402, 21.611967",886,42.000402,21.611967,3272,R,556.4,house,2,11.5,10.2,6.2,ms,,,house,gable,7.0
"stage 1 - building 887 - 41.998509, 21.612195",887,41.998509,21.612195,3272,R,767.5,house,1,11.3,10.6,3.3,ms,,,house,gable,7.0
"stage 1 - building 888 - 41.997576, 21.612394",888,41.997576,21.612394,3272,R,872.3,house,1,11.1,9.6,3.3,ms,,,house,gable,7.0
"stage 1 - building 889 - 41.997471, 21.612285",889,41.997471,21.612285,3272,R,883.0,house,1,10.7,4.4,3.3,ms,,,house,gable,7.0
"stage 1 - building 890 - 41.999473, 21.612250",890,41.999473,21.612250,3273,R,661.4,house,1,9.8,9.4,3.3,ms,,,house,gable,7.0
"stage 1 - building 891 - 41.997180, 21.612602",891,41.997180,21.612602,3273,R,917.8,flat,1,5.6,4.0,2.7,ms,,,garage,flat,3.2
"stage 1 - building 892 - 41.997112, 21.612513",892,41.997112,21.612513,3273,R,924.5,house,2,10.0,7.3,6.2,ms,,,house,gable,7.0
"stage 1 - building 893 - 42.003889, 21.611624",893,42.003889,21.611624,3274,R,168.2,house,1,14.4,5.1,3.3,ms,,,house,gable,7.0
"stage 1 - building 894 - 42.000406, 21.612136",894,42.000406,21.612136,3274,R,557.4,house,1,8.3,5.6,3.3,ms,,,house,gable,7.0
"stage 1 - building 895 - 41.999791, 21.612245",895,41.999791,21.612245,3274,R,626.3,house,1,10.0,9.5,3.3,ms,,,house,gable,7.0
"stage 1 - building 896 - 41.997924, 21.612624",896,41.997924,21.612624,3274,R,835.9,flat,1,7.6,3.6,2.7,ms,,,garage,flat,3.2
"stage 1 - building 897 - 42.004312, 21.611581",897,42.004312,21.611581,3275,R,121.2,flat,1,7.3,4.1,2.7,ms,,,garage,flat,3.2
"stage 1 - building 898 - 42.001965, 21.611998",898,42.001965,21.611998,3275,R,384.2,house,2,15.7,7.9,6.2,ms,,,house,gable,7.0
"stage 1 - building 899 - 41.999291, 21.612531",899,41.999291,21.612531,3275,R,684.4,house,2,12.9,11.3,6.2,ms,,,house,gable,7.0
"stage 1 - building 900 - 41.998110, 21.612643",900,41.998110,21.612643,3275,R,815.7,house,1,8.8,6.9,3.3,ms,,,house,gable,7.0
"stage 1 - building 901 - 42.004815, 21.611493",901,42.004815,21.611493,3276,R,64.8,house,1,7.5,5.1,3.3,ms,,,garage,flat,3.2
"stage 1 - building 902 - 42.004463, 21.611601",902,42.004463,21.611601,3277,R,104.9,house,1,10.1,4.9,3.3,ms,,,house,gable,7.0
"stage 1 - building 903 - 42.003675, 21.611771",903,42.003675,21.611771,3277,R,193.5,house,2,15.4,11.2,6.2,ms,,,house,gable,7.0
"stage 1 - building 904 - 41.999552, 21.612693",904,41.999552,21.612693,3277,R,657.8,flat,1,24.7,16.1,7.0,ms,,,house,gable,7.0
"stage 1 - building 905 - 41.997809, 21.613118",905,41.997809,21.613118,3277,R,854.6,house,1,7.4,4.2,3.3,ms,,,garage,flat,3.2
"stage 1 - building 906 - 42.004137, 21.611707",906,42.004137,21.611707,3278,R,142.0,house,1,9.3,4.2,3.3,ms,,,garage,flat,3.2
"stage 1 - building 907 - 42.001732, 21.612310",907,42.001732,21.612310,3278,R,413.8,flat,1,3.9,3.5,2.7,ms,,,garage,flat,3.2
"stage 1 - building 908 - 41.998086, 21.613173",908,41.998086,21.613173,3278,R,825.1,house,1,9.5,6.8,3.3,ms,,,house,gable,7.0
"stage 1 - building 909 - 41.998401, 21.613172",909,41.998401,21.613172,3279,R,790.6,flat,1,6.6,4.2,2.7,ms,,,garage,flat,3.2
"stage 1 - building 910 - 42.001760, 21.612399",910,42.001760,21.612399,3280,R,412.1,house,2,10.1,7.6,6.2,ms,,,house,gable,7.0
"stage 1 - building 911 - 42.002039, 21.612392",911,42.002039,21.612392,3281,R,381.7,house,2,14.0,10.6,6.2,ms,,,house,gable,7.0
"stage 1 - building 912 - 42.000990, 21.612705",912,42.000990,21.612705,3281,R,501.0,house,2,11.5,11.2,6.2,ms,,,house,gable,7.0
"stage 1 - building 913 - 42.000844, 21.612811",913,42.000844,21.612811,3282,R,518.8,house,2,15.0,11.3,6.2,ms,,,house,gable,7.0
"stage 1 - building 914 - 42.004951, 21.611621",914,42.004951,21.611621,3284,R,52.0,house,1,10.7,4.2,3.3,ms,,,garage,flat,3.2
"stage 1 - building 915 - 42.006077, 21.611272",915,42.006077,21.611272,3284,L,76.3,house,1,13.5,9.6,3.3,ms,,,house,gable,7.0
"stage 1 - building 916 - 42.001440, 21.612751",916,42.001440,21.612751,3286,R,453.1,house,2,11.0,10.6,6.2,ms,,,house,gable,7.0
"stage 1 - building 917 - 42.004641, 21.611849",917,42.004641,21.611849,3294,R,89.9,house,2,10.2,8.3,6.2,ms,,,house,gable,7.0
"stage 1 - building 918 - 42.004938, 21.611781",918,42.004938,21.611781,3296,R,56.5,house,2,12.2,5.3,6.2,ms,,,house,gable,7.0
"stage 1 - building 919 - 42.006707, 21.611353",919,42.006707,21.611353,3308,L,142.9,house,1,12.5,5.5,3.3,ms,,,house,gable,7.0
"stage 1 - building 920 - 42.004604, 21.612170",920,42.004604,21.612170,3316,R,100.2,house,2,10.8,7.6,6.2,ms,,,house,gable,7.0
"stage 1 - building 921 - 42.006006, 21.611678",921,42.006006,21.611678,3317,L,60.7,house,2,10.9,7.1,6.2,ms,,,house,gable,7.0
"stage 1 - building 922 - 42.006439, 21.611555",922,42.006439,21.611555,3320,L,109.8,house,2,16.0,5.8,6.2,ms,,,house,gable,7.0
"stage 1 - building 923 - 42.006089, 21.611747",923,42.006089,21.611747,3324,L,68.2,house,1,7.9,4.5,3.3,ms,,,garage,flat,3.2
"stage 1 - building 924 - 42.006795, 21.611519",924,42.006795,21.611519,3324,L,148.9,flat,1,5.6,4.8,2.7,ms,,,garage,flat,3.2
"stage 1 - building 925 - 42.005779, 21.611876",925,42.005779,21.611876,3326,L,32.2,house,1,8.8,6.5,3.3,ms,,,house,gable,7.0
"stage 1 - building 926 - 42.005397, 21.612037",926,42.005397,21.612037,3329,R,12.0,house,2,12.5,9.1,6.2,ms,,,house,gable,7.0
"stage 1 - building 927 - 42.006318, 21.611829",927,42.006318,21.611829,3331,L,91.7,house,1,12.7,4.4,3.3,ms,,,house,gable,7.0
"stage 1 - building 928 - 42.006315, 21.611957",928,42.006315,21.611957,3339,L,89.6,house,1,8.4,4.6,3.3,ms,,,garage,flat,3.2
"stage 1 - building 929 - 42.006195, 21.612070",929,42.006195,21.612070,3344,L,75.2,house,2,9.5,9.0,6.2,ms,,,house,gable,7.0
"stage 1 - building 930 - 42.005806, 21.612191",930,42.005806,21.612191,3348,L,31.1,house,2,20.0,11.8,6.2,ms,,,house,gable,7.0
"stage 1 - building 931 - 42.005645, 21.612255",931,42.005645,21.612255,3351,L,12.7,house,2,16.7,7.1,6.2,ms,,,house,gable,7.0
"stage 1 - building 932 - 42.006184, 21.612230",932,42.006184,21.612230,3355,L,72.5,house,1,7.7,4.9,3.3,ms,,,garage,flat,3.2
"stage 1 - building 933 - 42.005761, 21.612502",933,42.005761,21.612502,3371,L,23.9,house,2,12.6,5.1,6.2,ms,,,house,gable,7.0
"stage 1 - building 934 - 42.003682, 21.612799",934,42.003682,21.612799,3417,R,206.3,house,1,7.4,6.4,3.3,ms,,,house,gable,7.0
"stage 1 - building 935 - 42.005323, 21.613111",935,42.005323,21.613111,3422,R,22.5,house,1,8.9,7.7,3.3,ms,,,house,gable,7.0
"stage 1 - building 936 - 42.005789, 21.613153",936,42.005789,21.613153,3423,L,29.4,house,1,23.8,12.4,3.3,ms,,,house,gable,7.0
"stage 1 - building 937 - 42.003356, 21.613022",937,42.003356,21.613022,3424,R,241.1,house,1,16.7,8.6,3.3,ms,,,house,gable,7.0
"stage 1 - building 938 - 42.002594, 21.612985",938,42.002594,21.612985,3424,R,325.8,flat,1,5.3,3.0,2.7,ms,,,garage,flat,3.2
"stage 1 - building 939 - 42.001944, 21.612939",939,42.001944,21.612939,3424,R,398.1,house,1,20.8,8.6,3.3,ms,,,house,gable,7.0
"stage 1 - building 940 - 42.003655, 21.613116",940,42.003655,21.613116,3427,R,207.7,house,1,8.1,5.7,3.3,ms,,,house,gable,7.0
"stage 1 - building 941 - 42.001204, 21.613086",941,42.001204,21.613086,3431,R,479.8,house,1,8.8,8.2,3.3,ms,,,house,gable,7.0
"stage 1 - building 942 - 42.002203, 21.613130",942,42.002203,21.613130,3432,R,368.8,house,2,9.8,7.7,6.2,ms,,,house,gable,7.0
"stage 1 - building 943 - 42.001880, 21.613221",943,42.001880,21.613221,3435,R,404.6,house,2,13.9,8.6,6.2,ms,,,house,gable,7.0
"stage 1 - building 944 - 42.001173, 21.613254",944,42.001173,21.613254,3436,R,483.0,house,1,8.8,5.0,3.3,ms,,,garage,flat,3.2
"stage 1 - building 945 - 42.002379, 21.613326",945,42.002379,21.613326,3437,R,349.1,flat,1,7.9,3.4,2.7,ms,,,garage,flat,3.2
"stage 1 - building 946 - 42.003950, 21.613348",946,42.003950,21.613348,3438,R,174.6,house,1,12.8,9.7,3.3,ms,,,house,gable,7.0
"stage 1 - building 947 - 42.002348, 21.613444",947,42.002348,21.613444,3439,R,352.7,flat,1,6.6,3.3,2.7,ms,,,garage,flat,3.2
"stage 1 - building 948 - 42.002161, 21.613403",948,42.002161,21.613403,3439,R,373.4,flat,1,5.5,4.0,2.7,ms,,,garage,flat,3.2
"stage 1 - building 949 - 42.002414, 21.613576",949,42.002414,21.613576,3442,R,345.8,flat,1,6.3,4.0,2.7,ms,,,garage,flat,3.2
"stage 1 - building 950 - 42.002791, 21.613596",950,42.002791,21.613596,3443,R,304.0,house,1,7.2,5.7,3.3,ms,,,garage,flat,3.2
"stage 1 - building 951 - 41.996484, 21.614152",951,41.996484,21.614152,3443,R,1006.1,house,2,13.0,7.7,6.2,ms,,,row,flat,9.5
"stage 1 - building 952 - 41.996466, 21.614229",952,41.996466,21.614229,3444,R,1008.5,flat,1,4.7,3.6,2.7,ms,,,garage,flat,3.2
"stage 1 - building 953 - 42.002644, 21.613764",953,42.002644,21.613764,3448,R,321.4,house,2,14.7,12.1,6.2,ms,,,house,gable,7.0
"stage 1 - building 954 - 42.001728, 21.613918",954,42.001728,21.613918,3450,R,423.8,house,2,41.0,4.3,6.2,ms,,,house,gable,7.0
"stage 1 - building 955 - 42.005779, 21.613468",955,42.005779,21.613468,3453,L,27.6,house,2,10.6,6.7,6.2,ms,,,house,gable,7.0
"stage 1 - building 956 - 42.005079, 21.613631",956,42.005079,21.613631,3459,R,51.1,flat,1,5.5,2.8,2.7,ms,,,garage,flat,3.2
"stage 1 - building 957 - 42.004283, 21.613784",957,42.004283,21.613784,3462,R,140.3,flat,1,23.8,17.2,7.0,ms,,,house,gable,7.0
"stage 1 - building 958 - 42.001602, 21.614185",958,42.001602,21.614185,3462,R,439.9,house,1,8.1,4.4,3.3,ms,,,garage,flat,3.2
"stage 1 - building 959 - 41.996523, 21.614949",959,41.996523,21.614949,3462,R,1007.6,house,2,8.3,8.1,6.2,ms,,,house,gable,7.0
"stage 1 - building 960 - 42.003942, 21.613880",960,42.003942,21.613880,3463,R,178.8,house,2,11.0,7.2,6.2,ms,,,house,gable,7.0
"stage 1 - building 961 - 42.004760, 21.613795",961,42.004760,21.613795,3465,R,87.9,house,1,12.8,12.5,3.3,ms,,,house,gable,7.0
"stage 1 - building 962 - 42.002782, 21.614246",962,42.002782,21.614246,3466,R,310.7,house,1,7.9,7.0,3.3,ms,,,house,gable,7.0
"stage 1 - building 963 - 42.003002, 21.614255",963,42.003002,21.614255,3467,R,286.7,house,2,20.1,12.6,6.2,ms,,,house,gable,7.0
"stage 1 - building 964 - 42.002585, 21.614371",964,42.002585,21.614371,3467,R,334.0,house,2,12.1,7.1,6.2,ms,,,house,gable,7.0
"stage 1 - building 965 - 42.003241, 21.614283",965,42.003241,21.614283,3468,R,261.0,house,1,9.6,6.0,3.3,ms,,,house,gable,7.0
"stage 1 - building 966 - 42.004613, 21.613955",966,42.004613,21.613955,3469,R,106.2,house,1,13.5,6.2,3.3,ms,,,house,gable,7.0
"stage 1 - building 967 - 42.004234, 21.614031",967,42.004234,21.614031,3469,R,148.8,house,2,17.8,5.5,6.2,ms,,,house,gable,7.0
"stage 1 - building 968 - 42.002796, 21.614431",968,42.002796,21.614431,3469,R,311.9,house,1,15.0,8.4,3.3,ms,,,house,gable,7.0
"stage 1 - building 969 - 42.005031, 21.613839",969,42.005031,21.613839,3470,R,58.8,house,2,9.5,8.1,6.2,ms,,,house,gable,7.0
"stage 1 - building 970 - 41.996894, 21.616222",970,41.996894,21.616222,3470,R,984.0,house,1,12.8,10.7,3.3,ms,,,house,gable,7.0
"stage 1 - building 971 - 42.005180, 21.613817",971,42.005180,21.613817,3471,R,42.3,house,2,13.1,7.0,6.2,ms,,,house,gable,7.0
"stage 1 - building 972 - 42.005688, 21.613676",972,42.005688,21.613676,3472,L,15.3,house,1,14.2,4.1,3.3,ms,,,house,gable,7.0
"stage 1 - building 973 - 41.996471, 21.616633",973,41.996471,21.616633,3474,R,1037.3,house,1,9.7,8.8,3.3,ms,,,house,gable,7.0
"stage 1 - building 974 - 42.001430, 21.615074",974,42.001430,21.615074,3475,R,471.6,flat,1,34.7,13.6,7.0,ms,,,house,gable,7.0
"stage 1 - building 975 - 42.005166, 21.613928",975,42.005166,21.613928,3479,R,45.9,flat,1,6.1,4.8,2.7,ms,,,garage,flat,3.2
"stage 1 - building 976 - 42.004694, 21.614145",976,42.004694,21.614145,3485,R,101.0,house,2,12.7,5.2,6.2,ms,,,house,gable,7.0
"stage 1 - building 977 - 42.005025, 21.614136",977,42.005025,21.614136,3492,R,65.1,house,1,10.8,9.2,3.3,ms,,,house,gable,7.0
"stage 1 - building 978 - 42.004614, 21.614301",978,42.004614,21.614301,3495,R,112.6,house,2,14.9,10.3,6.2,ms,,,house,gable,7.0
"stage 1 - building 979 - 42.005148, 21.614220",979,42.005148,21.614220,3502,R,53.3,house,1,22.7,9.3,3.3,ms,,,house,gable,7.0
"stage 1 - building 980 - 42.004579, 21.614446",980,42.004579,21.614446,3506,R,119.1,flat,1,5.6,2.9,2.7,ms,,,garage,flat,3.2
"stage 1 - building 981 - 41.996646, 21.616898",981,41.996646,21.616898,3507,R,1023.3,house,2,8.9,8.4,6.2,ms,,,house,gable,7.0
"stage 1 - building 982 - 42.001081, 21.615555",982,42.001081,21.615555,3508,R,518.3,house,1,10.5,6.3,3.3,ms,,,house,gable,7.0
"stage 1 - building 983 - 41.997699, 21.616604",983,41.997699,21.616604,3508,R,903.8,house,2,10.0,8.4,6.2,ms,,,house,gable,7.0
"stage 1 - building 984 - 41.997372, 21.616715",984,41.997372,21.616715,3509,R,941.4,house,2,13.4,7.7,6.2,ms,,,row,flat,9.5
"stage 1 - building 985 - 41.997426, 21.616777",985,41.997426,21.616777,3511,R,936.7,house,2,8.8,7.0,6.2,ms,,,row,flat,9.5
"stage 1 - building 986 - 41.996504, 21.617259",986,41.996504,21.617259,3514,R,1045.6,house,2,14.1,9.0,6.2,ms,,,house,gable,7.0
"stage 1 - building 987 - 42.002295, 21.615368",987,42.002295,21.615368,3515,R,383.6,house,1,10.6,8.0,3.3,ms,,,house,gable,7.0
"stage 1 - building 988 - 41.996884, 21.617206",988,41.996884,21.617206,3515,R,1003.6,house,1,6.9,6.4,3.3,ms,,,garage,flat,3.2
"stage 1 - building 989 - 42.005274, 21.614365",989,42.005274,21.614365,3516,R,42.4,house,2,15.7,4.9,6.2,ms,,,house,gable,7.0
"stage 1 - building 990 - 42.001396, 21.615714",990,42.001396,21.615714,3516,R,487.4,house,1,11.7,9.9,3.3,ms,,,house,gable,7.0
"stage 1 - building 991 - 41.996964, 21.617240",991,41.996964,21.617240,3516,R,995.6,house,1,12.4,10.4,3.3,ms,,,house,gable,7.0
"stage 1 - building 992 - 41.996705, 21.617472",992,41.996705,21.617472,3517,R,1028.3,house,2,10.8,8.2,6.2,ms,,,house,gable,7.0
"stage 1 - building 993 - 41.997168, 21.617412",993,41.997168,21.617412,3518,R,977.4,house,2,9.6,9.4,6.2,ms,,,house,gable,7.0
"stage 1 - building 994 - 42.002308, 21.615525",994,42.002308,21.615525,3519,R,385.6,flat,1,5.1,3.1,2.7,ms,,,garage,flat,3.2
"stage 1 - building 995 - 42.001783, 21.615785",995,42.001783,21.615785,3520,R,447.5,house,1,13.1,6.2,3.3,ms,,,house,gable,7.0
"stage 1 - building 996 - 41.997138, 21.617575",996,41.997138,21.617575,3520,R,984.3,house,2,11.9,7.5,6.2,ms,,,house,gable,7.0
"stage 1 - building 997 - 41.996971, 21.617596",997,41.996971,21.617596,3520,R,1002.7,house,1,7.8,5.5,3.3,ms,,,garage,flat,3.2
"stage 1 - building 998 - 42.004897, 21.614657",998,42.004897,21.614657,3525,R,89.3,house,2,17.8,10.6,6.2,ms,,,house,gable,7.0
"stage 1 - building 999 - 41.996686, 21.617935",999,41.996686,21.617935,3525,R,1041.0,house,1,10.2,7.6,3.3,ms,,,house,gable,7.0
"stage 1 - building 1000 - 42.001807, 21.615908",1000,42.001807,21.615908,3526,R,447.9,house,2,18.5,8.8,6.2,ms,,,row,flat,9.5
"stage 1 - building 1001 - 41.996774, 21.618092",1001,41.996774,21.618092,3535,R,1035.3,house,2,8.7,7.0,6.2,ms,,,house,gable,7.0
"stage 1 - building 1002 - 41.997059, 21.618047",1002,41.997059,21.618047,3537,R,1003.9,house,2,9.6,7.3,6.2,ms,,,house,gable,7.0
"stage 1 - building 1003 - 41.997644, 21.618005",1003,41.997644,21.618005,3540,R,940.9,house,1,7.2,4.6,3.3,ms,,,garage,flat,3.2
"stage 1 - building 1004 - 42.001842, 21.616696",1004,42.001842,21.616696,3561,R,465.0,house,1,15.5,8.2,3.3,ms,,,house,gable,7.0
"stage 1 - building 1005 - 41.997743, 21.618824",1005,41.997743,21.618824,3564,R,953.1,flat,1,6.4,3.9,2.7,ms,,,garage,flat,3.2
"stage 1 - building 1006 - 41.997004, 21.619388",1006,41.997004,21.619388,3566,R,1046.4,house,1,7.7,6.7,3.3,ms,,,house,gable,7.0
"stage 1 - building 1007 - 41.998255, 21.619277",1007,41.998255,21.619277,3570,R,914.4,house,1,15.8,6.0,3.3,ms,,,house,gable,7.0
"stage 1 - building 1008 - 41.998667, 21.619106",1008,41.998667,21.619106,3571,R,866.9,house,1,8.8,5.8,3.3,ms,,,house,gable,7.0
"stage 1 - building 1009 - 41.998069, 21.619413",1009,41.998069,21.619413,3571,R,937.9,house,1,9.8,8.2,3.3,ms,,,house,gable,7.0
"stage 1 - building 1010 - 41.998158, 21.619591",1010,41.998158,21.619591,3572,R,934.9,house,1,11.7,8.8,3.3,ms,,,house,gable,7.0
"stage 1 - building 1011 - 41.997244, 21.620074",1011,41.997244,21.620074,3572,R,1043.9,house,1,7.4,6.8,3.3,ms,,,house,gable,7.0
"stage 1 - building 1012 - 41.998219, 21.619860",1012,41.998219,21.619860,3575,R,938.3,house,2,11.3,10.0,6.2,ms,,,house,gable,7.0
"stage 1 - building 1013 - 41.997818, 21.620220",1013,41.997818,21.620220,3577,R,991.4,house,2,13.8,8.4,6.2,ms,,,house,gable,7.0
"stage 1 - building 1014 - 41.998280, 21.620007",1014,41.998280,21.620007,3580,R,937.7,house,2,11.2,9.3,6.2,ms,,,house,gable,7.0
"stage 1 - building 1015 - 41.998564, 21.619853",1015,41.998564,21.619853,3582,R,903.7,flat,1,4.4,3.2,2.7,ms,,,garage,flat,3.2
"stage 1 - building 1016 - 41.998017, 21.620498",1016,41.998017,21.620498,3591,R,982.0,flat,1,4.9,4.3,2.7,ms,,,garage,flat,3.2
"stage 1 - building 1017 - 41.998595, 21.620150",1017,41.998595,21.620150,3592,R,911.7,flat,1,5.0,3.8,2.7,ms,,,garage,flat,3.2
"stage 1 - building 1018 - 41.998604, 21.620791",1018,41.998604,21.620791,3598,R,936.3,house,1,6.9,6.4,3.3,ms,,,garage,flat,3.2
"stage 1 - building 1019 - 42.001429, 21.618883",1019,42.001429,21.618883,3633,R,585.5,house,1,10.0,7.1,3.3,ms,,,house,gable,7.0
"stage 1 - building 1020 - 42.001686, 21.618945",1020,42.001686,21.618945,3646,R,562.9,flat,1,4.6,3.5,2.7,ms,,,garage,flat,3.2
"stage 1 - building 1021 - 42.002245, 21.618992",1021,42.002245,21.618992,3678,R,510.5,house,2,15.7,4.7,6.2,ms,,,house,gable,7.0
"stage 1 - building 1022 - 42.002276, 21.619401",1022,42.002276,21.619401,3694,R,524.2,house,1,9.3,8.7,3.3,ms,,,house,gable,7.0
"stage 1 - building 1023 - 42.008321, 21.617841",1023,42.008321,21.617841,3978,R,34.9,house,1,5.9,5.8,3.3,ms,,,tomb,gable,3.5
"stage 1 - building 1024 - 42.010036, 21.615109",1024,42.010036,21.615109,4248,R,76.3,flat,1,4.4,3.3,2.7,ms,,,garage,flat,3.2
"stage 1 - building 1025 - 42.008719, 21.614275",1025,42.008719,21.614275,4458,L,28.5,house,2,12.1,6.3,6.2,osm,1395332289,yes,house,gable,7.0
"stage 1 - building 1026 - 42.008744, 21.614190",1026,42.008744,21.614190,4458,R,30.6,house,2,13.8,5.9,6.2,osm,1395332290,yes,row,flat,9.5
"stage 1 - building 1027 - 42.008499, 21.613936",1027,42.008499,21.613936,4458,R,65.0,house,1,7.3,6.8,3.3,osm,1395332294,yes,house,gable,7.0
"stage 1 - building 1028 - 42.008680, 21.614103",1028,42.008680,21.614103,4458,R,40.7,house,1,6.4,4.9,3.3,osm,1395332292,yes,garage,flat,3.2
"stage 1 - building 1029 - 42.008621, 21.614037",1029,42.008621,21.614037,4458,R,49.3,flat,1,5.2,4.9,2.7,osm,1395332293,yes,garage,flat,3.2
"stage 1 - building 1030 - 42.008727, 21.614129",1030,42.008727,21.614129,4458,R,35.6,house,1,6.5,6.5,3.3,osm,1395332291,yes,garage,flat,3.2
"stage 1 - building 1031 - 42.008501, 21.614204",1031,42.008501,21.614204,4458,L,52.7,house,2,10.1,9.8,6.2,osm,1395332286,church,church,gable,11.0
"stage 1 - building 1032 - 42.008776, 21.614130",1032,42.008776,21.614130,4458,R,32.3,house,1,6.4,6.0,3.3,ms,,,garage,flat,3.2
"stage 1 - building 1033 - 42.008280, 21.614045",1033,42.008280,21.614045,4458,L,80.6,flat,1,6.1,4.6,2.7,osm,1395332295,yes,garage,flat,3.2
"stage 1 - building 1034 - 42.008638, 21.614423",1034,42.008638,21.614423,4458,L,33.4,house,1,26.5,6.2,3.3,osm,1395332288,yes,house,gable,7.0
"stage 1 - building 1035 - 42.006875, 21.560068",1035,42.006875,21.560068,0,L,1645.5,house,1,14.2,4.1,3.3,ms,,,house,gable,7.0
"stage 1 - building 1036 - 42.006867, 21.562297",1036,42.006867,21.562297,0,L,1483.2,house,1,7.4,4.2,3.3,ms,,,garage,flat,3.2
"stage 1 - building 1037 - 42.006879, 21.562396",1037,42.006879,21.562396,0,L,1476.7,house,2,20.5,4.8,6.2,ms,,,row,flat,9.5
"stage 1 - building 1038 - 42.007037, 21.562037",1038,42.007037,21.562037,0,L,1511.3,flat,1,6.8,3.7,2.7,ms,,,garage,flat,3.2
"stage 1 - building 1039 - 42.006983, 21.562235",1039,42.006983,21.562235,0,L,1494.1,house,1,20.5,4.5,3.3,ms,,,house,gable,7.0
"stage 1 - building 1040 - 42.007021, 21.562181",1040,42.007021,21.562181,0,L,1500.1,house,2,20.3,3.7,6.2,ms,,,house,gable,7.0
"stage 1 - building 1041 - 42.007124, 21.562029",1041,42.007124,21.562029,0,L,1516.8,house,1,19.7,3.9,3.3,ms,,,house,gable,7.0
"stage 1 - building 1042 - 42.007147, 21.562142",1042,42.007147,21.562142,0,L,1510.1,flat,1,4.2,3.8,2.7,ms,,,garage,flat,3.2
"stage 1 - building 1043 - 42.007078, 21.562515",1043,42.007078,21.562515,0,L,1479.7,house,1,20.1,5.1,3.3,ms,,,row,flat,9.5
"stage 1 - building 1044 - 42.007113, 21.562463",1044,42.007113,21.562463,0,L,1485.5,house,2,20.0,4.6,6.2,ms,,,row,flat,9.5
"stage 1 - building 1045 - 42.007147, 21.562411",1045,42.007147,21.562411,0,L,1491.1,house,2,20.5,4.8,6.2,ms,,,row,flat,9.5
"stage 1 - building 1046 - 42.007185, 21.562361",1046,42.007185,21.562361,0,L,1496.8,house,1,19.8,4.7,3.3,ms,,,row,flat,9.5
"stage 1 - building 1047 - 42.007218, 21.562307",1047,42.007218,21.562307,0,L,1502.6,house,2,20.0,4.6,6.2,ms,,,row,flat,9.5
"stage 1 - building 1048 - 42.007291, 21.562206",1048,42.007291,21.562206,0,L,1513.9,house,2,19.4,4.5,6.2,ms,,,row,flat,9.5
"stage 1 - building 1049 - 42.007323, 21.562152",1049,42.007323,21.562152,0,L,1519.6,house,1,19.8,4.6,3.3,ms,,,row,flat,9.5
"stage 1 - building 1050 - 42.007198, 21.562601",1050,42.007198,21.562601,0,L,1480.7,house,1,19.6,4.5,3.3,ms,,,house,gable,7.0
"stage 1 - building 1051 - 42.007338, 21.562390",1051,42.007338,21.562390,0,L,1503.8,house,1,19.4,4.4,3.3,ms,,,house,gable,7.0
"stage 1 - building 1052 - 42.001690, 21.566668",1052,42.001690,21.566668,0,R,933.7,house,2,23.3,4.1,6.2,ms,,,house,gable,7.0
"stage 1 - building 1053 - 42.007861, 21.561494",1053,42.007861,21.561494,0,L,1597.6,house,1,15.3,3.3,3.3,ms,,,house,gable,7.0
"stage 1 - building 1054 - 42.001635, 21.566610",1054,42.001635,21.566610,0,R,937.3,house,1,21.6,4.5,3.3,ms,,,house,gable,7.0
"stage 1 - building 1055 - 42.001563, 21.565794",1055,42.001563,21.565794,0,R,1002.5,flat,1,5.9,3.2,2.7,ms,,,garage,flat,3.2
"stage 1 - building 1056 - 42.001532, 21.565527",1056,42.001532,21.565527,0,R,1023.8,house,2,23.3,4.7,6.2,ms,,,house,gable,7.0
"stage 1 - building 1057 - 42.001484, 21.565473",1057,42.001484,21.565473,0,R,1027.5,house,1,23.4,4.6,3.3,ms,,,house,gable,7.0
"stage 1 - building 1058 - 42.001393, 21.565345",1058,42.001393,21.565345,0,R,1036.5,house,2,24.3,5.1,6.2,ms,,,house,gable,7.0
"stage 1 - building 1059 - 42.001410, 21.564721",1059,42.001410,21.564721,0,R,1088.0,house,2,10.7,6.6,6.2,ms,,,house,gable,7.0
"stage 1 - building 1060 - 42.001220, 21.565128",1060,42.001220,21.565128,0,R,1051.9,house,2,19.2,13.6,6.2,ms,,,house,gable,7.0
"stage 1 - building 1061 - 42.009431, 21.559728",1061,42.009431,21.559728,0,L,1816.1,flat,1,5.4,2.8,2.7,ms,,,garage,flat,3.2
"stage 1 - building 1062 - 42.001110, 21.565326",1062,42.001110,21.565326,0,R,1034.2,house,1,8.7,3.6,3.3,ms,,,garage,flat,3.2
"stage 1 - building 1063 - 42.009272, 21.560241",1063,42.009272,21.560241,0,L,1771.1,house,2,19.8,4.9,6.2,ms,,,house,gable,7.0
"stage 1 - building 1064 - 42.009460, 21.559831",1064,42.009460,21.559831,0,L,1811.0,house,2,19.9,3.8,6.2,ms,,,house,gable,7.0
"stage 1 - building 1065 - 42.009518, 21.559707",1065,42.009518,21.559707,0,L,1823.1,house,1,20.9,4.3,3.3,ms,,,house,gable,7.0
"stage 1 - building 1066 - 42.001219, 21.564629",1066,42.001219,21.564629,0,R,1092.9,house,1,7.7,7.2,3.3,ms,,,house,gable,7.0
"stage 1 - building 1067 - 42.001225, 21.564550",1067,42.001225,21.564550,0,R,1099.5,flat,1,4.0,3.2,2.7,ms,,,garage,flat,3.2
"stage 1 - building 1068 - 41.998327, 21.572299",1068,41.998327,21.572299,0,R,492.0,flat,2,15.4,10.4,6.4,ms,,,industrial,flat,8.5
"stage 1 - building 1069 - 41.999809, 21.567642",1069,41.999809,21.567642,0,R,837.0,house,1,5.8,5.7,3.3,ms,,,garage,flat,3.2
"stage 1 - building 1070 - 42.000785, 21.564688",1070,42.000785,21.564688,0,R,1083.7,house,1,6.7,4.5,3.3,ms,,,garage,flat,3.2
"stage 1 - building 1071 - 42.000743, 21.564782",1071,42.000743,21.564782,0,R,1075.6,flat,1,5.6,4.3,2.7,ms,,,garage,flat,3.2
"stage 1 - building 1072 - 42.000598, 21.565182",1072,42.000598,21.565182,0,R,1041.6,house,2,12.8,10.5,6.2,ms,,,house,gable,7.0
"stage 1 - building 1073 - 42.000670, 21.564954",1073,42.000670,21.564954,0,R,1060.9,house,1,10.3,4.0,3.3,ms,,,garage,flat,3.2
"stage 1 - building 1074 - 41.998309, 21.571827",1074,41.998309,21.571827,0,R,528.8,flat,1,13.9,13.9,3.4,ms,,,industrial,flat,8.5
"stage 1 - building 1075 - 41.999211, 21.569154",1075,41.999211,21.569154,0,R,718.0,flat,1,30.2,24.2,7.0,ms,,,industrial,flat,8.5
"stage 1 - building 1076 - 42.000417, 21.565513",1076,42.000417,21.565513,0,R,1013.3,house,1,8.9,4.8,3.3,ms,,,garage,flat,3.2
"stage 1 - building 1077 - 42.000748, 21.564422",1077,42.000748,21.564422,0,R,1105.4,flat,1,5.7,5.0,2.7,ms,,,garage,flat,3.2
"stage 1 - building 1078 - 42.000712, 21.564500",1078,42.000712,21.564500,0,R,1098.7,house,1,8.0,6.2,3.3,ms,,,house,gable,7.0
"stage 1 - building 1079 - 41.999737, 21.567321",1079,41.999737,21.567321,0,R,863.9,house,2,14.2,7.1,6.2,ms,,,house,gable,7.0
"stage 1 - building 1080 - 41.998314, 21.571503",1080,41.998314,21.571503,0,R,553.6,flat,1,13.4,13.3,3.4,ms,,,industrial,flat,8.5
"stage 1 - building 1081 - 42.000185, 21.565938",1081,42.000185,21.565938,0,R,977.6,house,2,10.3,7.9,6.2,ms,,,house,gable,7.0
"stage 1 - building 1082 - 42.000509, 21.564925",1082,42.000509,21.564925,0,R,1062.4,house,1,10.5,9.3,3.3,ms,,,house,gable,7.0
"stage 1 - building 1083 - 41.998915, 21.569592",1083,41.998915,21.569592,0,R,687.7,flat,1,7.7,2.6,2.7,ms,,,garage,flat,3.2
"stage 1 - building 1084 - 42.000616, 21.564578",1084,42.000616,21.564578,0,R,1091.6,house,1,12.0,8.8,3.3,ms,,,house,gable,7.0
"stage 1 - building 1085 - 42.000426, 21.565131",1085,42.000426,21.565131,0,R,1044.9,house,1,11.1,10.3,3.3,ms,,,house,gable,7.0
"stage 1 - building 1086 - 41.998922, 21.569483",1086,41.998922,21.569483,0,R,696.4,flat,1,6.2,2.2,2.7,ms,,,garage,flat,3.2
"stage 1 - building 1087 - 42.000606, 21.564408",1087,42.000606,21.564408,0,R,1105.7,house,1,8.8,8.3,3.3,ms,,,house,gable,7.0
"stage 1 - building 1088 - 42.000508, 21.564692",1088,42.000508,21.564692,0,R,1081.7,house,2,9.6,9.1,6.2,ms,,,house,gable,7.0
"stage 1 - building 1089 - 41.998314, 21.571134",1089,41.998314,21.571134,0,R,582.3,flat,2,14.0,13.9,6.4,ms,,,industrial,flat,8.5
"stage 1 - building 1090 - 41.998054, 21.571820",1090,41.998054,21.571820,0,R,540.7,flat,2,14.9,13.5,6.4,ms,,,industrial,flat,8.5
"stage 1 - building 1091 - 41.999338, 21.567906",1091,41.999338,21.567906,0,R,818.9,flat,1,38.8,32.0,7.0,ms,,,commercial,flat,7.0
"stage 1 - building 1092 - 42.000272, 21.565094",1092,42.000272,21.565094,0,R,1047.6,house,1,9.5,4.9,3.3,ms,,,house,gable,7.0
"stage 1 - building 1093 - 41.998076, 21.571486",1093,41.998076,21.571486,0,R,564.9,flat,1,14.5,13.6,3.4,ms,,,industrial,flat,8.5
"stage 1 - building 1094 - 41.999413, 21.567368",1094,41.999413,21.567368,0,R,862.5,house,1,8.0,6.4,3.3,ms,,,house,gable,7.0
"stage 1 - building 1095 - 41.998066, 21.571151",1095,41.998066,21.571151,0,R,590.9,flat,1,14.5,13.6,3.4,ms,,,industrial,flat,8.5
"stage 1 - building 1096 - 41.999253, 21.567501",1096,41.999253,21.567501,0,R,853.3,flat,1,17.8,11.8,3.4,ms,,,industrial,flat,8.5
"stage 1 - building 1097 - 42.000312, 21.564348",1097,42.000312,21.564348,0,R,1109.5,house,1,7.7,6.2,3.3,ms,,,house,gable,7.0
"stage 1 - building 1098 - 42.000103, 21.564894",1098,42.000103,21.564894,0,R,1064.0,house,1,7.6,7.1,3.3,ms,,,house,gable,7.0
"stage 1 - building 1099 - 42.000140, 21.564465",1099,42.000140,21.564465,0,R,1099.6,house,2,11.4,5.9,6.2,ms,,,house,gable,7.0
"stage 1 - building 1100 - 41.997714, 21.571565",1100,41.997714,21.571565,0,R,576.4,flat,1,60.9,18.1,7.0,osm,447904301,yes,industrial,flat,8.5
"stage 1 - building 1101 - 41.999200, 21.567140",1101,41.999200,21.567140,0,R,883.7,flat,2,13.7,10.6,6.4,ms,,,house,gable,7.0
"stage 1 - building 1102 - 41.998073, 21.570439",1102,41.998073,21.570439,0,R,645.5,flat,1,33.3,11.0,7.0,osm,447904300,yes,industrial,flat,8.5
"stage 1 - building 1103 - 42.000201, 21.564176",1103,42.000201,21.564176,0,R,1123.6,house,1,11.7,10.4,3.3,ms,,,house,gable,7.0
"stage 1 - building 1104 - 41.997941, 21.570794",1104,41.997941,21.570794,0,R,623.6,flat,1,30.5,10.8,7.0,osm,447904299,yes,industrial,flat,8.5
"stage 1 - building 1105 - 42.000051, 21.564530",1105,42.000051,21.564530,0,R,1094.1,flat,1,17.7,17.1,7.0,ms,,,house,gable,7.0
"stage 1 - building 1106 - 41.998977, 21.567629",1106,41.998977,21.567629,0,R,846.8,house,1,6.8,6.7,3.3,ms,,,house,gable,7.0
"stage 1 - building 1107 - 41.997418, 21.571877",1107,41.997418,21.571877,0,R,570.1,flat,1,5.7,5.0,2.7,ms,,,garage,flat,3.2
"stage 1 - building 1108 - 41.998083, 21.569884",1108,41.998083,21.569884,0,R,688.4,flat,1,24.7,13.0,7.0,ms,,,industrial,flat,8.5
"stage 1 - building 1109 - 41.999640, 21.565288",1109,41.999640,21.565288,0,R,1032.7,house,1,11.3,3.1,3.3,ms,,,garage,flat,3.2
"stage 1 - building 1110 - 41.997437, 21.571750",1110,41.997437,21.571750,0,R,578.0,house,2,14.5,6.5,6.2,ms,,,house,gable,7.0
"stage 1 - building 1111 - 41.999964, 21.564270",1111,41.999964,21.564270,0,R,1115.8,house,1,9.2,5.4,3.3,ms,,,house,gable,7.0
"stage 1 - building 1112 - 41.999511, 21.565593",1112,41.999511,21.565593,0,R,1008.3,house,1,16.6,10.2,3.3,ms,,,house,gable,7.0
"stage 1 - building 1113 - 42.000053, 21.563911",1113,42.000053,21.563911,0,R,1145.5,flat,1,8.6,2.8,2.7,ms,,,garage,flat,3.2
"stage 1 - building 1114 - 41.998391, 21.568772",1114,41.998391,21.568772,0,R,766.8,house,1,12.2,4.9,3.3,ms,,,house,gable,7.0
"stage 1 - building 1115 - 41.997465, 21.571462",1115,41.997465,21.571462,0,R,597.1,flat,2,17.2,12.6,6.4,osm,447904303,yes,industrial,flat,8.5
"stage 1 - building 1116 - 42.000020, 21.563942",1116,42.000020,21.563942,0,R,1142.9,house,1,10.6,4.4,3.3,ms,,,row,flat,9.5
"stage 1 - building 1117 - 41.997208, 21.572157",1117,41.997208,21.572157,0,R,563.5,house,1,6.8,4.7,3.3,ms,,,garage,flat,3.2
"stage 1 - building 1118 - 41.999512, 21.565324",1118,41.999512,21.565324,0,R,1030.5,house,2,12.9,11.4,6.2,ms,,,house,gable,7.0
"stage 1 - building 1119 - 41.997468, 21.571336",1119,41.997468,21.571336,0,R,606.0,house,1,7.3,4.7,3.3,ms,,,garage,flat,3.2
"stage 1 - building 1120 - 41.997493, 21.571221",1120,41.997493,21.571221,0,R,613.0,flat,1,6.7,3.2,2.7,ms,,,garage,flat,3.2
"stage 1 - building 1121 - 41.997298, 21.571671",1121,41.997298,21.571671,0,R,591.6,house,1,7.5,5.0,3.3,osm,670256649,yes,garage,flat,3.2
"stage 1 - building 1122 - 41.998188, 21.568991",1122,41.998188,21.568991,0,R,755.4,flat,1,16.5,11.7,3.4,ms,,,industrial,flat,8.5
"stage 1 - building 1123 - 41.997539, 21.570852",1123,41.997539,21.570852,0,R,637.8,flat,1,30.0,11.5,7.0,ms,,,industrial,flat,8.5
"stage 1 - building 1124 - 41.997458, 21.571082",1124,41.997458,21.571082,0,R,625.0,flat,1,33.9,12.2,7.0,osm,447904307,yes,industrial,flat,8.5
"stage 1 - building 1125 - 41.999415, 21.565275",1125,41.999415,21.565275,0,R,1035.3,house,1,7.8,5.2,3.3,ms,,,garage,flat,3.2
"stage 1 - building 1126 - 41.997015, 21.572283",1126,41.997015,21.572283,0,R,567.7,house,1,12.2,9.1,3.3,ms,,,house,gable,7.0
"stage 1 - building 1127 - 41.999348, 21.565403",1127,41.999348,21.565403,0,R,1025.3,house,2,12.9,11.9,6.2,ms,,,house,gable,7.0
"stage 1 - building 1128 - 41.997059, 21.572095",1128,41.997059,21.572095,0,R,577.3,house,1,14.0,10.3,3.3,osm,670264911,house,house,gable,7.0
"stage 1 - building 1129 - 41.995939, 21.575181",1129,41.995939,21.575181,0,R,509.2,house,2,12.2,9.1,6.2,ms,,,house,gable,7.0
"stage 1 - building 1130 - 41.999337, 21.565180",1130,41.999337,21.565180,0,R,1043.8,house,1,13.8,10.1,3.3,ms,,,house,gable,7.0
"stage 1 - building 1131 - 41.999393, 21.564979",1131,41.999393,21.564979,0,R,1059.9,house,2,12.1,6.7,6.2,ms,,,house,gable,7.0
"stage 1 - building 1132 - 41.997829, 21.569565",1132,41.997829,21.569565,0,R,722.8,flat,1,27.0,24.8,7.0,ms,,,industrial,flat,8.5
"stage 1 - building 1133 - 41.996907, 21.572246",1133,41.996907,21.572246,0,R,577.4,house,2,12.7,9.7,6.2,ms,,,house,gable,7.0
"stage 1 - building 1134 - 41.998465, 21.567658",1134,41.998465,21.567658,0,R,854.7,house,1,9.4,3.6,3.3,ms,,,garage,flat,3.2
"stage 1 - building 1135 - 41.997964, 21.569097",1135,41.997964,21.569097,0,R,754.4,flat,1,25.6,16.5,7.0,ms,,,industrial,flat,8.5
"stage 1 - building 1136 - 41.995983, 21.574923",1136,41.995983,21.574923,0,R,514.1,house,2,10.8,8.7,6.2,ms,,,house,gable,7.0
"stage 1 - building 1137 - 41.996921, 21.572152",1137,41.996921,21.572152,0,R,582.6,flat,1,4.9,4.2,2.7,ms,,,garage,flat,3.2
"stage 1 - building 1138 - 41.997044, 21.571771",1138,41.997044,21.571771,0,R,600.1,house,1,7.7,7.6,3.3,ms,,,row,flat,9.5
"stage 1 - building 1139 - 41.999162, 21.565461",1139,41.999162,21.565461,0,R,1022.4,house,2,14.4,4.8,6.2,ms,,,house,gable,7.0
"stage 1 - building 1140 - 41.997154, 21.571343",1140,41.997154,21.571343,0,R,623.1,flat,1,35.8,13.1,7.0,osm,447904309,yes,industrial,flat,8.5
"stage 1 - building 1141 - 41.996911, 21.572033",1141,41.996911,21.572033,0,R,591.2,house,1,12.0,11.5,3.3,ms,,,house,gable,7.0
"stage 1 - building 1142 - 41.997486, 21.570294",1142,41.997486,21.570294,0,R,682.0,flat,1,24.8,22.9,7.0,ms,,,industrial,flat,8.5
"stage 1 - building 1143 - 41.997610, 21.569898",1143,41.997610,21.569898,0,R,706.2,flat,1,26.3,19.8,7.0,ms,,,industrial,flat,8.5
"stage 1 - building 1144 - 41.996971, 21.571741",1144,41.996971,21.571741,0,R,606.8,house,2,11.0,7.3,6.2,ms,,,row,flat,9.5
"stage 1 - building 1145 - 41.999203, 21.565135",1145,41.999203,21.565135,0,R,1048.8,house,1,12.8,5.2,3.3,ms,,,house,gable,7.0
"stage 1 - building 1146 - 41.999236, 21.565014",1146,41.999236,21.565014,0,R,1058.5,house,1,12.4,3.7,3.3,ms,,,house,gable,7.0
"stage 1 - building 1147 - 41.998530, 21.567070",1147,41.998530,21.567070,0,R,901.0,house,1,8.0,5.3,3.3,ms,,,garage,flat,3.2
"stage 1 - building 1148 - 41.997225, 21.570862",1148,41.997225,21.570862,0,R,653.5,flat,1,25.2,14.8,7.0,osm,447904306,yes,industrial,flat,8.5
"stage 1 - building 1149 - 41.999462, 21.564268",1149,41.999462,21.564268,0,R,1118.2,house,2,8.5,7.1,6.2,ms,,,house,gable,7.0
"stage 1 - building 1150 - 41.996794, 21.571980",1150,41.996794,21.571980,0,R,602.5,house,2,12.2,12.1,6.2,ms,,,house,gable,7.0
"stage 1 - building 1151 - 42.011012, 21.561210",1151,42.011012,21.561210,0,L,1828.0,house,1,9.2,3.9,3.3,ms,,,garage,flat,3.2
"stage 1 - building 1152 - 41.996839, 21.571794",1152,41.996839,21.571794,0,R,611.8,house,1,16.0,12.7,3.3,ms,,,house,gable,7.0
"stage 1 - building 1153 - 41.998442, 21.567052",1153,41.998442,21.567052,0,R,904.4,house,2,11.7,10.4,6.2,ms,,,house,gable,7.0
"stage 1 - building 1154 - 41.998487, 21.566902",1154,41.998487,21.566902,0,R,915.5,house,1,10.6,10.0,3.3,ms,,,house,gable,7.0
"stage 1 - building 1155 - 42.011048, 21.561154",1155,42.011048,21.561154,0,L,1834.1,house,1,10.2,4.1,3.3,ms,,,garage,flat,3.2
"stage 1 - building 1156 - 41.996642, 21.572263",1156,41.996642,21.572263,0,R,594.9,house,1,11.8,9.4,3.3,ms,,,house,gable,7.0
"stage 1 - building 1157 - 41.996863, 21.571604",1157,41.996863,21.571604,0,R,622.9,flat,1,6.3,4.6,2.7,ms,,,garage,flat,3.2
"stage 1 - building 1158 - 41.999211, 21.564504",1158,41.999211,21.564504,0,R,1100.8,house,1,8.9,7.0,3.3,ms,,,house,gable,7.0
"stage 1 - building 1159 - 41.995754, 21.574673",1159,41.995754,21.574673,0,R,546.2,flat,1,8.0,3.5,2.7,ms,,,garage,flat,3.2
"stage 1 - building 1160 - 41.996309, 21.573040",1160,41.996309,21.573040,0,R,574.0,house,1,12.4,3.1,3.3,ms,,,garage,flat,3.2
"stage 1 - building 1161 - 41.998261, 21.567234",1161,41.998261,21.567234,0,R,894.0,house,1,6.3,5.0,3.3,ms,,,garage,flat,3.2
"stage 1 - building 1162 - 41.995632, 21.574956",1162,41.995632,21.574956,0,R,548.1,house,1,8.5,4.3,3.3,ms,,,garage,flat,3.2
"stage 1 - building 1163 - 42.011070, 21.561457",1163,42.011070,21.561457,0,L,1817.0,house,1,7.3,4.2,3.3,ms,,,garage,flat,3.2
"stage 1 - building 1164 - 42.011172, 21.561279",1164,42.011172,21.561279,0,L,1835.6,flat,1,5.3,4.2,2.7,ms,,,garage,flat,3.2
"stage 1 - building 1165 - 41.999357, 21.563851",1165,41.999357,21.563851,0,R,1153.4,house,1,11.1,4.5,3.3,ms,,,house,gable,7.0
"stage 1 - building 1166 - 41.997574, 21.569071",1166,41.997574,21.569071,0,R,771.2,flat,1,36.7,29.0,7.0,ms,,,industrial,flat,8.5
"stage 1 - building 1167 - 42.000137, 21.561523",1167,42.000137,21.561523,0,R,1343.3,house,1,12.8,3.2,3.3,ms,,,garage,flat,3.2
"stage 1 - building 1168 - 41.996708, 21.571606",1168,41.996708,21.571606,0,R,632.9,house,1,12.5,12.3,3.3,ms,,,house,gable,7.0
"stage 1 - building 1169 - 41.998290, 21.566935",1169,41.998290,21.566935,0,R,917.4,house,1,13.8,9.3,3.3,ms,,,house,gable,7.0
"stage 1 - building 1170 - 41.997361, 21.569641",1170,41.997361,21.569641,0,R,736.9,flat,1,23.3,20.6,7.0,ms,,,industrial,flat,8.5
"stage 1 - building 1171 - 41.999158, 21.564344",1171,41.999158,21.564344,0,R,1114.6,house,1,14.4,11.3,3.3,ms,,,house,gable,7.0
"stage 1 - building 1172 - 41.995767, 21.574291",1172,41.995767,21.574291,0,R,560.4,flat,1,6.3,3.6,2.7,ms,,,garage,flat,3.2
"stage 1 - building 1173 - 41.997205, 21.570032",1173,41.997205,21.570032,0,R,715.2,flat,1,27.3,21.1,7.0,ms,,,industrial,flat,8.5
"stage 1 - building 1174 - 41.999162, 21.564193",1174,41.999162,21.564193,0,R,1127.0,house,1,12.7,10.4,3.3,ms,,,house,gable,7.0
"stage 1 - building 1175 - 41.996940, 21.570666",1175,41.996940,21.570666,0,R,683.4,flat,1,32.7,22.9,7.0,osm,447904295,yes,industrial,flat,8.5
"stage 1 - building 1176 - 41.996770, 21.571116",1176,41.996770,21.571116,0,R,662.2,flat,2,17.3,15.1,6.4,ms,,,industrial,flat,8.5
"stage 1 - building 1177 - 41.996602, 21.571601",1177,41.996602,21.571601,0,R,640.4,flat,1,4.2,3.8,2.7,ms,,,garage,flat,3.2
"stage 1 - building 1178 - 41.999223, 21.563869",1178,41.999223,21.563869,0,R,1153.1,house,1,7.4,4.9,3.3,ms,,,garage,flat,3.2
"stage 1 - building 1179 - 41.998119, 21.567106",1179,41.998119,21.567106,0,R,908.1,house,1,10.2,10.0,3.3,ms,,,house,gable,7.0
"stage 1 - building 1180 - 41.995496, 21.574788",1180,41.995496,21.574788,0,R,567.6,flat,1,7.1,4.0,2.7,ms,,,garage,flat,3.2
"stage 1 - building 1181 - 41.999220, 21.563758",1181,41.999220,21.563758,0,R,1162.3,house,1,13.1,7.8,3.3,ms,,,house,gable,7.0
"stage 1 - building 1182 - 41.998130, 21.566878",1182,41.998130,21.566878,0,R,926.1,house,1,9.1,5.8,3.3,ms,,,house,gable,7.0
"stage 1 - building 1183 - 41.999887, 21.561566",1183,41.999887,21.561566,0,R,1340.0,house,1,14.6,14.4,3.3,ms,,,house,gable,7.0
"stage 1 - building 1184 - 41.999122, 21.563659",1184,41.999122,21.563659,0,R,1171.4,flat,1,5.0,3.4,2.7,ms,,,garage,flat,3.2
"stage 1 - building 1185 - 41.997958, 21.567072",1185,41.997958,21.567072,0,R,915.3,house,2,13.8,13.7,6.2,ms,,,house,gable,7.0
"stage 1 - building 1186 - 41.996671, 21.570822",1186,41.996671,21.570822,0,R,688.5,house,2,14.4,5.7,6.2,ms,,,house,gable,7.0
"stage 1 - building 1187 - 41.995659, 21.573743",1187,41.995659,21.573743,0,R,594.8,house,1,11.7,8.5,3.3,ms,,,house,gable,7.0
"stage 1 - building 1188 - 41.999691, 21.561875",1188,41.999691,21.561875,0,R,1314.9,house,2,12.6,8.4,6.2,ms,,,house,gable,7.0
"stage 1 - building 1189 - 41.995330, 21.574649",1189,41.995330,21.574649,0,R,589.2,house,1,13.1,8.2,3.3,ms,,,house,gable,7.0
"stage 1 - building 1190 - 41.998576, 21.565086",1190,41.998576,21.565086,0,R,1061.8,house,1,7.5,7.1,3.3,ms,,,house,gable,7.0
"stage 1 - building 1191 - 41.999825, 21.561402",1191,41.999825,21.561402,0,R,1353.6,house,1,11.0,10.2,3.3,ms,,,house,gable,7.0
"stage 1 - building 1192 - 41.995575, 21.573900",1192,41.995575,21.573900,0,R,595.5,house,2,12.6,9.3,6.2,ms,,,house,gable,7.0
"stage 1 - building 1193 - 41.999714, 21.561659",1193,41.999714,21.561659,0,R,1332.7,flat,1,8.0,3.2,2.7,ms,,,garage,flat,3.2
"stage 1 - building 1194 - 41.995933, 21.572667",1194,41.995933,21.572667,0,R,625.7,house,2,13.3,6.4,6.2,ms,,,house,gable,7.0
"stage 1 - building 1195 - 41.995801, 21.573044",1195,41.995801,21.573044,0,R,616.5,house,1,10.9,4.4,3.3,ms,,,house,gable,7.0
"stage 1 - building 1196 - 41.999791, 21.561276",1196,41.999791,21.561276,0,R,1364.1,house,1,8.6,8.2,3.3,ms,,,house,gable,7.0
"stage 1 - building 1197 - 41.998466, 21.565158",1197,41.998466,21.565158,0,R,1058.0,house,1,10.5,4.6,3.3,ms,,,house,gable,7.0
"stage 1 - building 1198 - 41.995262, 21.574519",1198,41.995262,21.574519,0,R,600.8,house,2,11.3,8.0,6.2,ms,,,row,flat,9.5
"stage 1 - building 1199 - 41.998968, 21.563592",1199,41.998968,21.563592,0,R,1178.7,house,1,13.2,10.5,3.3,ms,,,house,gable,7.0
"stage 1 - building 1200 - 41.995453, 21.573924",1200,41.995453,21.573924,0,R,605.9,house,2,10.7,9.9,6.2,ms,,,house,gable,7.0
"stage 1 - building 1201 - 41.999126, 21.563113",1201,41.999126,21.563113,0,R,1216.4,house,2,15.5,11.7,6.2,ms,,,house,gable,7.0
"stage 1 - building 1202 - 41.995554, 21.573616",1202,41.995554,21.573616,0,R,610.3,house,2,15.1,11.8,6.2,ms,,,house,gable,7.0
"stage 1 - building 1203 - 41.998895, 21.563697",1203,41.998895,21.563697,0,R,1170.9,house,2,15.8,10.7,6.2,ms,,,row,flat,9.5
"stage 1 - building 1204 - 41.999129, 21.562988",1204,41.999129,21.562988,0,R,1226.7,house,1,7.4,4.2,3.3,ms,,,garage,flat,3.2
"stage 1 - building 1205 - 41.999148, 21.562913",1205,41.999148,21.562913,0,R,1232.7,house,1,7.6,6.0,3.3,ms,,,house,gable,7.0
"stage 1 - building 1206 - 41.998051, 21.566139",1206,41.998051,21.566139,0,R,987.7,house,1,13.5,12.2,3.3,ms,,,house,gable,7.0
"stage 1 - building 1207 - 41.995279, 21.574290",1207,41.995279,21.574290,0,R,607.7,house,1,12.8,4.0,3.3,ms,,,house,gable,7.0
"stage 1 - building 1208 - 41.998977, 21.563408",1208,41.998977,21.563408,0,R,1193.7,house,1,11.1,4.7,3.3,ms,,,house,gable,7.0
"stage 1 - building 1209 - 41.995566, 21.573410",1209,41.995566,21.573410,0,R,618.9,house,2,13.6,12.1,6.2,ms,,,house,gable,7.0
"stage 1 - building 1210 - 41.999624, 21.561464",1210,41.999624,21.561464,0,R,1349.2,house,1,22.2,13.2,3.3,ms,,,house,gable,7.0
"stage 1 - building 1211 - 41.995191, 21.574478",1211,41.995191,21.574478,0,R,609.3,house,1,7.3,6.6,3.3,ms,,,row,flat,9.5
"stage 1 - building 1212 - 41.999562, 21.561605",1212,41.999562,21.561605,0,R,1337.9,house,1,16.9,5.3,3.3,ms,,,house,gable,7.0
"stage 1 - building 1213 - 41.998463, 21.564820",1213,41.998463,21.564820,0,R,1085.7,flat,1,5.5,3.8,2.7,ms,,,garage,flat,3.2
"stage 1 - building 1214 - 41.995123, 21.574617",1214,41.995123,21.574617,0,R,611.1,house,2,18.8,9.9,6.2,ms,,,house,gable,7.0
"stage 1 - building 1215 - 41.995844, 21.572415",1215,41.995844,21.572415,0,R,647.2,house,1,8.6,4.5,3.3,ms,,,garage,flat,3.2
"stage 1 - building 1216 - 41.996428, 21.570649",1216,41.996428,21.570649,0,R,715.5,house,1,10.8,3.2,3.3,ms,,,garage,flat,3.2
"stage 1 - building 1217 - 41.995978, 21.571914",1217,41.995978,21.571914,0,R,665.8,house,1,9.5,8.6,3.3,ms,,,house,gable,7.0
"stage 1 - building 1218 - 41.998867, 21.563400",1218,41.998867,21.563400,0,R,1195.7,house,1,13.9,8.0,3.3,ms,,,house,gable,7.0
"stage 1 - building 1219 - 41.998426, 21.564680",1219,41.998426,21.564680,0,R,1097.8,house,2,11.8,6.6,6.2,ms,,,house,gable,7.0
"stage 1 - building 1220 - 41.997785, 21.566560",1220,41.997785,21.566560,0,R,961.2,house,2,13.3,10.8,6.2,ms,,,house,gable,7.0
"stage 1 - building 1221 - 41.995162, 21.574278",1221,41.995162,21.574278,0,R,619.7,house,1,9.9,4.4,3.3,ms,,,garage,flat,3.2
"stage 1 - building 1222 - 41.996186, 21.571247",1222,41.996186,21.571247,0,R,692.1,house,2,14.5,10.6,6.2,ms,,,house,gable,7.0
"stage 1 - building 1223 - 41.995561, 21.573084",1223,41.995561,21.573084,0,R,635.4,house,2,14.0,12.0,6.2,ms,,,house,gable,7.0
"stage 1 - building 1224 - 41.996605, 21.569984",1224,41.996605,21.569984,0,R,751.0,house,1,13.6,9.3,3.3,ms,,,house,gable,7.0
"stage 1 - building 1225 - 41.995360, 21.573592",1225,41.995360,21.573592,0,R,629.4,flat,1,19.5,17.5,7.0,ms,,,house,gable,7.0
"stage 1 - building 1226 - 41.998229, 21.565146",1226,41.998229,21.565146,0,R,1063.8,house,1,10.3,9.7,3.3,ms,,,house,gable,7.0
"stage 1 - building 1227 - 41.996424, 21.570432",1227,41.996424,21.570432,0,R,730.6,house,2,13.0,10.3,6.2,ms,,,house,gable,7.0
"stage 1 - building 1228 - 41.995150, 21.574155",1228,41.995150,21.574155,0,R,625.6,house,1,9.9,8.5,3.3,ms,,,house,gable,7.0
"stage 1 - building 1229 - 41.995581, 21.572887",1229,41.995581,21.572887,0,R,643.7,house,1,10.1,9.5,3.3,ms,,,house,gable,7.0
"stage 1 - building 1230 - 41.995216, 21.573943",1230,41.995216,21.573943,0,R,627.8,house,1,12.8,9.7,3.3,ms,,,house,gable,7.0
"stage 1 - building 1231 - 41.999718, 21.560691",1231,41.999718,21.560691,0,R,1412.9,flat,1,4.7,3.5,2.7,ms,,,garage,flat,3.2
"stage 1 - building 1232 - 41.995664, 21.572613",1232,41.995664,21.572613,0,R,651.1,house,2,15.9,10.1,6.2,ms,,,house,gable,7.0
"stage 1 - building 1233 - 41.997085, 21.568401",1233,41.997085,21.568401,0,R,843.2,house,2,12.8,5.0,6.2,ms,,,house,gable,7.0
"stage 1 - building 1234 - 41.995695, 21.572479",1234,41.995695,21.572479,0,R,655.8,house,1,8.1,6.1,3.3,ms,,,house,gable,7.0
"stage 1 - building 1235 - 41.998296, 21.564824",1235,41.998296,21.564824,0,R,1088.6,flat,1,35.1,17.7,7.0,ms,,,commercial,flat,7.0
"stage 1 - building 1236 - 41.995383, 21.573395",1236,41.995383,21.573395,0,R,636.3,house,2,10.0,9.8,6.2,ms,,,house,gable,7.0
"stage 1 - building 1237 - 41.995023, 21.574435",1237,41.995023,21.574435,0,R,627.6,house,1,11.8,9.3,3.3,ms,,,house,gable,7.0
"stage 1 - building 1238 - 41.999769, 21.560437",1238,41.999769,21.560437,0,R,1433.7,house,2,10.7,9.6,6.2,ms,,,house,gable,7.0
"stage 1 - building 1239 - 41.996322, 21.570560",1239,41.996322,21.570560,0,R,728.3,house,1,9.2,3.7,3.3,ms,,,garage,flat,3.2
"stage 1 - building 1240 - 41.996568, 21.569803",1240,41.996568,21.569803,0,R,766.0,flat,1,6.8,4.2,2.7,ms,,,garage,flat,3.2
"stage 1 - building 1241 - 41.997342, 21.567515",1241,41.997342,21.567515,0,R,900.9,house,1,8.0,5.0,3.3,ms,,,garage,flat,3.2
"stage 1 - building 1242 - 41.995803, 21.572036",1242,41.995803,21.572036,0,R,672.2,flat,1,44.3,9.7,7.0,ms,,,house,gable,7.0
"stage 1 - building 1243 - 41.999780, 21.560318",1243,41.999780,21.560318,0,R,1443.6,flat,1,5.9,4.5,2.7,ms,,,garage,flat,3.2
"stage 1 - building 1244 - 41.996782, 21.569138",1244,41.996782,21.569138,0,R,802.5,flat,1,8.4,2.9,2.7,ms,,,garage,flat,3.2
"stage 1 - building 1245 - 41.998424, 21.564306",1245,41.998424,21.564306,0,R,1128.3,flat,1,5.0,4.6,2.7,ms,,,garage,flat,3.2
"stage 1 - building 1246 - 41.999335, 21.561601",1246,41.999335,21.561601,0,R,1339.6,house,1,9.5,4.4,3.3,ms,,,garage,flat,3.2
"stage 1 - building 1247 - 41.999378, 21.561466",1247,41.999378,21.561466,0,R,1350.4,house,2,9.4,7.0,6.2,ms,,,house,gable,7.0
"stage 1 - building 1248 - 41.996132, 21.571005",1248,41.996132,21.571005,0,R,711.5,house,1,12.2,8.1,3.3,ms,,,house,gable,7.0
"stage 1 - building 1249 - 41.999466, 21.561168",1249,41.999466,21.561168,0,R,1374.5,house,2,13.1,12.5,6.2,ms,,,house,gable,7.0
"stage 1 - building 1250 - 41.999613, 21.560714",1250,41.999613,21.560714,0,R,1411.4,house,2,15.8,10.1,6.2,ms,,,house,gable,7.0
"stage 1 - building 1251 - 41.996433, 21.570049",1251,41.996433,21.570049,0,R,756.6,house,1,14.8,5.3,3.3,ms,,,house,gable,7.0
"stage 1 - building 1252 - 41.995642, 21.572352",1252,41.995642,21.572352,0,R,667.2,flat,1,5.5,3.5,2.7,ms,,,garage,flat,3.2
"stage 1 - building 1253 - 41.996610, 21.569489",1253,41.996610,21.569489,0,R,786.1,house,1,7.1,4.5,3.3,ms,,,garage,flat,3.2
"stage 1 - building 1254 - 41.996382, 21.570140",1254,41.996382,21.570140,0,R,753.3,flat,1,4.1,3.4,2.7,ms,,,garage,flat,3.2
"stage 1 - building 1255 - 41.999385, 21.561273",1255,41.999385,21.561273,0,R,1366.3,house,1,8.8,6.1,3.3,ms,,,house,gable,7.0
"stage 1 - building 1256 - 41.998136, 21.564945",1256,41.998136,21.564945,0,R,1082.2,house,2,10.9,10.4,6.2,ms,,,house,gable,7.0
"stage 1 - building 1257 - 41.995069, 21.573931",1257,41.995069,21.573931,0,R,642.5,house,2,13.6,7.3,6.2,ms,,,house,gable,7.0
"stage 1 - building 1258 - 41.999509, 21.560861",1258,41.999509,21.560861,0,R,1399.7,house,1,11.9,9.4,3.3,ms,,,house,gable,7.0
"stage 1 - building 1259 - 41.999717, 21.560247",1259,41.999717,21.560247,0,R,1449.7,house,1,9.8,5.5,3.3,ms,,,house,gable,7.0
"stage 1 - building 1260 - 41.999326, 21.561385",1260,41.999326,21.561385,0,R,1357.5,house,2,12.2,6.8,6.2,ms,,,house,gable,7.0
"stage 1 - building 1261 - 41.995761, 21.571856",1261,41.995761,21.571856,0,R,685.9,house,1,9.0,5.2,3.3,ms,,,house,gable,7.0
"stage 1 - building 1262 - 41.999256, 21.561557",1262,41.999256,21.561557,0,R,1343.8,house,1,11.7,3.9,3.3,ms,,,house,gable,7.0
"stage 1 - building 1263 - 41.995478, 21.572657",1263,41.995478,21.572657,0,R,664.6,house,1,17.0,6.4,3.3,ms,,,row,flat,9.5
"stage 1 - building 1264 - 41.996403, 21.569893",1264,41.996403,21.569893,0,R,769.3,house,1,7.6,6.7,3.3,ms,,,house,gable,7.0
"stage 1 - building 1265 - 41.995554, 21.572352",1265,41.995554,21.572352,0,R,674.5,house,1,12.3,7.2,3.3,ms,,,house,gable,7.0
"stage 1 - building 1266 - 41.995292, 21.573120",1266,41.995292,21.573120,0,R,657.7,house,1,18.8,5.6,3.3,ms,,,house,gable,7.0
"stage 1 - building 1267 - 41.997667, 21.566124",1267,41.997667,21.566124,0,R,999.6,house,1,21.5,7.1,3.3,ms,,,house,gable,7.0
"stage 1 - building 1268 - 41.995416, 21.572737",1268,41.995416,21.572737,0,R,665.8,house,2,13.5,5.6,6.2,ms,,,row,flat,9.5
"stage 1 - building 1269 - 41.996016, 21.570971",1269,41.996016,21.570971,0,R,721.7,house,1,12.8,9.6,3.3,ms,,,house,gable,7.0
"stage 1 - building 1270 - 41.999357, 21.561084",1270,41.999357,21.561084,0,R,1382.2,house,2,11.5,8.0,6.2,ms,,,house,gable,7.0
"stage 1 - building 1271 - 41.996049, 21.570818",1271,41.996049,21.570818,0,R,729.3,house,1,10.3,10.0,3.3,ms,,,house,gable,7.0
"stage 1 - building 1272 - 41.996257, 21.570172",1272,41.996257,21.570172,0,R,758.8,house,1,13.7,13.6,3.3,ms,,,house,gable,7.0
"stage 1 - building 1273 - 41.994824, 21.574385",1273,41.994824,21.574385,0,R,649.4,house,2,12.6,10.3,6.2,ms,,,house,gable,7.0
"stage 1 - building 1274 - 41.995071, 21.573652",1274,41.995071,21.573652,0,R,654.0,house,2,12.4,10.8,6.2,ms,,,house,gable,7.0
"stage 1 - building 1275 - 41.996796, 21.568571",1275,41.996796,21.568571,0,R,843.8,house,1,13.7,4.4,3.3,ms,,,house,gable,7.0
"stage 1 - building 1276 - 41.999642, 21.560164",1276,41.999642,21.560164,0,R,1456.8,house,1,9.6,6.0,3.3,ms,,,house,gable,7.0
"stage 1 - building 1277 - 41.995687, 21.571794",1277,41.995687,21.571794,0,R,695.4,house,1,10.4,3.7,3.3,ms,,,garage,flat,3.2
"stage 1 - building 1278 - 41.999586, 21.560319",1278,41.999586,21.560319,0,R,1444.2,house,1,14.3,13.1,3.3,ms,,,house,gable,7.0
"stage 1 - building 1279 - 41.996398, 21.569695",1279,41.996398,21.569695,0,R,783.4,house,1,10.5,5.0,3.3,ms,,,house,gable,7.0
"stage 1 - building 1280 - 41.994904, 21.574078",1280,41.994904,21.574078,0,R,652.7,house,1,12.5,12.5,3.3,ms,,,house,gable,7.0
"stage 1 - building 1281 - 41.995750, 21.571583",1281,41.995750,21.571583,0,R,703.0,house,1,9.5,5.7,3.3,ms,,,house,gable,7.0
"stage 1 - building 1282 - 41.995915, 21.571081",1282,41.995915,21.571081,0,R,721.8,flat,1,5.7,4.4,2.7,ms,,,garage,flat,3.2
"stage 1 - building 1283 - 41.997649, 21.565975",1283,41.997649,21.565975,0,R,1012.0,house,1,13.3,9.7,3.3,ms,,,house,gable,7.0
"stage 1 - building 1284 - 41.996041, 21.570695",1284,41.996041,21.570695,0,R,737.9,house,1,8.7,6.2,3.3,ms,,,house,gable,7.0
"stage 1 - building 1285 - 41.997774, 21.565553",1285,41.997774,21.565553,0,R,1042.2,house,1,14.1,9.5,3.3,ms,,,house,gable,7.0
"stage 1 - building 1286 - 41.995842, 21.571225",1286,41.995842,21.571225,0,R,718.1,house,2,12.2,6.5,6.2,ms,,,house,gable,7.0
"stage 1 - building 1287 - 41.998831, 21.562381",1287,41.998831,21.562381,0,R,1280.1,house,1,14.5,14.1,3.3,ms,,,house,gable,7.0
"stage 1 - building 1288 - 41.995514, 21.572114",1288,41.995514,21.572114,0,R,691.0,house,1,9.3,4.1,3.3,ms,,,garage,flat,3.2
"stage 1 - building 1289 - 41.995340, 21.572613",1289,41.995340,21.572613,0,R,678.8,house,2,11.3,11.2,6.2,ms,,,house,gable,7.0
"stage 1 - building 1290 - 41.995414, 21.572382",1290,41.995414,21.572382,0,R,684.6,house,1,12.4,12.0,3.3,ms,,,house,gable,7.0
"stage 1 - building 1291 - 41.998195, 21.564185",1291,41.998195,21.564185,0,R,1142.7,house,1,12.4,9.8,3.3,ms,,,house,gable,7.0
"stage 1 - building 1292 - 41.997995, 21.564743",1292,41.997995,21.564743,0,R,1101.8,house,1,6.4,4.9,3.3,ms,,,garage,flat,3.2
"stage 1 - building 1293 - 41.995852, 21.571019",1293,41.995852,21.571019,0,R,730.3,flat,1,6.3,4.2,2.7,ms,,,garage,flat,3.2
"stage 1 - building 1294 - 41.995507, 21.571986",1294,41.995507,21.571986,0,R,698.7,flat,1,6.8,3.7,2.7,ms,,,garage,flat,3.2
"stage 1 - building 1295 - 41.998208, 21.564030",1295,41.998208,21.564030,0,R,1155.0,house,1,12.6,6.8,3.3,ms,,,house,gable,7.0
"stage 1 - building 1296 - 41.995047, 21.573332",1296,41.995047,21.573332,0,R,670.3,house,2,13.9,8.5,6.2,ms,,,house,gable,7.0
"stage 1 - building 1297 - 41.998884, 21.562021",1297,41.998884,21.562021,0,R,1309.1,house,1,9.9,3.7,3.3,ms,,,garage,flat,3.2
"stage 1 - building 1298 - 41.996961, 21.567674",1298,41.996961,21.567674,0,R,904.0,house,1,8.4,4.2,3.3,ms,,,garage,flat,3.2
"stage 1 - building 1299 - 41.997632, 21.565696",1299,41.997632,21.565696,0,R,1034.7,house,1,7.9,7.4,3.3,ms,,,house,gable,7.0
"stage 1 - building 1300 - 41.998049, 21.564459",1300,41.998049,21.564459,0,R,1123.5,house,1,12.5,10.9,3.3,ms,,,house,gable,7.0
"stage 1 - building 1301 - 41.996469, 21.569097",1301,41.996469,21.569097,0,R,822.1,house,1,7.5,4.5,3.3,ms,,,garage,flat,3.2
"stage 1 - building 1302 - 41.997524, 21.565981",1302,41.997524,21.565981,0,R,1015.3,house,2,11.7,8.3,6.2,ms,,,house,gable,7.0
"stage 1 - building 1303 - 41.996711, 21.568342",1303,41.996711,21.568342,0,R,865.0,house,1,10.0,4.6,3.3,ms,,,house,gable,7.0
"stage 1 - building 1304 - 41.996358, 21.569356",1304,41.996358,21.569356,0,R,809.7,house,2,20.4,9.8,6.2,ms,,,house,gable,7.0
"stage 1 - building 1305 - 41.996379, 21.569294",1305,41.996379,21.569294,0,R,812.9,house,2,9.7,7.9,6.2,ms,,,house,gable,7.0
"stage 1 - building 1306 - 41.994758, 21.574047",1306,41.994758,21.574047,0,R,668.3,house,2,18.5,12.4,6.2,ms,,,house,gable,7.0
"stage 1 - building 1307 - 41.996655, 21.568451",1307,41.996655,21.568451,0,R,859.7,house,1,13.7,3.6,3.3,ms,,,house,gable,7.0
"stage 1 - building 1308 - 41.995879, 21.570726",1308,41.995879,21.570726,0,R,747.1,house,2,13.5,10.3,6.2,ms,,,house,gable,7.0
"stage 1 - building 1309 - 41.997964, 21.564580",1309,41.997964,21.564580,0,R,1115.7,house,2,9.7,7.9,6.2,ms,,,house,gable,7.0
"stage 1 - building 1310 - 41.998787, 21.562154",1310,41.998787,21.562154,0,R,1299.3,house,1,12.0,3.8,3.3,ms,,,house,gable,7.0
"stage 1 - building 1311 - 41.996128, 21.569967",1311,41.996128,21.569967,0,R,781.0,house,2,15.2,12.0,6.2,ms,,,house,gable,7.0
"stage 1 - building 1312 - 41.995054, 21.573115",1312,41.995054,21.573115,0,R,679.5,flat,1,26.4,13.7,7.0,ms,,,house,gable,7.0
"stage 1 - building 1313 - 41.996167, 21.569805",1313,41.996167,21.569805,0,R,789.6,house,2,15.9,9.8,6.2,ms,,,house,gable,7.0
"stage 1 - building 1314 - 41.995177, 21.572716",1314,41.995177,21.572716,0,R,687.8,house,2,9.1,9.0,6.2,ms,,,house,gable,7.0
"stage 1 - building 1315 - 41.998844, 21.561910",1315,41.998844,21.561910,0,R,1318.7,house,1,9.8,4.3,3.3,ms,,,garage,flat,3.2
"stage 1 - building 1316 - 41.997604, 21.565551",1316,41.997604,21.565551,0,R,1047.2,flat,1,7.1,3.1,2.7,ms,,,garage,flat,3.2
"stage 1 - building 1317 - 41.997836, 21.564862",1317,41.997836,21.564862,0,R,1096.1,flat,1,22.8,18.4,7.0,ms,,,row,flat,9.5
"stage 1 - building 1318 - 41.996550, 21.568641",1318,41.996550,21.568641,0,R,850.9,house,1,14.8,9.4,3.3,ms,,,house,gable,7.0
"stage 1 - building 1319 - 41.996656, 21.568331",1319,41.996656,21.568331,0,R,868.5,house,1,10.3,4.3,3.3,ms,,,garage,flat,3.2
"stage 1 - building 1320 - 41.994919, 21.573438",1320,41.994919,21.573438,0,R,677.6,house,2,15.3,5.0,6.2,ms,,,house,gable,7.0
"stage 1 - building 1321 - 41.997675, 21.565318",1321,41.997675,21.565318,0,R,1063.8,house,2,14.5,10.3,6.2,ms,,,house,gable,7.0
"stage 1 - building 1322 - 41.995378, 21.572058",1322,41.995378,21.572058,0,R,705.3,house,2,10.0,7.3,6.2,ms,,,row,flat,9.5
"stage 1 - building 1323 - 41.996377, 21.569086",1323,41.996377,21.569086,0,R,828.0,house,1,9.8,5.4,3.3,ms,,,house,gable,7.0
"stage 1 - building 1324 - 41.995400, 21.571946",1324,41.995400,21.571946,0,R,709.8,house,1,12.4,9.5,3.3,ms,,,row,flat,9.5
"stage 1 - building 1325 - 41.996172, 21.569670",1325,41.996172,21.569670,0,R,798.6,house,2,17.0,7.4,6.2,ms,,,house,gable,7.0
"stage 1 - building 1326 - 41.998735, 21.562120",1326,41.998735,21.562120,0,R,1302.8,house,1,9.9,5.1,3.3,ms,,,house,gable,7.0
"stage 1 - building 1327 - 41.998653, 21.562358",1327,41.998653,21.562358,0,R,1284.3,house,1,8.8,5.9,3.3,ms,,,house,gable,7.0
"stage 1 - building 1328 - 41.997695, 21.565114",1328,41.997695,21.565114,0,R,1079.5,house,2,26.2,9.8,6.2,ms,,,house,gable,7.0
"stage 1 - building 1329 - 41.995165, 21.572548",1329,41.995165,21.572548,0,R,697.3,house,1,10.7,9.3,3.3,ms,,,house,gable,7.0
"stage 1 - building 1330 - 41.997406, 21.565949",1330,41.997406,21.565949,0,R,1021.7,house,1,13.5,9.9,3.3,ms,,,house,gable,7.0
"stage 1 - building 1331 - 41.997526, 21.565588",1331,41.997526,21.565588,0,R,1046.6,flat,1,7.3,3.0,2.7,ms,,,garage,flat,3.2
"stage 1 - building 1332 - 41.997480, 21.565704",1332,41.997480,21.565704,0,R,1038.8,house,2,11.9,9.4,6.2,ms,,,house,gable,7.0
"stage 1 - building 1333 - 41.998018, 21.564105",1333,41.998018,21.564105,0,R,1153.0,house,1,12.8,10.5,3.3,ms,,,house,gable,7.0
"stage 1 - building 1334 - 41.996179, 21.569490",1334,41.996179,21.569490,0,R,810.7,house,2,11.8,9.1,6.2,ms,,,house,gable,7.0
"stage 1 - building 1335 - 41.995710, 21.570845",1335,41.995710,21.570845,0,R,751.5,house,2,18.6,11.5,6.2,ms,,,house,gable,7.0
"stage 1 - building 1336 - 41.998566, 21.562441",1336,41.998566,21.562441,0,R,1278.7,house,1,15.9,5.6,3.3,ms,,,house,gable,7.0
"stage 1 - building 1337 - 41.996540, 21.568400",1337,41.996540,21.568400,0,R,869.2,house,2,20.8,6.0,6.2,ms,,,house,gable,7.0
"stage 1 - building 1338 - 41.996057, 21.569810",1338,41.996057,21.569810,0,R,796.2,flat,1,4.4,4.4,2.7,ms,,,garage,flat,3.2
"stage 1 - building 1339 - 41.999130, 21.560762",1339,41.999130,21.560762,0,R,1410.5,house,1,10.2,9.8,3.3,ms,,,house,gable,7.0
"stage 1 - building 1340 - 41.996272, 21.569125",1340,41.996272,21.569125,0,R,831.1,house,1,7.9,6.9,3.3,ms,,,house,gable,7.0
"stage 1 - building 1341 - 41.996443, 21.568620",1341,41.996443,21.568620,0,R,858.0,house,2,9.3,8.4,6.2,ms,,,house,gable,7.0
"stage 1 - building 1342 - 41.994854, 21.573279",1342,41.994854,21.573279,0,R,690.7,house,1,7.1,5.1,3.3,ms,,,garage,flat,3.2
"stage 1 - building 1343 - 41.995163, 21.572364",1343,41.995163,21.572364,0,R,707.1,house,2,10.5,10.1,6.2,ms,,,house,gable,7.0
"stage 1 - building 1344 - 41.996196, 21.569323",1344,41.996196,21.569323,0,R,821.5,house,1,12.5,11.2,3.3,ms,,,house,gable,7.0
"stage 1 - building 1345 - 41.997761, 21.564710",1345,41.997761,21.564710,0,R,1110.3,house,1,26.6,5.8,3.3,ms,,,row,flat,9.5
"stage 1 - building 1346 - 41.995424, 21.571565",1346,41.995424,21.571565,0,R,729.5,house,2,12.9,11.6,6.2,ms,,,house,gable,7.0
"stage 1 - building 1347 - 41.996563, 21.568202",1347,41.996563,21.568202,0,R,882.7,house,2,11.4,9.4,6.2,ms,,,house,gable,7.0
"stage 1 - building 1348 - 41.996301, 21.568963",1348,41.996301,21.568963,0,R,841.0,house,2,11.0,10.3,6.2,ms,,,house,gable,7.0
"stage 1 - building 1349 - 41.994957, 21.572915",1349,41.994957,21.572915,0,R,697.8,house,1,11.2,4.2,3.3,ms,,,row,flat,9.5
"stage 1 - building 1350 - 41.995211, 21.572155",1350,41.995211,21.572155,0,R,714.0,house,2,9.8,9.5,6.2,ms,,,house,gable,7.0
"stage 1 - building 1351 - 41.997446, 21.565558",1351,41.997446,21.565558,0,R,1051.4,house,2,11.4,10.2,6.2,ms,,,house,gable,7.0
"stage 1 - building 1352 - 41.996333, 21.568778",1352,41.996333,21.568778,0,R,852.5,house,1,15.1,14.0,3.3,ms,,,house,gable,7.0
"stage 1 - building 1353 - 41.996709, 21.567662",1353,41.996709,21.567662,0,R,916.1,house,2,14.0,6.0,6.2,ms,,,house,gable,7.0
"stage 1 - building 1354 - 41.998550, 21.562228",1354,41.998550,21.562228,0,R,1296.4,house,2,12.4,12.3,6.2,ms,,,house,gable,7.0
"stage 1 - building 1355 - 41.995040, 21.572533",1355,41.995040,21.572533,0,R,709.1,house,1,18.1,12.7,3.3,ms,,,house,gable,7.0
"stage 1 - building 1356 - 41.995543, 21.571045",1356,41.995543,21.571045,0,R,751.3,house,1,14.1,10.7,3.3,ms,,,house,gable,7.0
"stage 1 - building 1357 - 41.994929, 21.572851",1357,41.994929,21.572851,0,R,703.4,house,1,8.1,4.4,3.3,ms,,,garage,flat,3.2
"stage 1 - building 1358 - 41.995199, 21.572029",1358,41.995199,21.572029,0,R,721.8,house,1,10.5,9.4,3.3,ms,,,house,gable,7.0
"stage 1 - building 1359 - 41.997962, 21.563848",1359,41.997962,21.563848,0,R,1175.1,house,1,8.3,4.1,3.3,ms,,,garage,flat,3.2
"stage 1 - building 1360 - 41.998570, 21.562043",1360,41.998570,21.562043,0,R,1311.4,house,1,14.2,5.2,3.3,ms,,,house,gable,7.0
"stage 1 - building 1361 - 41.997457, 21.565192",1361,41.997457,21.565192,0,R,1080.3,house,1,12.2,7.7,3.3,ms,,,house,gable,7.0
"stage 1 - building 1362 - 41.995361, 21.571351",1362,41.995361,21.571351,0,R,747.0,house,2,18.9,11.6,6.2,ms,,,house,gable,7.0
"stage 1 - building 1363 - 41.996355, 21.568358",1363,41.996355,21.568358,0,R,881.8,house,2,19.5,11.3,6.2,ms,,,house,gable,7.0
"stage 1 - building 1364 - 41.997592, 21.564708",1364,41.997592,21.564708,0,R,1115.0,house,2,10.3,9.5,6.2,ms,,,house,gable,7.0
"stage 1 - building 1365 - 41.997746, 21.564251",1365,41.997746,21.564251,0,R,1147.6,house,2,11.8,11.1,6.2,ms,,,house,gable,7.0
"stage 1 - building 1366 - 41.997303, 21.565553",1366,41.997303,21.565553,0,R,1056.4,house,1,10.7,9.8,3.3,ms,,,house,gable,7.0
"stage 1 - building 1367 - 41.996267, 21.568598",1367,41.996267,21.568598,0,R,869.1,house,2,27.0,8.8,6.2,ms,,,house,gable,7.0
"stage 1 - building 1368 - 41.995153, 21.571832",1368,41.995153,21.571832,0,R,736.4,house,1,21.9,13.5,3.3,ms,,,house,gable,7.0
"stage 1 - building 1369 - 41.997364, 21.565313",1369,41.997364,21.565313,0,R,1073.5,house,1,14.1,8.8,3.3,ms,,,house,gable,7.0
"stage 1 - building 1370 - 41.996403, 21.568139",1370,41.996403,21.568139,0,R,895.4,house,2,9.5,9.1,6.2,ms,,,house,gable,7.0
"stage 1 - building 1371 - 41.994448, 21.573876",1371,41.994448,21.573876,0,R,705.4,house,2,11.0,8.8,6.2,ms,,,house,gable,7.0
"stage 1 - building 1372 - 41.995646, 21.570348",1372,41.995646,21.570348,0,R,787.6,house,2,21.2,6.0,6.2,ms,,,house,gable,7.0
"stage 1 - building 1373 - 41.997974, 21.563496",1373,41.997974,21.563496,0,R,1203.4,house,1,10.1,4.0,3.3,ms,,,garage,flat,3.2
"stage 1 - building 1374 - 41.994343, 21.574132",1374,41.994343,21.574132,0,R,706.6,house,1,10.7,7.2,3.3,ms,,,house,gable,7.0
"stage 1 - building 1375 - 41.995852, 21.569689",1375,41.995852,21.569689,0,R,817.3,flat,1,58.5,12.6,7.0,osm,155686287,house,industrial,flat,8.5
"stage 1 - building 1376 - 41.998509, 21.561839",1376,41.998509,21.561839,0,R,1329.0,house,1,12.9,9.7,3.3,ms,,,house,gable,7.0
"stage 1 - building 1377 - 41.997768, 21.563927",1377,41.997768,21.563927,0,R,1173.3,flat,1,24.8,22.3,7.0,ms,,,house,gable,7.0
"stage 1 - building 1378 - 41.998927, 21.560477",1378,41.998927,21.560477,0,R,1435.9,house,2,18.6,12.6,6.2,ms,,,house,gable,7.0
"stage 1 - building 1379 - 41.995508, 21.570518",1379,41.995508,21.570518,0,R,786.7,house,2,14.3,8.6,6.2,ms,,,house,gable,7.0
"stage 1 - building 1380 - 41.995227, 21.571339",1380,41.995227,21.571339,0,R,758.2,flat,1,5.8,4.3,2.7,ms,,,garage,flat,3.2
"stage 1 - building 1381 - 41.997387, 21.564948",1381,41.997387,21.564948,0,R,1101.8,house,2,10.8,5.6,6.2,ms,,,house,gable,7.0
"stage 1 - building 1382 - 41.996337, 21.568020",1382,41.996337,21.568020,0,R,907.5,house,1,11.5,9.4,3.3,ms,,,house,gable,7.0
"stage 1 - building 1383 - 41.997689, 21.564016",1383,41.997689,21.564016,0,R,1168.1,house,1,10.5,4.8,3.3,ms,,,house,gable,7.0
"stage 1 - building 1384 - 42.013764, 21.558427",1384,42.013764,21.558427,0,L,2204.5,house,1,10.3,4.3,3.3,ms,,,garage,flat,3.2
"stage 1 - building 1385 - 41.995864, 21.569312",1385,41.995864,21.569312,0,R,842.3,flat,1,5.7,4.7,2.7,ms,,,garage,flat,3.2
"stage 1 - building 1386 - 41.996046, 21.568769",1386,41.996046,21.568769,0,R,869.2,house,1,11.8,11.1,3.3,ms,,,house,gable,7.0
"stage 1 - building 1387 - 42.013618, 21.558908",1387,42.013618,21.558908,0,L,2164.5,flat,1,5.5,3.4,2.7,ms,,,garage,flat,3.2
"stage 1 - building 1388 - 41.995532, 21.570274",1388,41.995532,21.570274,0,R,800.4,house,1,12.4,8.5,3.3,ms,,,house,gable,7.0
"stage 1 - building 1389 - 41.995393, 21.570673",1389,41.995393,21.570673,0,R,785.4,house,1,15.4,9.6,3.3,ms,,,house,gable,7.0
"stage 1 - building 1390 - 41.997183, 21.565385",1390,41.997183,21.565385,0,R,1073.7,house,1,12.9,7.1,3.3,ms,,,house,gable,7.0
"stage 1 - building 1391 - 41.997906, 21.563248",1391,41.997906,21.563248,0,R,1225.0,house,2,13.7,8.2,6.2,ms,,,house,gable,7.0
"stage 1 - building 1392 - 41.997137, 21.565507",1392,41.997137,21.565507,0,R,1065.6,flat,1,4.9,3.6,2.7,ms,,,garage,flat,3.2
"stage 1 - building 1393 - 41.997205, 21.565299",1393,41.997205,21.565299,0,R,1079.7,flat,1,5.2,3.5,2.7,ms,,,garage,flat,3.2
"stage 1 - building 1394 - 41.997822, 21.563467",1394,41.997822,21.563467,0,R,1209.2,house,2,9.9,9.8,6.2,ms,,,house,gable,7.0
"stage 1 - building 1395 - 41.996089, 21.568542",1395,41.996089,21.568542,0,R,883.0,flat,1,4.4,4.1,2.7,ms,,,garage,flat,3.2
"stage 1 - building 1396 - 41.994728, 21.572530",1396,41.994728,21.572530,0,R,737.1,flat,1,20.7,18.4,7.0,ms,,,house,gable,7.0
"stage 1 - building 1397 - 41.996130, 21.568394",1397,41.996130,21.568394,0,R,891.3,house,1,13.4,11.3,3.3,ms,,,house,gable,7.0
"stage 1 - building 1398 - 41.997523, 21.564262",1398,41.997523,21.564262,0,R,1152.7,house,2,14.8,6.4,6.2,ms,,,house,gable,7.0
"stage 1 - building 1399 - 41.994444, 21.573317",1399,41.994444,21.573317,0,R,728.0,flat,1,21.5,16.3,7.0,osm,451340873,public,commercial,flat,7.0
"stage 1 - building 1400 - 41.994269, 21.573815",1400,41.994269,21.573815,0,R,725.4,house,1,10.3,7.1,3.3,ms,,,house,gable,7.0
"stage 1 - building 1401 - 41.997074, 21.565524",1401,41.997074,21.565524,0,R,1066.5,house,1,8.2,5.8,3.3,ms,,,house,gable,7.0
"stage 1 - building 1402 - 41.994817, 21.572156",1402,41.994817,21.572156,0,R,747.9,house,2,17.6,12.7,6.2,ms,,,house,gable,7.0
"stage 1 - building 1403 - 41.997384, 21.564593",1403,41.997384,21.564593,0,R,1130.2,house,2,13.7,4.4,6.2,ms,,,house,gable,7.0
"stage 1 - building 1404 - 41.995375, 21.570487",1404,41.995375,21.570487,0,R,798.2,house,1,28.6,9.9,3.3,ms,,,house,gable,7.0
"stage 1 - building 1405 - 41.998818, 21.560296",1405,41.998818,21.560296,0,R,1452.0,house,2,11.1,9.8,6.2,ms,,,house,gable,7.0
"stage 1 - building 1406 - 41.995767, 21.569254",1406,41.995767,21.569254,0,R,852.4,flat,2,12.7,12.7,6.4,ms,,,industrial,flat,8.5
"stage 1 - building 1407 - 41.996777, 21.566281",1407,41.996777,21.566281,0,R,1018.7,flat,1,24.6,18.4,7.0,ms,,,house,gable,7.0
"stage 1 - building 1408 - 41.997232, 21.564920",1408,41.997232,21.564920,0,R,1108.9,house,1,6.2,5.9,3.3,ms,,,garage,flat,3.2
"stage 1 - building 1409 - 41.997064, 21.565394",1409,41.997064,21.565394,0,R,1077.0,house,1,8.9,8.2,3.3,ms,,,house,gable,7.0
"stage 1 - building 1410 - 41.997735, 21.563370",1410,41.997735,21.563370,0,R,1219.1,house,1,11.3,8.5,3.3,ms,,,house,gable,7.0
"stage 1 - building 1411 - 41.997154, 21.565068",1411,41.997154,21.565068,0,R,1099.7,house,1,18.4,6.9,3.3,ms,,,house,gable,7.0
"stage 1 - building 1412 - 41.998152, 21.562096",1412,41.998152,21.562096,0,R,1313.9,flat,1,7.0,2.6,2.7,ms,,,garage,flat,3.2
"stage 1 - building 1413 - 41.997630, 21.563600",1413,41.997630,21.563600,0,R,1203.1,house,2,22.4,12.4,6.2,ms,,,house,gable,7.0
"stage 1 - building 1414 - 41.996087, 21.568098",1414,41.996087,21.568098,0,R,915.0,house,1,10.3,3.9,3.3,ms,,,garage,flat,3.2
"stage 1 - building 1415 - 41.994886, 21.571614",1415,41.994886,21.571614,0,R,770.6,house,2,13.2,10.1,6.2,ms,,,house,gable,7.0
"stage 1 - building 1416 - 41.996958, 21.565496",1416,41.996958,21.565496,0,R,1072.8,house,2,10.3,9.5,6.2,ms,,,house,gable,7.0
"stage 1 - building 1417 - 41.997514, 21.563856",1417,41.997514,21.563856,0,R,1185.6,house,2,17.3,6.3,6.2,ms,,,house,gable,7.0
"stage 1 - building 1418 - 41.997313, 21.564416",1418,41.997313,21.564416,0,R,1146.4,house,1,11.6,4.2,3.3,ms,,,house,gable,7.0
"stage 1 - building 1419 - 41.994790, 21.571832",1419,41.994790,21.571832,0,R,767.0,house,1,9.0,7.1,3.3,ms,,,house,gable,7.0
"stage 1 - building 1420 - 41.998352, 21.561303",1420,41.998352,21.561303,0,R,1375.4,house,2,10.5,9.9,6.2,ms,,,house,gable,7.0
"stage 1 - building 1421 - 41.996964, 21.565385",1421,41.996964,21.565385,0,R,1081.3,house,2,11.9,6.2,6.2,ms,,,house,gable,7.0
"stage 1 - building 1422 - 41.994733, 21.571947",1422,41.994733,21.571947,0,R,766.0,house,1,9.9,5.1,3.3,ms,,,house,gable,7.0
"stage 1 - building 1423 - 41.996037, 21.568089",1423,41.996037,21.568089,0,R,918.4,house,2,10.7,6.5,6.2,ms,,,row,flat,9.5
"stage 1 - building 1424 - 41.996233, 21.567506",1424,41.996233,21.567506,0,R,950.7,flat,1,19.4,16.7,7.0,osm,670316022,yes,house,gable,7.0
"stage 1 - building 1425 - 41.998868, 21.559748",1425,41.998868,21.559748,0,R,1496.7,house,1,7.2,5.9,3.3,ms,,,garage,flat,3.2
"stage 1 - building 1426 - 41.997601, 21.563457",1426,41.997601,21.563457,0,R,1215.4,house,1,7.2,6.9,3.3,ms,,,house,gable,7.0
"stage 1 - building 1427 - 41.994012, 21.574014",1427,41.994012,21.574014,0,R,744.1,house,1,7.7,4.8,3.3,ms,,,garage,flat,3.2
"stage 1 - building 1428 - 41.994987, 21.571139",1428,41.994987,21.571139,0,R,789.0,house,1,8.0,6.5,3.3,ms,,,house,gable,7.0
"stage 1 - building 1429 - 41.995644, 21.569194",1429,41.995644,21.569194,0,R,864.2,house,1,6.6,4.7,3.3,ms,,,garage,flat,3.2
"stage 1 - building 1430 - 41.995012, 21.571006",1430,41.995012,21.571006,0,R,794.7,house,1,7.0,6.4,3.3,ms,,,house,gable,7.0
"stage 1 - building 1431 - 41.995080, 21.570800",1431,41.995080,21.570800,0,R,801.4,house,2,18.8,12.4,6.2,ms,,,house,gable,7.0
"stage 1 - building 1432 - 41.997037, 21.565040",1432,41.997037,21.565040,0,R,1105.9,house,1,8.5,4.6,3.3,ms,,,garage,flat,3.2
"stage 1 - building 1433 - 41.996944, 21.565299",1433,41.996944,21.565299,0,R,1088.7,house,1,8.1,4.9,3.3,ms,,,garage,flat,3.2
"stage 1 - building 1434 - 41.995666, 21.569040",1434,41.995666,21.569040,0,R,873.3,flat,1,13.6,12.0,3.4,ms,,,industrial,flat,8.5
"stage 1 - building 1435 - 41.997685, 21.563064",1435,41.997685,21.563064,0,R,1245.0,flat,1,4.3,4.2,2.7,ms,,,garage,flat,3.2
"stage 1 - building 1436 - 41.995137, 21.570544",1436,41.995137,21.570544,0,R,812.4,house,1,11.6,5.6,3.3,ms,,,row,flat,9.5
"stage 1 - building 1437 - 41.994613, 21.572072",1437,41.994613,21.572072,0,R,770.0,house,2,10.7,9.4,6.2,ms,,,house,gable,7.0
"stage 1 - building 1438 - 41.994728, 21.571730",1438,41.994728,21.571730,0,R,777.7,house,1,7.1,5.3,3.3,ms,,,garage,flat,3.2
"stage 1 - building 1439 - 41.997339, 21.564015",1439,41.997339,21.564015,0,R,1177.7,flat,1,8.2,2.5,2.7,ms,,,garage,flat,3.2
"stage 1 - building 1440 - 41.994804, 21.571447",1440,41.994804,21.571447,0,R,786.6,flat,1,4.4,3.9,2.7,ms,,,garage,flat,3.2
"stage 1 - building 1441 - 41.996940, 21.565146",1441,41.996940,21.565146,0,R,1100.9,flat,1,5.3,2.8,2.7,ms,,,garage,flat,3.2
"stage 1 - building 1442 - 41.996249, 21.567166",1442,41.996249,21.567166,0,R,975.1,house,2,20.4,8.1,6.2,ms,,,house,gable,7.0
"stage 1 - building 1443 - 41.997602, 21.563135",1443,41.997602,21.563135,0,R,1241.4,house,2,11.6,5.4,6.2,ms,,,house,gable,7.0
"stage 1 - building 1444 - 41.997363, 21.563824",1444,41.997363,21.563824,0,R,1192.3,house,2,12.8,9.2,6.2,ms,,,house,gable,7.0
"stage 1 - building 1445 - 41.995669, 21.568789",1445,41.995669,21.568789,0,R,890.4,flat,1,22.2,12.7,3.4,ms,,,industrial,flat,8.5
"stage 1 - building 1446 - 41.996938, 21.565055",1446,41.996938,21.565055,0,R,1108.2,house,1,7.2,5.8,3.3,ms,,,garage,flat,3.2
"stage 1 - building 1447 - 41.995124, 21.570370",1447,41.995124,21.570370,0,R,824.1,flat,1,36.5,10.2,7.0,ms,,,row,flat,9.5
"stage 1 - building 1448 - 41.996164, 21.567308",1448,41.996164,21.567308,0,R,968.7,house,2,15.3,10.6,6.2,ms,,,house,gable,7.0
"stage 1 - building 1449 - 41.996015, 21.567732",1449,41.996015,21.567732,0,R,945.4,house,1,7.3,7.1,3.3,ms,,,house,gable,7.0
"stage 1 - building 1450 - 41.994892, 21.571010",1450,41.994892,21.571010,0,R,803.9,house,1,7.2,5.5,3.3,ms,,,garage,flat,3.2
"stage 1 - building 1451 - 41.994714, 21.571528",1451,41.994714,21.571528,0,R,789.7,house,2,12.9,9.8,6.2,ms,,,house,gable,7.0
"stage 1 - building 1452 - 41.996616, 21.565925",1452,41.996616,21.565925,0,R,1052.7,house,2,14.5,13.8,6.2,ms,,,house,gable,7.0
"stage 1 - building 1453 - 41.997382, 21.563626",1453,41.997382,21.563626,0,R,1207.6,house,1,7.8,4.1,3.3,ms,,,garage,flat,3.2
"stage 1 - building 1454 - 41.994812, 21.571188",1454,41.994812,21.571188,0,R,800.3,house,2,11.8,10.2,6.2,ms,,,house,gable,7.0
"stage 1 - building 1455 - 41.997466, 21.563323",1455,41.997466,21.563323,0,R,1229.7,house,1,13.0,7.1,3.3,ms,,,house,gable,7.0
"stage 1 - building 1456 - 41.994929, 21.570775",1456,41.994929,21.570775,0,R,814.6,house,1,12.9,4.6,3.3,ms,,,house,gable,7.0
"stage 1 - building 1457 - 41.998702, 21.559653",1457,41.998702,21.559653,0,R,1506.3,house,1,15.8,15.5,3.3,ms,,,house,gable,7.0
"stage 1 - building 1458 - 41.994625, 21.571628",1458,41.994625,21.571628,0,R,791.9,flat,1,6.0,4.2,2.7,ms,,,garage,flat,3.2
"stage 1 - building 1459 - 41.998202, 21.561067",1459,41.998202,21.561067,0,R,1397.2,house,2,11.8,9.3,6.2,ms,,,house,gable,7.0
"stage 1 - building 1460 - 41.997046, 21.564446",1460,41.997046,21.564446,0,R,1152.5,house,1,11.0,3.9,3.3,ms,,,garage,flat,3.2
"stage 1 - building 1461 - 41.997352, 21.563469",1461,41.997352,21.563469,0,R,1221.1,house,1,14.3,10.3,3.3,ms,,,house,gable,7.0
"stage 1 - building 1462 - 41.996508, 21.565932",1462,41.996508,21.565932,0,R,1056.6,house,1,10.9,5.1,3.3,ms,,,house,gable,7.0
"stage 1 - building 1463 - 41.993921, 21.573493",1463,41.993921,21.573493,0,R,772.0,house,2,10.5,10.5,6.2,ms,,,house,gable,7.0
"stage 1 - building 1464 - 41.993976, 21.573322",1464,41.993976,21.573322,0,R,773.1,house,1,14.3,6.9,3.3,ms,,,house,gable,7.0
"stage 1 - building 1465 - 41.996182, 21.566759",1465,41.996182,21.566759,0,R,1008.7,house,1,7.3,4.4,3.3,ms,,,garage,flat,3.2
"stage 1 - building 1466 - 41.996126, 21.566909",1466,41.996126,21.566909,0,R,1000.2,house,1,14.0,11.5,3.3,ms,,,house,gable,7.0
"stage 1 - building 1467 - 41.997467, 21.562952",1467,41.997467,21.562952,0,R,1259.5,house,2,20.8,9.6,6.2,ms,,,house,gable,7.0
"stage 1 - building 1468 - 41.998229, 21.560698",1468,41.998229,21.560698,0,R,1426.9,house,2,12.5,10.6,6.2,ms,,,house,gable,7.0
"stage 1 - building 1469 - 41.997354, 21.563271",1469,41.997354,21.563271,0,R,1236.9,flat,1,5.8,4.2,2.7,ms,,,garage,flat,3.2
"stage 1 - building 1470 - 41.994660, 21.571127",1470,41.994660,21.571127,0,R,816.2,house,2,12.2,6.8,6.2,ms,,,house,gable,7.0
"stage 1 - building 1471 - 41.994726, 21.570912",1471,41.994726,21.570912,0,R,822.9,house,1,13.2,3.9,3.3,ms,,,house,gable,7.0
"stage 1 - building 1472 - 41.994140, 21.572622",1472,41.994140,21.572622,0,R,786.8,house,2,10.3,8.8,6.2,osm,670323994,house,house,gable,7.0
"stage 1 - building 1473 - 41.994813, 21.570593",1473,41.994813,21.570593,0,R,834.4,house,1,12.4,6.9,3.3,ms,,,house,gable,7.0
"stage 1 - building 1474 - 41.996396, 21.565930",1474,41.996396,21.565930,0,R,1061.6,house,1,12.0,10.6,3.3,ms,,,house,gable,7.0
"stage 1 - building 1475 - 41.997279, 21.563314",1475,41.997279,21.563314,0,R,1235.5,house,1,11.2,10.0,3.3,ms,,,house,gable,7.0
"stage 1 - building 1476 - 41.994003, 21.572913",1476,41.994003,21.572913,0,R,787.2,house,1,9.5,4.2,3.3,ms,,,garage,flat,3.2
"stage 1 - building 1477 - 41.994839, 21.570425",1477,41.994839,21.570425,0,R,842.4,house,1,8.1,4.8,3.3,ms,,,garage,flat,3.2
"stage 1 - building 1478 - 41.993941, 21.573066",1478,41.993941,21.573066,0,R,786.8,house,2,12.7,11.4,6.2,ms,,,house,gable,7.0
"stage 1 - building 1479 - 41.996246, 21.566263",1479,41.996246,21.566263,0,R,1042.9,flat,1,9.4,2.6,2.7,ms,,,garage,flat,3.2
"stage 1 - building 1480 - 41.998190, 21.560536",1480,41.998190,21.560536,0,R,1440.8,house,1,6.4,5.7,3.3,ms,,,garage,flat,3.2
"stage 1 - building 1481 - 41.997569, 21.562350",1481,41.997569,21.562350,0,R,1305.6,house,2,13.6,9.0,6.2,ms,,,house,gable,7.0
"stage 1 - building 1482 - 41.997301, 21.563134",1482,41.997301,21.563134,0,R,1249.4,house,1,6.6,4.7,3.3,ms,,,garage,flat,3.2
"stage 1 - building 1483 - 41.998067, 21.560875",1483,41.998067,21.560875,0,R,1415.2,house,2,12.4,11.0,6.2,ms,,,house,gable,7.0
"stage 1 - building 1484 - 41.996156, 21.566488",1484,41.996156,21.566488,0,R,1030.1,house,2,13.7,10.8,6.2,ms,,,house,gable,7.0
"stage 1 - building 1485 - 41.994793, 21.570456",1485,41.994793,21.570456,0,R,844.1,house,1,9.6,4.1,3.3,ms,,,garage,flat,3.2
"stage 1 - building 1486 - 41.994002, 21.572768",1486,41.994002,21.572768,0,R,793.4,house,1,12.7,11.6,3.3,ms,,,house,gable,7.0
"stage 1 - building 1487 - 41.994108, 21.572454",1487,41.994108,21.572454,0,R,797.4,house,2,21.9,8.6,6.2,ms,,,row,flat,9.5
"stage 1 - building 1488 - 41.994596, 21.571007",1488,41.994596,21.571007,0,R,828.1,house,2,9.6,9.2,6.2,ms,,,house,gable,7.0
"stage 1 - building 1489 - 41.996254, 21.566078",1489,41.996254,21.566078,0,R,1056.5,house,1,9.3,4.5,3.3,ms,,,garage,flat,3.2
"stage 1 - building 1490 - 41.997332, 21.562894",1490,41.997332,21.562894,0,R,1267.7,house,2,17.9,9.2,6.2,ms,,,house,gable,7.0
"stage 1 - building 1491 - 41.994741, 21.570490",1491,41.994741,21.570490,0,R,846.1,house,1,8.4,7.1,3.3,ms,,,row,flat,9.5
"stage 1 - building 1492 - 41.999831, 21.555498",1492,41.999831,21.555498,0,R,1842.6,house,1,6.9,6.4,3.3,ms,,,garage,flat,3.2
"stage 1 - building 1493 - 41.994670, 21.570654",1493,41.994670,21.570654,0,R,842.1,house,2,18.6,11.8,6.2,ms,,,house,gable,7.0
"stage 1 - building 1494 - 41.994031, 21.572531",1494,41.994031,21.572531,0,R,801.1,house,1,8.1,6.1,3.3,ms,,,row,flat,9.5
"stage 1 - building 1495 - 41.999073, 21.557676",1495,41.999073,21.557676,0,R,1666.0,house,1,6.8,4.5,3.3,ms,,,garage,flat,3.2
"stage 1 - building 1496 - 42.015361, 21.555968",1496,42.015361,21.555968,0,L,2474.4,flat,1,24.8,16.2,7.0,ms,,,house,gable,7.0
"stage 1 - building 1497 - 41.997416, 21.562523",1497,41.997416,21.562523,0,R,1295.4,house,2,11.2,9.8,6.2,ms,,,house,gable,7.0
"stage 1 - building 1498 - 41.997156, 21.563255",1498,41.997156,21.563255,0,R,1243.8,house,1,8.0,4.8,3.3,ms,,,garage,flat,3.2
"stage 1 - building 1499 - 41.994203, 21.571939",1499,41.994203,21.571939,0,R,813.1,house,2,12.2,10.2,6.2,ms,,,house,gable,7.0
"stage 1 - building 1500 - 41.996109, 21.566313",1500,41.996109,21.566313,0,R,1045.6,house,2,13.0,10.8,6.2,ms,,,house,gable,7.0
"stage 1 - building 1501 - 42.009157, 21.574336",1501,42.009157,21.574336,0,L,1043.8,flat,1,5.0,2.7,2.7,ms,,,garage,flat,3.2
"stage 1 - building 1502 - 41.996185, 21.566035",1502,41.996185,21.566035,0,R,1062.9,flat,1,4.8,3.9,2.7,ms,,,garage,flat,3.2
"stage 1 - building 1503 - 41.993740, 21.573229",1503,41.993740,21.573229,0,R,799.9,flat,1,22.0,14.4,7.0,ms,,,house,gable,7.0
"stage 1 - building 1504 - 41.997487, 21.562194",1504,41.997487,21.562194,0,R,1320.2,flat,1,4.9,4.4,2.7,ms,,,garage,flat,3.2
"stage 1 - building 1505 - 41.997328, 21.562650",1505,41.997328,21.562650,0,R,1287.5,house,2,13.5,10.7,6.2,ms,,,house,gable,7.0
"stage 1 - building 1506 - 41.994220, 21.571758",1506,41.994220,21.571758,0,R,820.4,house,1,14.5,11.6,3.3,ms,,,house,gable,7.0
"stage 1 - building 1507 - 41.998942, 21.557841",1507,41.998942,21.557841,0,R,1653.4,flat,1,5.3,4.4,2.7,ms,,,garage,flat,3.2
"stage 1 - building 1508 - 41.996287, 21.565637",1508,41.996287,21.565637,0,R,1088.6,flat,1,5.8,4.7,2.7,ms,,,garage,flat,3.2
"stage 1 - building 1509 - 41.993778, 21.572995",1509,41.993778,21.572995,0,R,805.5,house,1,13.4,4.0,3.3,ms,,,house,gable,7.0
"stage 1 - building 1510 - 41.997224, 21.562825",1510,41.997224,21.562825,0,R,1276.2,house,1,9.8,5.7,3.3,ms,,,house,gable,7.0
"stage 1 - building 1511 - 41.997414, 21.562265",1511,41.997414,21.562265,0,R,1316.3,house,2,10.3,7.0,6.2,ms,,,house,gable,7.0
"stage 1 - building 1512 - 41.996121, 21.566061",1512,41.996121,21.566061,0,R,1063.9,house,2,9.1,9.1,6.2,ms,,,row,flat,9.5
"stage 1 - building 1513 - 41.993896, 21.572552",1513,41.993896,21.572552,0,R,812.8,house,1,14.1,5.0,3.3,ms,,,house,gable,7.0
"stage 1 - building 1514 - 41.996147, 21.565929",1514,41.996147,21.565929,0,R,1072.6,house,2,11.9,10.3,6.2,ms,,,house,gable,7.0
"stage 1 - building 1515 - 42.015464, 21.556019",1515,42.015464,21.556019,0,L,2479.2,house,1,24.8,3.5,3.3,ms,,,house,gable,7.0
"stage 1 - building 1516 - 41.993815, 21.572723",1516,41.993815,21.572723,0,R,813.1,house,2,12.3,10.3,6.2,ms,,,house,gable,7.0
"stage 1 - building 1517 - 41.993759, 21.572884",1517,41.993759,21.572884,0,R,811.8,house,2,12.5,9.6,6.2,ms,,,house,gable,7.0
"stage 1 - building 1518 - 41.994468, 21.570776",1518,41.994468,21.570776,0,R,851.5,house,1,7.8,6.6,3.3,ms,,,house,gable,7.0
"stage 1 - building 1519 - 42.014859, 21.557903",1519,42.014859,21.557903,0,L,2320.4,house,1,12.9,4.1,3.3,ms,,,house,gable,7.0
"stage 1 - building 1520 - 41.997315, 21.562366",1520,41.997315,21.562366,0,R,1310.7,house,2,13.4,10.0,6.2,ms,,,house,gable,7.0
"stage 1 - building 1521 - 41.996973, 21.563366",1521,41.996973,21.563366,0,R,1240.5,house,1,14.3,4.1,3.3,ms,,,house,gable,7.0
"stage 1 - building 1522 - 41.993897, 21.572401",1522,41.993897,21.572401,0,R,819.4,house,1,11.3,8.6,3.3,ms,,,house,gable,7.0
"stage 1 - building 1523 - 41.997094, 21.562948",1523,41.997094,21.562948,0,R,1270.1,house,1,14.4,13.2,3.3,ms,,,house,gable,7.0
"stage 1 - building 1524 - 41.996475, 21.564757",1524,41.996475,21.564757,0,R,1148.5,house,1,8.3,5.8,3.3,ms,,,house,gable,7.0
"stage 1 - building 1525 - 41.996163, 21.565664",1525,41.996163,21.565664,0,R,1092.0,house,2,20.7,14.0,6.2,ms,,,house,gable,7.0
"stage 1 - building 1526 - 41.998768, 21.557997",1526,41.998768,21.557997,0,R,1642.1,flat,1,4.5,3.1,2.7,ms,,,garage,flat,3.2
"stage 1 - building 1527 - 41.993833, 21.572516",1527,41.993833,21.572516,0,R,820.4,flat,1,8.0,3.7,2.7,ms,,,garage,flat,3.2
"stage 1 - building 1528 - 41.993665, 21.573007",1528,41.993665,21.573007,0,R,816.0,house,1,9.5,5.5,3.3,ms,,,house,gable,7.0
"stage 1 - building 1529 - 41.998465, 21.558850",1529,41.998465,21.558850,0,R,1575.3,house,1,8.2,4.5,3.3,ms,,,garage,flat,3.2
"stage 1 - building 1530 - 41.997161, 21.562561",1530,41.997161,21.562561,0,R,1299.2,house,1,10.5,10.2,3.3,ms,,,house,gable,7.0
"stage 1 - building 1531 - 41.995922, 21.566191",1531,41.995922,21.566191,0,R,1063.6,house,1,24.3,9.3,3.3,ms,,,house,gable,7.0
"stage 1 - building 1532 - 41.996355, 21.564915",1532,41.996355,21.564915,0,R,1141.2,house,1,9.5,9.1,3.3,ms,,,house,gable,7.0
"stage 1 - building 1533 - 41.994429, 21.570578",1533,41.994429,21.570578,0,R,865.9,house,2,11.0,10.0,6.2,ms,,,house,gable,7.0
"stage 1 - building 1534 - 41.993546, 21.573148",1534,41.993546,21.573148,0,R,822.1,house,2,12.7,12.0,6.2,ms,,,house,gable,7.0
"stage 1 - building 1535 - 41.993977, 21.571877",1535,41.993977,21.571877,0,R,836.4,house,2,10.0,9.6,6.2,osm,670331590,house,house,gable,7.0
"stage 1 - building 1536 - 41.996447, 21.564598",1536,41.996447,21.564598,0,R,1162.0,house,1,12.5,11.9,3.3,ms,,,house,gable,7.0
"stage 1 - building 1537 - 41.993788, 21.572375",1537,41.993788,21.572375,0,R,830.8,house,2,10.8,10.4,6.2,ms,,,house,gable,7.0
"stage 1 - building 1538 - 41.994266, 21.570953",1538,41.994266,21.570953,0,R,858.5,house,1,11.6,10.4,3.3,ms,,,house,gable,7.0
"stage 1 - building 1539 - 41.993743, 21.572489",1539,41.993743,21.572489,0,R,830.1,house,1,6.7,5.9,3.3,ms,,,garage,flat,3.2
"stage 1 - building 1540 - 41.998379, 21.558824",1540,41.998379,21.558824,0,R,1578.6,house,2,10.2,9.6,6.2,ms,,,house,gable,7.0
"stage 1 - building 1541 - 41.996344, 21.564808",1541,41.996344,21.564808,0,R,1149.8,flat,1,6.1,3.5,2.7,ms,,,garage,flat,3.2
"stage 1 - building 1542 - 41.994070, 21.571429",1542,41.994070,21.571429,0,R,850.2,house,1,9.5,7.3,3.3,ms,,,house,gable,7.0
"stage 1 - building 1543 - 41.996106, 21.565433",1543,41.996106,21.565433,0,R,1112.1,house,1,10.9,9.9,3.3,ms,,,house,gable,7.0
"stage 1 - building 1544 - 41.993813, 21.572168",1544,41.993813,21.572168,0,R,837.8,house,1,10.3,9.2,3.3,ms,,,house,gable,7.0
"stage 1 - building 1545 - 41.996463, 21.564360",1545,41.996463,21.564360,0,R,1179.9,house,2,16.3,5.3,6.2,ms,,,house,gable,7.0
"stage 1 - building 1546 - 41.994009, 21.571556",1546,41.994009,21.571556,0,R,849.3,house,2,13.2,11.2,6.2,ms,,,house,gable,7.0
"stage 1 - building 1547 - 41.994363, 21.570457",1547,41.994363,21.570457,0,R,878.1,house,1,10.3,4.5,3.3,ms,,,house,gable,7.0
"stage 1 - building 1548 - 41.994286, 21.570661",1548,41.994286,21.570661,0,R,872.9,house,2,23.8,9.7,6.2,ms,,,house,gable,7.0
"stage 1 - building 1549 - 41.996903, 21.562937",1549,41.996903,21.562937,0,R,1276.7,house,1,14.6,7.4,3.3,ms,,,house,gable,7.0
"stage 1 - building 1550 - 41.996389, 21.564424",1550,41.996389,21.564424,0,R,1177.8,flat,1,6.2,3.3,2.7,ms,,,garage,flat,3.2
"stage 1 - building 1551 - 41.994049, 21.571295",1551,41.994049,21.571295,0,R,859.0,house,2,15.1,11.2,6.2,ms,,,house,gable,7.0
"stage 1 - building 1552 - 41.996238, 21.564852",1552,41.996238,21.564852,0,R,1150.8,house,1,11.3,9.4,3.3,ms,,,house,gable,7.0
"stage 1 - building 1553 - 41.998525, 21.558105",1553,41.998525,21.558105,0,R,1635.9,flat,1,35.0,30.0,7.0,osm,38006384,yes,industrial,flat,8.5
"stage 1 - building 1554 - 41.996485, 21.564100",1554,41.996485,21.564100,0,R,1199.4,house,2,15.2,4.7,6.2,ms,,,house,gable,7.0
"stage 1 - building 1555 - 41.996711, 21.563434",1555,41.996711,21.563434,0,R,1243.6,house,1,10.5,7.1,3.3,ms,,,house,gable,7.0
"stage 1 - building 1556 - 41.993394, 21.573097",1556,41.993394,21.573097,0,R,839.1,house,1,12.7,9.2,3.3,ms,,,house,gable,7.0
"stage 1 - building 1557 - 41.993469, 21.572856",1557,41.993469,21.572856,0,R,841.1,house,1,13.6,3.8,3.3,ms,,,house,gable,7.0
"stage 1 - building 1558 - 41.997077, 21.562201",1558,41.997077,21.562201,0,R,1330.4,house,1,13.1,11.8,3.3,ms,,,house,gable,7.0
"stage 1 - building 1559 - 41.993534, 21.572595",1559,41.993534,21.572595,0,R,845.4,house,1,13.8,13.8,3.3,ms,,,house,gable,7.0
"stage 1 - building 1560 - 41.997138, 21.561984",1560,41.997138,21.561984,0,R,1346.2,house,1,13.6,11.5,3.3,ms,,,house,gable,7.0
"stage 1 - building 1561 - 41.998930, 21.556573",1561,41.998930,21.556573,0,R,1758.2,flat,1,5.0,3.9,2.7,ms,,,garage,flat,3.2
"stage 1 - building 1562 - 41.993554, 21.572386",1562,41.993554,21.572386,0,R,852.4,house,2,19.8,14.8,6.2,ms,,,house,gable,7.0
"stage 1 - building 1563 - 41.995406, 21.566937",1563,41.995406,21.566937,0,R,1036.1,flat,1,59.3,23.7,7.0,ms,,,commercial,flat,7.0
"stage 1 - building 1564 - 41.996795, 21.562830",1564,41.996795,21.562830,0,R,1288.7,house,1,13.6,9.8,3.3,ms,,,row,flat,9.5
"stage 1 - building 1565 - 41.996100, 21.564847",1565,41.996100,21.564847,0,R,1157.0,house,1,11.4,10.6,3.3,ms,,,house,gable,7.0
"stage 1 - building 1566 - 41.996353, 21.564077",1566,41.996353,21.564077,0,R,1206.1,house,1,9.3,6.1,3.3,ms,,,house,gable,7.0
"stage 1 - building 1567 - 41.993712, 21.571784",1567,41.993712,21.571784,0,R,864.9,house,2,10.2,9.5,6.2,ms,,,house,gable,7.0
"stage 1 - building 1568 - 41.996800, 21.562672",1568,41.996800,21.562672,0,R,1301.1,house,2,11.9,9.6,6.2,ms,,,row,flat,9.5
"stage 1 - building 1569 - 41.996629, 21.563151",1569,41.996629,21.563151,0,R,1268.7,house,1,8.7,7.4,3.3,ms,,,house,gable,7.0
"stage 1 - building 1570 - 41.998268, 21.558275",1570,41.998268,21.558275,0,R,1625.3,flat,1,42.2,8.1,7.0,ms,,,industrial,flat,8.5
"stage 1 - building 1571 - 41.993733, 21.571595",1571,41.993733,21.571595,0,R,872.1,house,1,9.7,9.5,3.3,ms,,,row,flat,9.5
"stage 1 - building 1572 - 41.997005, 21.561940",1572,41.997005,21.561940,0,R,1353.3,house,1,7.2,4.8,3.3,ms,,,garage,flat,3.2
"stage 1 - building 1573 - 41.993245, 21.573002",1573,41.993245,21.573002,0,R,857.4,house,2,12.6,10.3,6.2,ms,,,house,gable,7.0
"stage 1 - building 1574 - 41.993544, 21.572112",1574,41.993544,21.572112,0,R,865.4,flat,1,23.5,15.4,7.0,ms,,,house,gable,7.0
"stage 1 - building 1575 - 41.993847, 21.571198",1575,41.993847,21.571198,0,R,881.6,flat,1,25.6,13.9,7.0,ms,,,house,gable,7.0
"stage 1 - building 1576 - 41.993365, 21.572614",1576,41.993365,21.572614,0,R,860.9,house,1,8.6,6.7,3.3,ms,,,house,gable,7.0
"stage 1 - building 1577 - 41.993613, 21.571884",1577,41.993613,21.571884,0,R,869.3,house,1,8.2,5.5,3.3,ms,,,garage,flat,3.2
"stage 1 - building 1578 - 41.993731, 21.571512",1578,41.993731,21.571512,0,R,876.3,flat,1,5.9,3.2,2.7,ms,,,garage,flat,3.2
"stage 1 - building 1579 - 41.996208, 21.564209",1579,41.996208,21.564209,0,R,1201.6,house,2,9.1,6.9,6.2,ms,,,house,gable,7.0
"stage 1 - building 1580 - 41.996601, 21.563043",1580,41.996601,21.563043,0,R,1278.2,house,1,8.4,5.3,3.3,ms,,,garage,flat,3.2
"stage 1 - building 1581 - 41.993748, 21.571419",1581,41.993748,21.571419,0,R,879.3,house,1,12.4,10.4,3.3,ms,,,row,flat,9.5
"stage 1 - building 1582 - 41.996231, 21.564041",1582,41.996231,21.564041,0,R,1213.7,house,1,15.7,7.6,3.3,ms,,,house,gable,7.0
"stage 1 - building 1583 - 41.994005, 21.570569",1583,41.994005,21.570569,0,R,901.2,house,2,12.2,8.9,6.2,ms,,,house,gable,7.0
"stage 1 - building 1584 - 41.996596, 21.562942",1584,41.996596,21.562942,0,R,1286.3,house,2,9.3,6.5,6.2,ms,,,house,gable,7.0
"stage 1 - building 1585 - 41.996822, 21.562263",1585,41.996822,21.562263,0,R,1332.9,house,1,7.0,5.3,3.3,ms,,,garage,flat,3.2
"stage 1 - building 1586 - 41.996669, 21.562703",1586,41.996669,21.562703,0,R,1302.8,house,1,18.7,14.5,3.3,ms,,,house,gable,7.0
"stage 1 - building 1587 - 41.998391, 21.557608",1587,41.998391,21.557608,0,R,1678.5,house,1,7.2,5.1,3.3,ms,,,garage,flat,3.2
"stage 1 - building 1588 - 41.996052, 21.564469",1588,41.996052,21.564469,0,R,1188.0,house,2,11.3,8.9,6.2,ms,,,row,flat,9.5
"stage 1 - building 1589 - 41.993783, 21.571118",1589,41.993783,21.571118,0,R,891.3,flat,1,5.3,4.6,2.7,ms,,,garage,flat,3.2
"stage 1 - building 1590 - 41.993506, 21.571840",1590,41.993506,21.571840,0,R,881.2,house,1,7.5,7.1,3.3,ms,,,house,gable,7.0
"stage 1 - building 1591 - 41.996047, 21.564364",1591,41.996047,21.564364,0,R,1196.2,house,2,13.1,8.4,6.2,ms,,,row,flat,9.5
"stage 1 - building 1592 - 41.996736, 21.562329",1592,41.996736,21.562329,0,R,1330.3,house,2,12.9,11.8,6.2,ms,,,house,gable,7.0
"stage 1 - building 1593 - 41.996241, 21.563773",1593,41.996241,21.563773,0,R,1234.0,house,2,11.4,6.6,6.2,ms,,,house,gable,7.0
"stage 1 - building 1594 - 41.993153, 21.572852",1594,41.993153,21.572852,0,R,872.1,house,1,8.9,5.1,3.3,ms,,,house,gable,7.0
"stage 1 - building 1595 - 41.993117, 21.572959",1595,41.993117,21.572959,0,R,871.6,house,1,8.9,6.3,3.3,ms,,,house,gable,7.0
"stage 1 - building 1596 - 41.993782, 21.570997",1596,41.993782,21.570997,0,R,897.6,house,2,13.9,5.9,6.2,ms,,,house,gable,7.0
"stage 1 - building 1597 - 41.993167, 21.572702",1597,41.993167,21.572702,0,R,876.7,house,1,13.8,12.0,3.3,ms,,,house,gable,7.0
"stage 1 - building 1598 - 41.995903, 21.564611",1598,41.995903,21.564611,0,R,1183.5,house,1,7.7,4.4,3.3,ms,,,garage,flat,3.2
"stage 1 - building 1599 - 41.996102, 21.564005",1599,41.996102,21.564005,0,R,1221.6,house,1,10.1,8.9,3.3,osm,670316023,house,house,gable,7.0
"stage 1 - building 1600 - 41.996585, 21.562571",1600,41.996585,21.562571,0,R,1316.0,house,1,14.7,5.0,3.3,ms,,,house,gable,7.0
"stage 1 - building 1601 - 41.993270, 21.572282",1601,41.993270,21.572282,0,R,883.8,house,2,21.1,12.4,6.2,ms,,,row,flat,9.5
"stage 1 - building 1602 - 41.993868, 21.570504",1602,41.993868,21.570504,0,R,916.3,flat,1,6.3,4.6,2.7,ms,,,garage,flat,3.2
"stage 1 - building 1603 - 41.996139, 21.563816",1603,41.996139,21.563816,0,R,1234.7,house,2,11.0,9.3,6.2,osm,670316024,house,house,gable,7.0
"stage 1 - building 1604 - 41.993543, 21.571439",1604,41.993543,21.571439,0,R,896.7,house,1,11.6,9.4,3.3,ms,,,house,gable,7.0
"stage 1 - building 1605 - 41.995913, 21.564435",1605,41.995913,21.564435,0,R,1196.5,house,1,13.0,8.4,3.3,ms,,,house,gable,7.0
"stage 1 - building 1606 - 41.997037, 21.561120",1606,41.997037,21.561120,0,R,1418.3,house,1,14.8,7.3,3.3,ms,,,house,gable,7.0
"stage 1 - building 1607 - 41.993669, 21.571003",1607,41.993669,21.571003,0,R,907.1,house,1,18.5,10.2,3.3,ms,,,house,gable,7.0
"stage 1 - building 1608 - 41.993322, 21.571999",1608,41.993322,21.571999,0,R,891.2,house,1,12.7,9.2,3.3,ms,,,house,gable,7.0
"stage 1 - building 1609 - 41.996546, 21.562508",1609,41.996546,21.562508,0,R,1322.3,house,1,10.2,4.1,3.3,ms,,,garage,flat,3.2
"stage 1 - building 1610 - 41.993450, 21.571594",1610,41.993450,21.571594,0,R,897.7,house,1,16.7,14.0,3.3,ms,,,house,gable,7.0
"stage 1 - building 1611 - 41.993581, 21.571179",1611,41.993581,21.571179,0,R,906.0,house,1,11.3,9.9,3.3,ms,,,house,gable,7.0
"stage 1 - building 1612 - 41.998646, 21.556258",1612,41.998646,21.556258,0,R,1786.8,house,1,6.9,5.8,3.3,ms,,,garage,flat,3.2
"stage 1 - building 1613 - 41.993163, 21.572335",1613,41.993163,21.572335,0,R,891.8,house,2,14.2,8.6,6.2,ms,,,row,flat,9.5
"stage 1 - building 1614 - 41.997133, 21.560653",1614,41.997133,21.560653,0,R,1453.4,house,1,6.9,5.9,3.3,ms,,,garage,flat,3.2
"stage 1 - building 1615 - 41.993814, 21.570421",1615,41.993814,21.570421,0,R,925.4,house,1,5.7,5.4,3.3,ms,,,garage,flat,3.2
"stage 1 - building 1616 - 41.997417, 21.559783",1616,41.997417,21.559783,0,R,1517.2,house,1,19.1,11.0,3.3,ms,,,house,gable,7.0
"stage 1 - building 1617 - 41.992987, 21.572798",1617,41.992987,21.572798,0,R,890.6,house,1,11.1,4.0,3.3,ms,,,garage,flat,3.2
"stage 1 - building 1618 - 41.996997, 21.560946",1618,41.996997,21.560946,0,R,1433.3,house,2,15.7,8.9,6.2,ms,,,house,gable,7.0
"stage 1 - building 1619 - 41.998255, 21.557205",1619,41.998255,21.557205,0,R,1713.4,flat,1,5.6,3.0,2.7,ms,,,garage,flat,3.2
"stage 1 - building 1620 - 41.993238, 21.571956",1620,41.993238,21.571956,0,R,901.0,flat,1,5.8,3.1,2.7,ms,,,garage,flat,3.2
"stage 1 - building 1621 - 41.993770, 21.570254",1621,41.993770,21.570254,0,R,938.1,house,1,6.5,5.1,3.3,ms,,,garage,flat,3.2
"stage 1 - building 1622 - 41.993500, 21.571042",1622,41.993500,21.571042,0,R,920.0,flat,1,5.3,4.0,2.7,ms,,,garage,flat,3.2
"stage 1 - building 1623 - 41.993170, 21.572013",1623,41.993170,21.572013,0,R,904.9,house,1,8.4,7.8,3.3,ms,,,house,gable,7.0
"stage 1 - building 1624 - 41.995852, 21.564098",1624,41.995852,21.564098,0,R,1224.9,house,1,13.5,9.3,3.3,ms,,,house,gable,7.0
"stage 1 - building 1625 - 41.993576, 21.570792",1625,41.993576,21.570792,0,R,926.0,house,1,7.6,7.3,3.3,ms,,,house,gable,7.0
"stage 1 - building 1626 - 41.995533, 21.565001",1626,41.995533,21.565001,0,R,1171.2,house,1,7.0,5.6,3.3,ms,,,garage,flat,3.2
"stage 1 - building 1627 - 41.992806, 21.573026",1627,41.992806,21.573026,0,R,900.2,house,2,11.5,11.0,6.2,ms,,,house,gable,7.0
"stage 1 - building 1628 - 41.999274, 21.553945",1628,41.999274,21.553945,0,R,1973.3,flat,1,67.3,39.9,9.0,ms,,,industrial,flat,8.5
"stage 1 - building 1629 - 41.993596, 21.570607",1629,41.993596,21.570607,0,R,933.9,flat,1,5.4,3.3,2.7,ms,,,garage,flat,3.2
"stage 1 - building 1630 - 41.999094, 21.554378",1630,41.999094,21.554378,0,R,1938.5,house,2,16.2,3.8,6.2,ms,,,house,gable,7.0
"stage 1 - building 1631 - 41.995562, 21.564758",1631,41.995562,21.564758,0,R,1187.9,house,2,10.0,7.7,6.2,ms,,,house,gable,7.0
"stage 1 - building 1632 - 41.999462, 21.553278",1632,41.999462,21.553278,0,R,2027.6,flat,1,5.7,4.3,2.7,ms,,,garage,flat,3.2
"stage 1 - building 1633 - 41.996956, 21.560617",1633,41.996956,21.560617,0,R,1461.0,house,1,11.4,10.0,3.3,ms,,,house,gable,7.0
"stage 1 - building 1634 - 41.992867, 21.572638",1634,41.992867,21.572638,0,R,908.5,house,2,12.2,5.4,6.2,ms,,,house,gable,7.0
"stage 1 - building 1635 - 41.995934, 21.563601",1635,41.995934,21.563601,0,R,1259.5,house,1,6.2,5.7,3.3,ms,,,garage,flat,3.2
"stage 1 - building 1636 - 41.998842, 21.555010",1636,41.998842,21.555010,0,R,1888.1,flat,1,39.8,12.9,7.0,ms,,,industrial,flat,8.5
"stage 1 - building 1637 - 41.993072, 21.571944",1637,41.993072,21.571944,0,R,917.2,house,1,15.8,9.4,3.3,ms,,,house,gable,7.0
"stage 1 - building 1638 - 41.995777, 21.563954",1638,41.995777,21.563954,0,R,1239.1,house,2,10.8,8.2,6.2,ms,,,house,gable,7.0
"stage 1 - building 1639 - 41.992862, 21.572456",1639,41.992862,21.572456,0,R,916.1,house,1,25.2,8.2,3.3,ms,,,house,gable,7.0
"stage 1 - building 1640 - 41.992625, 21.573075",1640,41.992625,21.573075,0,R,916.6,house,2,14.3,10.4,6.2,ms,,,house,gable,7.0
"stage 1 - building 1641 - 41.992718, 21.572776",1641,41.992718,21.572776,0,R,918.0,house,1,12.3,4.0,3.3,ms,,,house,gable,7.0
"stage 1 - building 1642 - 41.997201, 21.559541",1642,41.997201,21.559541,0,R,1541.7,house,1,11.0,9.8,3.3,ms,,,house,gable,7.0
"stage 1 - building 1643 - 41.993068, 21.571634",1643,41.993068,21.571634,0,R,931.2,house,1,12.9,10.6,3.3,ms,,,house,gable,7.0
"stage 1 - building 1644 - 41.995813, 21.563541",1644,41.995813,21.563541,0,R,1269.2,house,2,18.6,10.4,6.2,ms,,,house,gable,7.0
"stage 1 - building 1645 - 41.993348, 21.570773",1645,41.993348,21.570773,0,R,947.0,house,2,10.1,9.9,6.2,ms,,,house,gable,7.0
"stage 1 - building 1646 - 41.993105, 21.571460",1646,41.993105,21.571460,0,R,935.7,house,1,11.4,9.5,3.3,ms,,,house,gable,7.0
"stage 1 - building 1647 - 41.992947, 21.571900",1647,41.992947,21.571900,0,R,930.9,house,1,12.2,10.6,3.3,ms,,,house,gable,7.0
"stage 1 - building 1648 - 41.996382, 21.561789",1648,41.996382,21.561789,0,R,1384.5,house,1,6.7,4.6,3.3,ms,,,garage,flat,3.2
"stage 1 - building 1649 - 41.998216, 21.556385",1649,41.998216,21.556385,0,R,1781.4,flat,1,68.4,19.3,7.0,osm,38006382,yes,industrial,flat,8.5
"stage 1 - building 1650 - 41.995803, 21.563338",1650,41.995803,21.563338,0,R,1285.2,house,2,10.1,10.0,6.2,ms,,,house,gable,7.0
"stage 1 - building 1651 - 41.996788, 21.560415",1651,41.996788,21.560415,0,R,1481.7,house,2,11.4,8.7,6.2,ms,,,house,gable,7.0
"stage 1 - building 1652 - 41.993117, 21.571189",1652,41.993117,21.571189,0,R,947.3,house,1,13.2,10.2,3.3,ms,,,house,gable,7.0
"stage 1 - building 1653 - 41.996271, 21.561905",1653,41.996271,21.561905,0,R,1379.2,house,2,13.0,11.3,6.2,ms,,,house,gable,7.0
"stage 1 - building 1654 - 41.993245, 21.570798",1654,41.993245,21.570798,0,R,954.8,house,1,7.2,4.9,3.3,ms,,,garage,flat,3.2
"stage 1 - building 1655 - 41.995846, 21.563141",1655,41.995846,21.563141,0,R,1298.6,house,2,16.6,14.4,6.2,ms,,,house,gable,7.0
"stage 1 - building 1656 - 41.997118, 21.559383",1656,41.997118,21.559383,0,R,1556.4,house,1,16.0,12.6,3.3,ms,,,house,gable,7.0
"stage 1 - building 1657 - 41.993027, 21.571418",1657,41.993027,21.571418,0,R,944.9,flat,1,4.7,4.2,2.7,ms,,,garage,flat,3.2
"stage 1 - building 1658 - 41.999175, 21.553298",1658,41.999175,21.553298,0,R,2027.3,flat,1,6.9,3.9,2.7,ms,,,garage,flat,3.2
"stage 1 - building 1659 - 41.993050, 21.571303",1659,41.993050,21.571303,0,R,948.0,house,1,6.2,5.0,3.3,ms,,,garage,flat,3.2
"stage 1 - building 1660 - 41.995516, 21.564024",1660,41.995516,21.564024,0,R,1245.3,house,2,13.1,6.1,6.2,ms,,,house,gable,7.0
"stage 1 - building 1661 - 41.995390, 21.564362",1661,41.995390,21.564362,0,R,1225.8,house,1,10.1,9.2,3.3,ms,,,house,gable,7.0
"stage 1 - building 1662 - 41.995321, 21.564541",1662,41.995321,21.564541,0,R,1215.7,house,2,15.3,11.5,6.2,ms,,,house,gable,7.0
"stage 1 - building 1663 - 41.992496, 21.572841",1663,41.992496,21.572841,0,R,937.8,house,1,9.9,9.5,3.3,ms,,,house,gable,7.0
"stage 1 - building 1664 - 41.992945, 21.571500",1664,41.992945,21.571500,0,R,948.7,house,2,10.4,9.0,6.2,ms,,,house,gable,7.0
"stage 1 - building 1665 - 41.995520, 21.563918",1665,41.995520,21.563918,0,R,1253.2,house,1,8.1,4.7,3.3,ms,,,garage,flat,3.2
"stage 1 - building 1666 - 41.996136, 21.562107",1666,41.996136,21.562107,0,R,1368.0,house,2,13.0,11.4,6.2,ms,,,house,gable,7.0
"stage 1 - building 1667 - 41.995719, 21.563323",1667,41.995719,21.563323,0,R,1289.9,house,1,8.6,5.2,3.3,ms,,,garage,flat,3.2
"stage 1 - building 1668 - 41.996740, 21.560256",1668,41.996740,21.560256,0,R,1495.8,house,2,11.1,9.2,6.2,ms,,,house,gable,7.0
"stage 1 - building 1669 - 41.993100, 21.570941",1669,41.993100,21.570941,0,R,960.7,flat,1,6.2,4.0,2.7,ms,,,garage,flat,3.2
"stage 1 - building 1670 - 41.995229, 21.564664",1670,41.995229,21.564664,0,R,1211.1,house,1,11.3,10.4,3.3,ms,,,house,gable,7.0
"stage 1 - building 1671 - 41.992965, 21.571299",1671,41.992965,21.571299,0,R,956.0,house,1,12.2,9.1,3.3,ms,,,house,gable,7.0
"stage 1 - building 1672 - 41.999314, 21.552607",1672,41.999314,21.552607,0,R,2083.8,flat,1,23.5,9.1,3.4,ms,,,industrial,flat,8.5
"stage 1 - building 1673 - 41.997280, 21.558587",1673,41.997280,21.558587,0,R,1617.3,house,2,14.4,12.3,6.2,ms,,,house,gable,7.0
"stage 1 - building 1674 - 41.996271, 21.561539",1674,41.996271,21.561539,0,R,1408.0,house,1,11.8,9.0,3.3,ms,,,row,flat,9.5
"stage 1 - building 1675 - 41.992742, 21.571920",1675,41.992742,21.571920,0,R,949.6,house,2,14.4,11.1,6.2,ms,,,house,gable,7.0
"stage 1 - building 1676 - 41.997202, 21.558782",1676,41.997202,21.558782,0,R,1603.1,house,2,18.0,9.4,6.2,ms,,,house,gable,7.0
"stage 1 - building 1677 - 41.999013, 21.553436",1677,41.999013,21.553436,0,R,2016.9,house,1,8.3,3.7,3.3,ms,,,garage,flat,3.2
"stage 1 - building 1678 - 41.992445, 21.572720",1678,41.992445,21.572720,0,R,947.3,house,2,16.4,6.9,6.2,ms,,,house,gable,7.0
"stage 1 - building 1679 - 41.992498, 21.572556",1679,41.992498,21.572556,0,R,948.1,house,2,13.6,11.3,6.2,ms,,,house,gable,7.0
"stage 1 - building 1680 - 41.997102, 21.558985",1680,41.997102,21.558985,0,R,1589.0,house,1,9.7,9.2,3.3,ms,,,house,gable,7.0
"stage 1 - building 1681 - 41.996300, 21.561289",1681,41.996300,21.561289,0,R,1426.8,house,2,16.4,6.4,6.2,ms,,,house,gable,7.0
"stage 1 - building 1682 - 41.997035, 21.559123",1682,41.997035,21.559123,0,R,1579.5,house,1,11.7,11.5,3.3,ms,,,house,gable,7.0
"stage 1 - building 1683 - 41.995312, 21.564143",1683,41.995312,21.564143,0,R,1245.9,house,2,11.1,10.6,6.2,ms,,,house,gable,7.0
"stage 1 - building 1684 - 41.996233, 21.561407",1684,41.996233,21.561407,0,R,1419.7,house,2,16.7,11.2,6.2,osm,670316025,house,row,flat,9.5
"stage 1 - building 1685 - 41.995108, 21.564714",1685,41.995108,21.564714,0,R,1213.5,flat,1,5.1,3.7,2.7,ms,,,garage,flat,3.2
"stage 1 - building 1686 - 41.993008, 21.570877",1686,41.993008,21.570877,0,R,972.1,house,1,13.9,6.5,3.3,ms,,,house,gable,7.0
"stage 1 - building 1687 - 41.996732, 21.559915",1687,41.996732,21.559915,0,R,1523.3,flat,1,6.9,3.8,2.7,ms,,,garage,flat,3.2
"stage 1 - building 1688 - 41.995446, 21.563686",1688,41.995446,21.563686,0,R,1274.1,house,2,18.8,10.4,6.2,ms,,,house,gable,7.0
"stage 1 - building 1689 - 41.995374, 21.563886",1689,41.995374,21.563886,0,R,1262.2,house,2,15.3,9.7,6.2,ms,,,house,gable,7.0
"stage 1 - building 1690 - 41.996482, 21.560566",1690,41.996482,21.560566,0,R,1478.5,house,1,9.1,6.9,3.3,ms,,,house,gable,7.0
"stage 1 - building 1691 - 41.992374, 21.572634",1691,41.992374,21.572634,0,R,957.5,flat,1,4.0,3.3,2.7,ms,,,garage,flat,3.2
"stage 1 - building 1692 - 41.992782, 21.571430",1692,41.992782,21.571430,0,R,967.1,house,2,12.8,12.3,6.2,ms,,,house,gable,7.0
"stage 1 - building 1693 - 41.992397, 21.572528",1693,41.992397,21.572528,0,R,959.1,house,2,10.3,8.1,6.2,ms,,,house,gable,7.0
"stage 1 - building 1694 - 41.992312, 21.572762",1694,41.992312,21.572762,0,R,959.1,house,2,23.1,10.2,6.2,ms,,,house,gable,7.0
"stage 1 - building 1695 - 41.995205, 21.564238",1695,41.995205,21.564238,0,R,1244.0,house,1,7.3,4.8,3.3,ms,,,garage,flat,3.2
"stage 1 - building 1696 - 41.997016, 21.558887",1696,41.997016,21.558887,0,R,1599.0,house,2,14.9,11.8,6.2,ms,,,house,gable,7.0
"stage 1 - building 1697 - 41.996600, 21.560109",1697,41.996600,21.560109,0,R,1511.5,house,2,13.7,11.5,6.2,ms,,,house,gable,7.0
"stage 1 - building 1698 - 41.995078, 21.564584",1698,41.995078,21.564584,0,R,1224.5,house,2,11.6,5.2,6.2,ms,,,house,gable,7.0
"stage 1 - building 1699 - 41.992843, 21.571112",1699,41.992843,21.571112,0,R,975.9,house,1,6.7,5.7,3.3,ms,,,garage,flat,3.2
"stage 1 - building 1700 - 41.992784, 21.571273",1700,41.992784,21.571273,0,R,974.0,house,2,17.5,6.2,6.2,ms,,,house,gable,7.0
"stage 1 - building 1701 - 41.995850, 21.562249",1701,41.995850,21.562249,0,R,1367.6,house,2,8.8,8.3,6.2,ms,,,house,gable,7.0
"stage 1 - building 1702 - 41.995013, 21.564665",1702,41.995013,21.564665,0,R,1221.9,flat,1,6.0,3.2,2.7,ms,,,garage,flat,3.2
"stage 1 - building 1703 - 41.995498, 21.563236",1703,41.995498,21.563236,0,R,1306.0,house,1,7.3,5.1,3.3,ms,,,garage,flat,3.2
"stage 1 - building 1704 - 41.995398, 21.563528",1704,41.995398,21.563528,0,R,1288.2,house,1,11.2,11.0,3.3,ms,,,row,flat,9.5
"stage 1 - building 1705 - 41.996664, 21.559792",1705,41.996664,21.559792,0,R,1535.1,house,2,13.4,5.4,6.2,ms,,,house,gable,7.0
"stage 1 - building 1706 - 41.992980, 21.570615",1706,41.992980,21.570615,0,R,987.4,house,1,8.3,6.4,3.3,ms,,,house,gable,7.0
"stage 1 - building 1707 - 41.995221, 21.564005",1707,41.995221,21.564005,0,R,1260.6,house,1,12.8,10.0,3.3,ms,,,house,gable,7.0
"stage 1 - building 1708 - 41.992190, 21.572905",1708,41.992190,21.572905,0,R,966.3,house,1,15.7,10.2,3.3,ms,,,house,gable,7.0
"stage 1 - building 1709 - 41.997277, 21.557911",1709,41.997277,21.557911,0,R,1672.3,house,2,30.4,7.8,6.2,ms,,,house,gable,7.0
"stage 1 - building 1710 - 41.992482, 21.572013",1710,41.992482,21.572013,0,R,970.8,house,2,11.3,5.6,6.2,ms,,,house,gable,7.0
"stage 1 - building 1711 - 41.996612, 21.559854",1711,41.996612,21.559854,0,R,1531.6,house,1,7.6,4.0,3.3,ms,,,garage,flat,3.2
"stage 1 - building 1712 - 41.992867, 21.570874",1712,41.992867,21.570874,0,R,985.0,house,1,10.7,9.8,3.3,ms,,,house,gable,7.0
"stage 1 - building 1713 - 41.996225, 21.560970",1713,41.996225,21.560970,0,R,1454.5,house,1,20.5,10.8,3.3,ms,,,house,gable,7.0
"stage 1 - building 1714 - 41.998832, 21.553283",1714,41.998832,21.553283,0,R,2030.8,flat,1,99.3,38.5,9.0,ms,,,industrial,flat,8.5
"stage 1 - building 1715 - 41.995887, 21.561937",1715,41.995887,21.561937,0,R,1390.4,house,2,17.3,16.0,6.2,osm,670283349,house,house,gable,7.0
"stage 1 - building 1716 - 41.995037, 21.564431",1716,41.995037,21.564431,0,R,1237.9,house,1,14.7,7.0,3.3,ms,,,house,gable,7.0
"stage 1 - building 1717 - 41.992769, 21.571105",1717,41.992769,21.571105,0,R,983.1,house,1,11.6,9.6,3.3,ms,,,row,flat,9.5
"stage 1 - building 1718 - 41.998083, 21.555435",1718,41.998083,21.555435,0,R,1861.3,flat,1,86.3,17.5,9.0,ms,,,industrial,flat,8.5
"stage 1 - building 1719 - 41.998403, 21.554446",1719,41.998403,21.554446,0,R,1938.8,flat,1,7.6,3.4,2.7,ms,,,garage,flat,3.2
"stage 1 - building 1720 - 41.992619, 21.571465",1720,41.992619,21.571465,0,R,980.8,house,2,12.1,12.0,6.2,ms,,,house,gable,7.0
"stage 1 - building 1721 - 41.998122, 21.555271",1721,41.998122,21.555271,0,R,1874.3,house,1,6.9,4.6,3.3,ms,,,garage,flat,3.2
"stage 1 - building 1722 - 41.996552, 21.559889",1722,41.996552,21.559889,0,R,1530.5,flat,1,6.1,3.4,2.7,ms,,,garage,flat,3.2
"stage 1 - building 1723 - 41.992477, 21.571863",1723,41.992477,21.571863,0,R,977.4,house,1,12.2,9.0,3.3,ms,,,house,gable,7.0
"stage 1 - building 1724 - 41.997668, 21.556570",1724,41.997668,21.556570,0,R,1774.4,flat,1,32.1,25.3,7.0,ms,,,industrial,flat,8.5
"stage 1 - building 1725 - 41.995391, 21.563265",1725,41.995391,21.563265,0,R,1308.4,house,1,11.8,10.7,3.3,ms,,,house,gable,7.0
"stage 1 - building 1726 - 41.995218, 21.563757",1726,41.995218,21.563757,0,R,1279.3,house,1,13.9,11.3,3.3,ms,,,house,gable,7.0
"stage 1 - building 1727 - 41.995131, 21.563986",1727,41.995131,21.563986,0,R,1266.3,house,1,10.6,4.1,3.3,ms,,,garage,flat,3.2
"stage 1 - building 1728 - 41.996499, 21.559955",1728,41.996499,21.559955,0,R,1526.7,house,1,10.2,8.8,3.3,ms,,,house,gable,7.0
"stage 1 - building 1729 - 41.996339, 21.560376",1729,41.996339,21.560376,0,R,1498.0,house,1,11.2,10.2,3.3,ms,,,house,gable,7.0
"stage 1 - building 1730 - 41.992640, 21.571232",1730,41.992640,21.571232,0,R,989.3,house,2,12.4,12.2,6.2,ms,,,house,gable,7.0
"stage 1 - building 1731 - 41.995390, 21.563118",1731,41.995390,21.563118,0,R,1319.6,house,2,10.7,9.9,6.2,ms,,,house,gable,7.0
"stage 1 - building 1732 - 41.994884, 21.564527",1732,41.994884,21.564527,0,R,1238.7,house,1,11.5,10.9,3.3,ms,,,house,gable,7.0
"stage 1 - building 1733 - 41.992653, 21.571090",1733,41.992653,21.571090,0,R,994.5,house,1,10.1,9.9,3.3,ms,,,house,gable,7.0
"stage 1 - building 1734 - 41.992128, 21.572617",1734,41.992128,21.572617,0,R,982.7,house,1,10.4,9.3,3.3,ms,,,house,gable,7.0
"stage 1 - building 1735 - 41.995688, 21.562126",1735,41.995688,21.562126,0,R,1383.4,house,1,8.0,7.2,3.3,ms,,,house,gable,7.0
"stage 1 - building 1736 - 41.995446, 21.562819",1736,41.995446,21.562819,0,R,1340.0,flat,1,5.5,4.6,2.7,ms,,,garage,flat,3.2
"stage 1 - building 1737 - 41.997981, 21.555322",1737,41.997981,21.555322,0,R,1872.0,flat,1,5.7,3.8,2.7,ms,,,garage,flat,3.2
"stage 1 - building 1738 - 41.996473, 21.559723",1738,41.996473,21.559723,0,R,1546.1,house,1,15.4,12.1,3.3,ms,,,house,gable,7.0
"stage 1 - building 1739 - 41.995908, 21.561380",1739,41.995908,21.561380,0,R,1433.2,house,2,14.1,10.2,6.2,ms,,,house,gable,7.0
"stage 1 - building 1740 - 41.995275, 21.563238",1740,41.995275,21.563238,0,R,1315.7,house,2,11.4,10.8,6.2,ms,,,house,gable,7.0
"stage 1 - building 1741 - 41.992399, 21.571700",1741,41.992399,21.571700,0,R,991.7,flat,1,5.8,5.2,2.7,ms,,,garage,flat,3.2
"stage 1 - building 1742 - 41.992026, 21.572766",1742,41.992026,21.572766,0,R,987.7,house,1,11.5,8.3,3.3,ms,,,house,gable,7.0
"stage 1 - building 1743 - 41.995042, 21.563891",1743,41.995042,21.563891,0,R,1277.7,house,1,11.3,4.0,3.3,ms,,,house,gable,7.0
"stage 1 - building 1744 - 41.996270, 21.560270",1744,41.996270,21.560270,0,R,1508.6,house,2,9.7,9.3,6.2,ms,,,house,gable,7.0
"stage 1 - building 1745 - 41.994919, 21.564237",1745,41.994919,21.564237,0,R,1258.2,house,1,9.1,4.2,3.3,ms,,,garage,flat,3.2
"stage 1 - building 1746 - 41.992684, 21.570809",1746,41.992684,21.570809,0,R,1004.7,house,2,16.2,10.8,6.2,ms,,,house,gable,7.0
"stage 1 - building 1747 - 41.992317, 21.571838",1747,41.992317,21.571838,0,R,993.8,flat,1,5.4,3.5,2.7,ms,,,garage,flat,3.2
"stage 1 - building 1748 - 41.993672, 21.567845",1748,41.993672,21.567845,0,R,1087.5,house,1,7.1,5.4,3.3,ms,,,garage,flat,3.2
"stage 1 - building 1749 - 41.994923, 21.564105",1749,41.994923,21.564105,0,R,1267.8,house,1,10.1,9.4,3.3,ms,,,house,gable,7.0
"stage 1 - building 1750 - 41.995912, 21.561188",1750,41.995912,21.561188,0,R,1448.1,flat,1,6.2,4.5,2.7,ms,,,garage,flat,3.2
"stage 1 - building 1751 - 41.995270, 21.563059",1751,41.995270,21.563059,0,R,1329.5,house,2,11.6,10.1,6.2,ms,,,house,gable,7.0
"stage 1 - building 1752 - 41.997874, 21.555391",1752,41.997874,21.555391,0,R,1867.9,flat,1,6.6,4.4,2.7,ms,,,garage,flat,3.2
"stage 1 - building 1753 - 41.993694, 21.567693",1753,41.993694,21.567693,0,R,1095.5,house,1,7.2,5.7,3.3,ms,,,garage,flat,3.2
"stage 1 - building 1754 - 41.996047, 21.560753",1754,41.996047,21.560753,0,R,1477.6,flat,1,4.7,4.0,2.7,ms,,,garage,flat,3.2
"stage 1 - building 1755 - 41.996930, 21.558149",1755,41.996930,21.558149,0,R,1660.7,house,2,14.5,11.5,6.2,ms,,,house,gable,7.0
"stage 1 - building 1756 - 41.995789, 21.561462",1756,41.995789,21.561462,0,R,1431.2,house,2,22.2,11.0,6.2,ms,,,house,gable,7.0
"stage 1 - building 1757 - 41.996341, 21.559831",1757,41.996341,21.559831,0,R,1541.4,house,2,17.0,11.5,6.2,ms,,,house,gable,7.0
"stage 1 - building 1758 - 42.015840, 21.560450",1758,42.015840,21.560450,0,L,2259.3,house,1,10.5,4.4,3.3,ms,,,house,gable,7.0
"stage 1 - building 1759 - 41.995415, 21.562536",1759,41.995415,21.562536,0,R,1363.0,house,2,8.5,7.2,6.2,ms,,,house,gable,7.0
"stage 1 - building 1760 - 41.994729, 21.564506",1760,41.994729,21.564506,0,R,1248.4,house,2,14.0,11.0,6.2,ms,,,house,gable,7.0
"stage 1 - building 1761 - 41.996224, 21.560091",1761,41.996224,21.560091,0,R,1524.2,flat,1,5.2,4.2,2.7,ms,,,garage,flat,3.2
"stage 1 - building 1762 - 42.015965, 21.560156",1762,42.015965,21.560156,0,L,2285.4,house,1,12.2,4.6,3.3,ms,,,house,gable,7.0
"stage 1 - building 1763 - 41.998275, 21.554051",1763,41.998275,21.554051,0,R,1972.8,house,1,8.4,4.7,3.3,ms,,,garage,flat,3.2
"stage 1 - building 1764 - 41.995836, 21.561201",1764,41.995836,21.561201,0,R,1449.8,house,1,8.2,3.8,3.3,ms,,,garage,flat,3.2
"stage 1 - building 1765 - 41.995065, 21.563450",1765,41.995065,21.563450,0,R,1309.5,house,1,12.3,11.0,3.3,ms,,,house,gable,7.0
"stage 1 - building 1766 - 41.996353, 21.559639",1766,41.996353,21.559639,0,R,1556.3,house,2,13.6,9.7,6.2,ms,,,house,gable,7.0
"stage 1 - building 1767 - 41.992488, 21.570984",1767,41.992488,21.570984,0,R,1014.6,house,2,15.5,8.8,6.2,ms,,,house,gable,7.0
"stage 1 - building 1768 - 41.996641, 21.558759",1768,41.996641,21.558759,0,R,1618.7,house,1,11.0,6.6,3.3,ms,,,house,gable,7.0
"stage 1 - building 1769 - 41.996121, 21.560283",1769,41.996121,21.560283,0,R,1512.3,house,2,10.5,8.4,6.2,ms,,,house,gable,7.0
"stage 1 - building 1770 - 41.992236, 21.571692",1770,41.992236,21.571692,0,R,1007.7,house,2,15.5,11.0,6.2,ms,,,house,gable,7.0
"stage 1 - building 1771 - 41.995925, 21.560825",1771,41.995925,21.560825,0,R,1476.1,house,2,12.4,10.3,6.2,ms,,,house,gable,7.0
"stage 1 - building 1772 - 41.995392, 21.562392",1772,41.995392,21.562392,0,R,1374.9,house,1,16.9,11.1,3.3,ms,,,house,gable,7.0
"stage 1 - building 1773 - 41.997968, 21.554811",1773,41.997968,21.554811,0,R,1914.1,flat,1,83.6,64.0,9.0,ms,,,industrial,flat,8.5
"stage 1 - building 1774 - 41.996813, 21.558208",1774,41.996813,21.558208,0,R,1658.8,house,2,10.7,10.4,6.2,ms,,,house,gable,7.0
"stage 1 - building 1775 - 41.996692, 21.558559",1775,41.996692,21.558559,0,R,1633.5,house,2,13.1,11.1,6.2,ms,,,house,gable,7.0
"stage 1 - building 1776 - 41.994618, 21.564606",1776,41.994618,21.564606,0,R,1247.2,house,2,10.4,6.3,6.2,ms,,,house,gable,7.0
"stage 1 - building 1777 - 41.994629, 21.564506",1777,41.994629,21.564506,0,R,1253.7,house,1,8.0,5.0,3.3,ms,,,garage,flat,3.2
"stage 1 - building 1778 - 41.996119, 21.560116",1778,41.996119,21.560116,0,R,1525.6,house,1,13.4,8.9,3.3,ms,,,house,gable,7.0
"stage 1 - building 1779 - 41.994677, 21.564351",1779,41.994677,21.564351,0,R,1262.4,house,1,28.9,5.6,3.3,ms,,,house,gable,7.0
"stage 1 - building 1780 - 41.992192, 21.571652",1780,41.992192,21.571652,0,R,1013.6,flat,1,4.9,3.3,2.7,ms,,,garage,flat,3.2
"stage 1 - building 1781 - 41.994917, 21.563617",1781,41.994917,21.563617,0,R,1304.2,flat,1,7.2,2.8,2.7,ms,,,garage,flat,3.2
"stage 1 - building 1782 - 41.994695, 21.564268",1782,41.994695,21.564268,0,R,1267.5,house,1,25.3,5.0,3.3,ms,,,house,gable,7.0
"stage 1 - building 1783 - 41.993642, 21.567353",1783,41.993642,21.567353,0,R,1120.7,house,2,26.7,3.7,6.2,ms,,,house,gable,7.0
"stage 1 - building 1784 - 41.992225, 21.571473",1784,41.992225,21.571473,0,R,1017.9,flat,1,5.0,4.8,2.7,ms,,,garage,flat,3.2
"stage 1 - building 1785 - 41.991937, 21.572304",1785,41.991937,21.572304,0,R,1013.1,house,1,7.0,5.2,3.3,ms,,,garage,flat,3.2
"stage 1 - building 1786 - 41.996317, 21.559414",1786,41.996317,21.559414,0,R,1575.4,house,2,13.3,10.4,6.2,ms,,,house,gable,7.0
"stage 1 - building 1787 - 41.992090, 21.571839",1787,41.992090,21.571839,0,R,1015.9,house,2,9.6,8.9,6.2,ms,,,house,gable,7.0
"stage 1 - building 1788 - 41.991835, 21.572582",1788,41.991835,21.572582,0,R,1013.4,house,1,7.7,7.7,3.3,ms,,,house,gable,7.0
"stage 1 - building 1789 - 41.991906, 21.572371",1789,41.991906,21.572371,0,R,1013.8,house,1,8.4,4.9,3.3,ms,,,garage,flat,3.2
"stage 1 - building 1790 - 41.995093, 21.562991",1790,41.995093,21.562991,0,R,1342.7,house,2,12.4,10.5,6.2,ms,,,house,gable,7.0
"stage 1 - building 1791 - 41.994736, 21.564038",1791,41.994736,21.564038,0,R,1282.2,house,2,25.6,6.2,6.2,ms,,,house,gable,7.0
"stage 1 - building 1792 - 41.996912, 21.557634",1792,41.996912,21.557634,0,R,1702.9,flat,1,4.3,4.0,2.7,ms,,,garage,flat,3.2
"stage 1 - building 1793 - 41.996695, 21.558271",1793,41.996695,21.558271,0,R,1656.7,flat,1,5.0,4.4,2.7,ms,,,garage,flat,3.2
"stage 1 - building 1794 - 41.995035, 21.563150",1794,41.995035,21.563150,0,R,1333.4,house,1,12.3,12.0,3.3,ms,,,house,gable,7.0
"stage 1 - building 1795 - 41.994946, 21.563389",1795,41.994946,21.563389,0,R,1319.8,house,1,8.9,6.6,3.3,ms,,,house,gable,7.0
"stage 1 - building 1796 - 41.996244, 21.559561",1796,41.996244,21.559561,0,R,1565.8,house,1,12.7,10.5,3.3,ms,,,house,gable,7.0
"stage 1 - building 1797 - 41.996746, 21.558049",1797,41.996746,21.558049,0,R,1673.3,house,1,9.3,5.4,3.3,ms,,,house,gable,7.0
"stage 1 - building 1798 - 41.994876, 21.563547",1798,41.994876,21.563547,0,R,1311.4,house,1,9.7,4.1,3.3,ms,,,garage,flat,3.2
"stage 1 - building 1799 - 41.994534, 21.564544",1799,41.994534,21.564544,0,R,1256.2,house,2,12.4,8.2,6.2,ms,,,house,gable,7.0
"stage 1 - building 1800 - 41.996072, 21.560016",1800,41.996072,21.560016,0,R,1535.1,house,2,11.5,7.6,6.2,ms,,,house,gable,7.0
"stage 1 - building 1801 - 41.992094, 21.571702",1801,41.992094,21.571702,0,R,1021.0,house,2,10.0,7.2,6.2,ms,,,row,flat,9.5
"stage 1 - building 1802 - 41.994557, 21.564415",1802,41.994557,21.564415,0,R,1264.2,flat,1,5.5,4.0,2.7,ms,,,garage,flat,3.2
"stage 1 - building 1803 - 41.995627, 21.561252",1803,41.995627,21.561252,0,R,1453.6,flat,1,5.1,3.1,2.7,ms,,,garage,flat,3.2
"stage 1 - building 1804 - 41.995984, 21.560160",1804,41.995984,21.560160,0,R,1526.5,flat,1,4.7,3.5,2.7,ms,,,garage,flat,3.2
"stage 1 - building 1805 - 41.993180, 21.568387",1805,41.993180,21.568387,0,R,1091.9,flat,1,82.9,78.9,9.0,ms,,,industrial,flat,8.5
"stage 1 - building 1806 - 41.991823, 21.572373",1806,41.991823,21.572373,0,R,1022.0,house,1,11.9,5.8,3.3,ms,,,house,gable,7.0
"stage 1 - building 1807 - 41.996880, 21.557474",1807,41.996880,21.557474,0,R,1716.6,flat,1,19.6,18.8,7.0,ms,,,house,gable,7.0
"stage 1 - building 1808 - 41.992357, 21.570775",1808,41.992357,21.570775,0,R,1036.3,house,1,14.2,3.2,3.3,ms,,,house,gable,7.0
"stage 1 - building 1809 - 41.995704, 21.560899",1809,41.995704,21.560899,0,R,1478.3,house,1,13.9,4.7,3.3,ms,,,house,gable,7.0
"stage 1 - building 1810 - 41.992024, 21.571703",1810,41.992024,21.571703,0,R,1027.8,house,1,11.7,7.0,3.3,ms,,,row,flat,9.5
"stage 1 - building 1811 - 41.994955, 21.563072",1811,41.994955,21.563072,0,R,1343.0,house,1,8.7,4.6,3.3,ms,,,garage,flat,3.2
"stage 1 - building 1812 - 41.995096, 21.562639",1812,41.995096,21.562639,0,R,1369.1,house,1,13.0,10.8,3.3,ms,,,house,gable,7.0
"stage 1 - building 1813 - 41.992356, 21.570687",1813,41.992356,21.570687,0,R,1040.5,house,1,11.6,6.6,3.3,ms,,,house,gable,7.0
"stage 1 - building 1814 - 41.991902, 21.572024",1814,41.991902,21.572024,0,R,1027.1,flat,1,3.8,3.7,2.7,ms,,,garage,flat,3.2
"stage 1 - building 1815 - 41.994827, 21.563410",1815,41.994827,21.563410,0,R,1324.0,house,2,12.6,11.3,6.2,ms,,,house,gable,7.0
"stage 1 - building 1816 - 41.996172, 21.559434",1816,41.996172,21.559434,0,R,1578.1,house,1,8.5,5.3,3.3,ms,,,house,gable,7.0
"stage 1 - building 1817 - 41.995980, 21.559914",1817,41.995980,21.559914,0,R,1546.1,house,2,13.8,9.9,6.2,ms,,,house,gable,7.0
"stage 1 - building 1818 - 41.996693, 21.557812",1818,41.996693,21.557812,0,R,1693.8,flat,1,22.4,16.2,7.0,ms,,,house,gable,7.0
"stage 1 - building 1819 - 41.996578, 21.558117",1819,41.996578,21.558117,0,R,1672.1,house,1,11.3,10.8,3.3,ms,,,house,gable,7.0
"stage 1 - building 1820 - 41.994534, 21.564099",1820,41.994534,21.564099,0,R,1288.4,flat,1,30.8,12.7,7.0,ms,,,house,gable,7.0
"stage 1 - building 1821 - 41.994871, 21.563018",1821,41.994871,21.563018,0,R,1351.1,flat,1,23.0,13.8,7.0,ms,,,row,flat,9.5
"stage 1 - building 1822 - 41.995718, 21.560519",1822,41.995718,21.560519,0,R,1507.5,house,2,11.5,9.3,6.2,ms,,,house,gable,7.0
"stage 1 - building 1823 - 41.991763, 21.572139",1823,41.991763,21.572139,0,R,1036.5,house,2,15.4,12.1,6.2,ms,,,house,gable,7.0
"stage 1 - building 1824 - 41.996404, 21.558453",1824,41.996404,21.558453,0,R,1649.7,house,1,8.6,5.6,3.3,ms,,,house,gable,7.0
"stage 1 - building 1825 - 41.996860, 21.557083",1825,41.996860,21.557083,0,R,1748.7,house,1,13.9,4.8,3.3,ms,,,house,gable,7.0
"stage 1 - building 1826 - 41.992039, 21.571266",1826,41.992039,21.571266,0,R,1044.4,house,2,12.9,12.8,6.2,ms,,,house,gable,7.0
"stage 1 - building 1827 - 41.991878, 21.571702",1827,41.991878,21.571702,0,R,1042.0,house,2,15.1,6.8,6.2,ms,,,house,gable,7.0
"stage 1 - building 1828 - 41.991841, 21.571810",1828,41.991841,21.571810,0,R,1041.4,house,2,8.8,7.6,6.2,ms,,,house,gable,7.0
"stage 1 - building 1829 - 41.997478, 21.555222",1829,41.997478,21.555222,0,R,1888.0,flat,1,53.2,14.9,7.0,ms,,,industrial,flat,8.5
"stage 1 - building 1830 - 41.996772, 21.557297",1830,41.996772,21.557297,0,R,1733.4,flat,1,6.2,3.5,2.7,ms,,,garage,flat,3.2
"stage 1 - building 1831 - 41.994322, 21.564504",1831,41.994322,21.564504,0,R,1270.9,house,2,15.1,9.8,6.2,osm,670303834,house,house,gable,7.0
"stage 1 - building 1832 - 41.996702, 21.557491",1832,41.996702,21.557491,0,R,1719.5,house,2,13.0,8.0,6.2,ms,,,house,gable,7.0
"stage 1 - building 1833 - 41.995850, 21.559995",1833,41.995850,21.559995,0,R,1544.1,house,2,17.9,14.9,6.2,ms,,,house,gable,7.0
"stage 1 - building 1834 - 41.994981, 21.562541",1834,41.994981,21.562541,0,R,1381.8,house,2,15.2,8.4,6.2,ms,,,row,flat,9.5
"stage 1 - building 1835 - 41.996083, 21.559280",1835,41.996083,21.559280,0,R,1593.1,flat,1,8.3,3.3,2.7,ms,,,garage,flat,3.2
"stage 1 - building 1836 - 41.994885, 21.562782",1836,41.994885,21.562782,0,R,1368.1,house,1,7.4,5.6,3.3,ms,,,garage,flat,3.2
"stage 1 - building 1837 - 41.992072, 21.571050",1837,41.992072,21.571050,0,R,1050.6,house,1,21.0,10.3,3.3,ms,,,house,gable,7.0
"stage 1 - building 1838 - 41.995874, 21.559833",1838,41.995874,21.559833,0,R,1556.0,flat,1,3.7,3.5,2.7,ms,,,garage,flat,3.2
"stage 1 - building 1839 - 41.996045, 21.559319",1839,41.996045,21.559319,0,R,1591.2,house,2,10.1,6.2,6.2,ms,,,row,flat,9.5
"stage 1 - building 1840 - 41.993464, 21.566909",1840,41.993464,21.566909,0,R,1161.7,flat,1,62.7,49.1,9.0,ms,,,commercial,flat,7.0
"stage 1 - building 1841 - 41.992090, 21.570910",1841,41.992090,21.570910,0,R,1055.1,house,1,22.1,9.7,3.3,ms,,,row,flat,9.5
"stage 1 - building 1842 - 41.992155, 21.570715",1842,41.992155,21.570715,0,R,1057.8,house,1,14.4,10.2,3.3,ms,,,house,gable,7.0
"stage 1 - building 1843 - 41.991932, 21.571352",1843,41.991932,21.571352,0,R,1051.0,flat,1,6.7,4.4,2.7,ms,,,garage,flat,3.2
"stage 1 - building 1844 - 41.995901, 21.559671",1844,41.995901,21.559671,0,R,1568.0,house,1,12.8,9.8,3.3,ms,,,house,gable,7.0
"stage 1 - building 1845 - 41.994907, 21.562574",1845,41.994907,21.562574,0,R,1382.7,house,1,12.7,7.3,3.3,ms,,,row,flat,9.5
"stage 1 - building 1846 - 41.994637, 21.563362",1846,41.994637,21.563362,0,R,1337.0,house,1,12.7,12.5,3.3,ms,,,house,gable,7.0
"stage 1 - building 1847 - 41.994743, 21.563048",1847,41.994743,21.563048,0,R,1355.0,house,2,13.6,12.0,6.2,ms,,,row,flat,9.5
"stage 1 - building 1848 - 41.991719, 21.571913",1848,41.991719,21.571913,0,R,1049.4,house,2,15.3,9.1,6.2,ms,,,house,gable,7.0
"stage 1 - building 1849 - 41.996597, 21.557508",1849,41.996597,21.557508,0,R,1720.7,house,2,16.1,9.9,6.2,ms,,,house,gable,7.0
"stage 1 - building 1850 - 41.994297, 21.564273",1850,41.994297,21.564273,0,R,1288.7,house,2,11.2,9.9,6.2,ms,,,house,gable,7.0
"stage 1 - building 1851 - 41.994554, 21.563500",1851,41.994554,21.563500,0,R,1331.1,flat,1,3.9,3.8,2.7,ms,,,garage,flat,3.2
"stage 1 - building 1852 - 41.994463, 21.563717",1852,41.994463,21.563717,0,R,1320.0,house,1,12.2,12.1,3.3,ms,,,house,gable,7.0
"stage 1 - building 1853 - 41.994888, 21.562422",1853,41.994888,21.562422,0,R,1395.0,house,1,8.7,5.1,3.3,ms,,,garage,flat,3.2
"stage 1 - building 1854 - 41.994762, 21.562791",1854,41.994762,21.562791,0,R,1373.2,flat,1,6.4,4.1,2.7,ms,,,garage,flat,3.2
"stage 1 - building 1855 - 41.993107, 21.567641",1855,41.993107,21.567641,0,R,1142.1,flat,1,31.1,12.2,7.0,ms,,,industrial,flat,8.5
"stage 1 - building 1856 - 41.996441, 21.557819",1856,41.996441,21.557819,0,R,1699.6,house,1,13.5,8.7,3.3,ms,,,house,gable,7.0
"stage 1 - building 1857 - 41.991859, 21.571299",1857,41.991859,21.571299,0,R,1060.2,flat,1,4.2,4.0,2.7,ms,,,garage,flat,3.2
"stage 1 - building 1858 - 41.993239, 21.567234",1858,41.993239,21.567234,0,R,1157.3,flat,1,63.7,6.2,7.0,ms,,,house,gable,7.0
"stage 1 - building 1859 - 41.995855, 21.559535",1859,41.995855,21.559535,0,R,1580.3,house,1,14.2,11.5,3.3,ms,,,house,gable,7.0
"stage 1 - building 1860 - 41.994826, 21.562550",1860,41.994826,21.562550,0,R,1388.3,house,2,12.9,9.0,6.2,ms,,,row,flat,9.5
"stage 1 - building 1861 - 41.992029, 21.570760",1861,41.992029,21.570760,0,R,1067.5,house,2,13.1,11.8,6.2,ms,,,house,gable,7.0
"stage 1 - building 1862 - 41.993786, 21.565575",1862,41.993786,21.565575,0,R,1228.2,flat,1,137.3,30.8,9.0,ms,,,industrial,flat,8.5
"stage 1 - building 1863 - 41.994897, 21.562294",1863,41.994897,21.562294,0,R,1404.2,house,1,11.2,3.1,3.3,ms,,,garage,flat,3.2
"stage 1 - building 1864 - 41.994287, 21.564090",1864,41.994287,21.564090,0,R,1302.5,house,1,12.6,11.6,3.3,ms,,,house,gable,7.0
"stage 1 - building 1865 - 41.995738, 21.559815",1865,41.995738,21.559815,0,R,1562.1,house,2,10.4,9.2,6.2,ms,,,house,gable,7.0
"stage 1 - building 1866 - 41.991686, 21.571708",1866,41.991686,21.571708,0,R,1060.6,house,1,8.7,7.8,3.3,ms,,,house,gable,7.0
"stage 1 - building 1867 - 41.996351, 21.557975",1867,41.996351,21.557975,0,R,1689.6,flat,1,8.3,3.4,2.7,ms,,,garage,flat,3.2
"stage 1 - building 1868 - 41.996485, 21.557535",1868,41.996485,21.557535,0,R,1721.4,house,2,17.7,10.6,6.2,ms,,,house,gable,7.0
"stage 1 - building 1869 - 41.994712, 21.562723",1869,41.994712,21.562723,0,R,1380.7,flat,1,4.6,3.7,2.7,ms,,,garage,flat,3.2
"stage 1 - building 1870 - 41.991777, 21.571353",1870,41.991777,21.571353,0,R,1065.8,house,2,18.8,13.3,6.2,ms,,,house,gable,7.0
"stage 1 - building 1871 - 41.994466, 21.563429",1871,41.994466,21.563429,0,R,1340.8,house,2,13.3,12.0,6.2,ms,,,house,gable,7.0
"stage 1 - building 1872 - 41.994637, 21.562925",1872,41.994637,21.562925,0,R,1369.4,house,2,20.1,11.4,6.2,ms,,,row,flat,9.5
"stage 1 - building 1873 - 41.995984, 21.558960",1873,41.995984,21.558960,0,R,1621.6,house,1,8.6,5.8,3.3,ms,,,house,gable,7.0
"stage 1 - building 1874 - 41.995132, 21.561443",1874,41.995132,21.561443,0,R,1458.7,house,1,14.3,12.6,3.3,ms,,,house,gable,7.0
"stage 1 - building 1875 - 41.991901, 21.570923",1875,41.991901,21.570923,0,R,1072.3,flat,1,34.4,13.2,7.0,ms,,,house,gable,7.0
"stage 1 - building 1876 - 41.994838, 21.562274",1876,41.994838,21.562274,0,R,1408.5,house,1,11.8,8.4,3.3,ms,,,row,flat,9.5
"stage 1 - building 1877 - 41.995956, 21.558893",1877,41.995956,21.558893,0,R,1627.8,flat,1,5.7,3.1,2.7,ms,,,garage,flat,3.2
"stage 1 - building 1878 - 41.994716, 21.562540",1878,41.994716,21.562540,0,R,1394.3,house,1,10.1,9.2,3.3,ms,,,house,gable,7.0
"stage 1 - building 1879 - 41.992294, 21.569650",1879,41.992294,21.569650,0,R,1096.5,house,1,11.1,10.6,3.3,ms,,,house,gable,7.0
"stage 1 - building 1880 - 41.996242, 21.558000",1880,41.996242,21.558000,0,R,1690.6,house,1,14.8,11.4,3.3,ms,,,house,gable,7.0
"stage 1 - building 1881 - 41.994470, 21.563196",1881,41.994470,21.563196,0,R,1357.7,house,2,12.3,10.2,6.2,ms,,,house,gable,7.0
"stage 1 - building 1882 - 41.991771, 21.571135",1882,41.991771,21.571135,0,R,1075.6,house,2,13.0,12.5,6.2,ms,,,house,gable,7.0
"stage 1 - building 1883 - 41.994290, 21.563717",1883,41.994290,21.563717,0,R,1329.2,flat,1,38.5,11.3,7.0,ms,,,house,gable,7.0
"stage 1 - building 1884 - 41.995030, 21.561537",1884,41.995030,21.561537,0,R,1455.8,flat,1,5.5,3.4,2.7,ms,,,garage,flat,3.2
"stage 1 - building 1885 - 41.992018, 21.570394",1885,41.992018,21.570394,0,R,1085.1,house,1,15.7,12.0,3.3,ms,,,house,gable,7.0
"stage 1 - building 1886 - 41.994626, 21.562712",1886,41.994626,21.562712,0,R,1385.7,flat,1,8.8,3.4,2.7,ms,,,garage,flat,3.2
"stage 1 - building 1887 - 41.996262, 21.557884",1887,41.996262,21.557884,0,R,1699.4,house,1,7.8,7.4,3.3,ms,,,house,gable,7.0
"stage 1 - building 1888 - 41.995756, 21.559366",1888,41.995756,21.559366,0,R,1596.9,house,2,12.1,9.5,6.2,ms,,,house,gable,7.0
"stage 1 - building 1889 - 41.995870, 21.558974",1889,41.995870,21.558974,0,R,1624.1,house,2,12.9,12.8,6.2,ms,,,house,gable,7.0
"stage 1 - building 1890 - 41.996405, 21.557388",1890,41.996405,21.557388,0,R,1735.3,house,1,8.1,5.3,3.3,ms,,,garage,flat,3.2
"stage 1 - building 1891 - 41.996313, 21.557638",1891,41.996313,21.557638,0,R,1717.6,house,1,16.6,10.5,3.3,ms,,,house,gable,7.0
"stage 1 - building 1892 - 41.992377, 21.569212",1892,41.992377,21.569212,0,R,1111.9,flat,1,5.1,3.5,2.7,ms,,,garage,flat,3.2
"stage 1 - building 1893 - 41.994505, 21.562938",1893,41.994505,21.562938,0,R,1375.0,house,1,12.0,11.1,3.3,ms,,,house,gable,7.0
"stage 1 - building 1894 - 41.995086, 21.561226",1894,41.995086,21.561226,0,R,1477.3,flat,1,7.3,3.6,2.7,ms,,,garage,flat,3.2
"stage 1 - building 1895 - 41.996349, 21.557484",1895,41.996349,21.557484,0,R,1729.0,house,2,12.8,11.0,6.2,ms,,,row,flat,9.5
"stage 1 - building 1896 - 41.994040, 21.564266",1896,41.994040,21.564266,0,R,1303.8,house,2,10.0,9.9,6.2,ms,,,house,gable,7.0
"stage 1 - building 1897 - 41.993747, 21.565113",1897,41.993747,21.565113,0,R,1262.2,flat,1,6.9,3.0,2.7,ms,,,garage,flat,3.2
"stage 1 - building 1898 - 41.995575, 21.559687",1898,41.995575,21.559687,0,R,1577.9,flat,1,4.9,2.9,2.7,ms,,,garage,flat,3.2
"stage 1 - building 1899 - 41.994613, 21.562510",1899,41.994613,21.562510,0,R,1401.4,house,2,10.7,9.3,6.2,ms,,,house,gable,7.0
"stage 1 - building 1900 - 41.993949, 21.564431",1900,41.993949,21.564431,0,R,1297.4,house,2,12.1,8.9,6.2,ms,,,house,gable,7.0
"stage 1 - building 1901 - 41.991275, 21.572293",1901,41.991275,21.572293,0,R,1079.9,house,2,14.1,12.5,6.2,ms,,,house,gable,7.0
"stage 1 - building 1902 - 41.995641, 21.559432",1902,41.995641,21.559432,0,R,1595.6,flat,1,9.8,3.0,2.7,ms,,,garage,flat,3.2
"stage 1 - building 1903 - 41.994297, 21.563374",1903,41.994297,21.563374,0,R,1353.7,house,1,12.9,11.1,3.3,ms,,,house,gable,7.0
"stage 1 - building 1904 - 41.991687, 21.571027",1904,41.991687,21.571027,0,R,1088.1,flat,1,6.6,3.3,2.7,ms,,,garage,flat,3.2
"stage 1 - building 1905 - 41.993389, 21.566017",1905,41.993389,21.566017,0,R,1224.6,house,1,13.1,2.5,3.3,ms,,,garage,flat,3.2
"stage 1 - building 1906 - 42.017085, 21.559299",1906,42.017085,21.559299,0,L,2426.7,house,1,14.5,9.2,3.3,ms,,,house,gable,7.0
"stage 1 - building 1907 - 41.994469, 21.562805",1907,41.994469,21.562805,0,R,1386.6,house,1,8.9,3.4,3.3,ms,,,garage,flat,3.2
"stage 1 - building 1908 - 41.994483, 21.562758",1908,41.994483,21.562758,0,R,1389.4,house,1,15.9,4.0,3.3,ms,,,row,flat,9.5
"stage 1 - building 1909 - 41.995225, 21.560551",1909,41.995225,21.560551,0,R,1523.6,flat,1,4.6,3.2,2.7,ms,,,garage,flat,3.2
"stage 1 - building 1910 - 41.995122, 21.560854",1910,41.995122,21.560854,0,R,1504.3,house,1,18.9,14.9,3.3,ms,,,house,gable,7.0
"stage 1 - building 1911 - 41.995826, 21.558775",1911,41.995826,21.558775,0,R,1641.3,house,2,13.2,6.7,6.2,ms,,,house,gable,7.0
"stage 1 - building 1912 - 41.994036, 21.564000",1912,41.994036,21.564000,0,R,1322.9,house,2,10.0,9.6,6.2,ms,,,row,flat,9.5
"stage 1 - building 1913 - 41.994061, 21.563904",1913,41.994061,21.563904,0,R,1328.4,flat,1,4.8,3.7,2.7,ms,,,garage,flat,3.2
"stage 1 - building 1914 - 41.991248, 21.572176",1914,41.991248,21.572176,0,R,1086.7,house,1,7.7,5.6,3.3,ms,,,garage,flat,3.2
"stage 1 - building 1915 - 41.994580, 21.562348",1915,41.994580,21.562348,0,R,1415.1,house,1,8.4,6.2,3.3,ms,,,house,gable,7.0
"stage 1 - building 1916 - 41.994296, 21.563177",1916,41.994296,21.563177,0,R,1368.2,house,2,11.4,11.1,6.2,ms,,,house,gable,7.0
"stage 1 - building 1917 - 41.994164, 21.563542",1917,41.994164,21.563542,0,R,1348.7,house,1,10.9,5.1,3.3,ms,,,house,gable,7.0
"stage 1 - building 1918 - 41.995663, 21.559127",1918,41.995663,21.559127,0,R,1618.9,house,1,10.0,9.5,3.3,ms,,,house,gable,7.0
"stage 1 - building 1919 - 41.993534, 21.565376",1919,41.993534,21.565376,0,R,1257.8,flat,1,6.4,3.3,2.7,ms,,,garage,flat,3.2
"stage 1 - building 1920 - 41.994516, 21.562472",1920,41.994516,21.562472,0,R,1409.0,house,2,12.0,8.6,6.2,ms,,,house,gable,7.0
"stage 1 - building 1921 - 41.992696, 21.567827",1921,41.992696,21.567827,0,R,1162.8,flat,1,72.0,14.6,7.0,ms,,,industrial,flat,8.5
"stage 1 - building 1922 - 41.991763, 21.570555",1922,41.991763,21.570555,0,R,1101.5,flat,1,27.9,12.9,7.0,ms,,,house,gable,7.0
"stage 1 - building 1923 - 41.996195, 21.557506",1923,41.996195,21.557506,0,R,1731.5,house,2,10.6,9.8,6.2,ms,,,house,gable,7.0
"stage 1 - building 1924 - 41.994717, 21.561851",1924,41.994717,21.561851,0,R,1445.9,house,1,24.4,11.8,3.3,ms,,,house,gable,7.0
"stage 1 - building 1925 - 41.994374, 21.562851",1925,41.994374,21.562851,0,R,1388.0,house,1,5.8,5.6,3.3,ms,,,garage,flat,3.2
"stage 1 - building 1926 - 41.991188, 21.572209",1926,41.991188,21.572209,0,R,1091.5,house,1,7.1,6.1,3.3,ms,,,garage,flat,3.2
"stage 1 - building 1927 - 41.996124, 21.557671",1927,41.996124,21.557671,0,R,1720.3,house,2,18.1,15.7,6.2,ms,,,house,gable,7.0
"stage 1 - building 1928 - 41.994025, 21.563825",1928,41.994025,21.563825,0,R,1336.0,house,2,12.1,5.9,6.2,ms,,,house,gable,7.0
"stage 1 - building 1929 - 41.994749, 21.561682",1929,41.994749,21.561682,0,R,1457.3,house,2,12.1,6.0,6.2,ms,,,house,gable,7.0
"stage 1 - building 1930 - 41.994590, 21.562144",1930,41.994590,21.562144,0,R,1429.9,flat,1,6.4,3.3,2.7,ms,,,garage,flat,3.2
"stage 1 - building 1931 - 41.993944, 21.564012",1931,41.993944,21.564012,0,R,1327.3,flat,1,6.9,3.5,2.7,ms,,,garage,flat,3.2
"stage 1 - building 1932 - 41.993719, 21.564660",1932,41.993719,21.564660,0,R,1295.1,flat,1,8.1,3.0,2.7,ms,,,garage,flat,3.2
"stage 1 - building 1933 - 41.994262, 21.563038",1933,41.994262,21.563038,0,R,1380.1,house,2,13.9,10.2,6.2,ms,,,house,gable,7.0
"stage 1 - building 1934 - 41.993827, 21.564284",1934,41.993827,21.564284,0,R,1314.9,house,2,13.7,13.4,6.2,ms,,,house,gable,7.0
"stage 1 - building 1935 - 41.994017, 21.563712",1935,41.994017,21.563712,0,R,1344.6,house,2,11.0,10.7,6.2,ms,,,house,gable,7.0
"stage 1 - building 1936 - 41.994989, 21.560836",1936,41.994989,21.560836,0,R,1511.3,house,1,11.1,6.4,3.3,ms,,,house,gable,7.0
"stage 1 - building 1937 - 41.994475, 21.562331",1937,41.994475,21.562331,0,R,1421.5,house,1,8.0,3.8,3.3,ms,,,garage,flat,3.2
"stage 1 - building 1938 - 42.017400, 21.558840",1938,42.017400,21.558840,0,L,2477.8,house,1,8.9,4.4,3.3,ms,,,garage,flat,3.2
"stage 1 - building 1939 - 41.991761, 21.570278",1939,41.991761,21.570278,0,R,1114.3,flat,1,6.7,4.3,2.7,ms,,,garage,flat,3.2
"stage 1 - building 1940 - 41.994545, 21.562072",1940,41.994545,21.562072,0,R,1437.4,flat,1,4.6,3.1,2.7,ms,,,garage,flat,3.2
"stage 1 - building 1941 - 41.994405, 21.562468",1941,41.994405,21.562468,0,R,1414.7,house,1,15.3,8.5,3.3,ms,,,house,gable,7.0
"stage 1 - building 1942 - 41.994476, 21.562246",1942,41.994476,21.562246,0,R,1427.8,flat,1,4.7,4.2,2.7,ms,,,garage,flat,3.2
"stage 1 - building 1943 - 41.995182, 21.560156",1943,41.995182,21.560156,0,R,1555.9,house,2,22.0,8.7,6.2,ms,,,house,gable,7.0
"stage 1 - building 1944 - 41.994283, 21.562789",1944,41.994283,21.562789,0,R,1397.2,house,1,12.9,11.5,3.3,ms,,,house,gable,7.0
"stage 1 - building 1945 - 42.017349, 21.559123",1945,42.017349,21.559123,0,L,2458.7,house,1,10.4,10.0,3.3,ms,,,house,gable,7.0
"stage 1 - building 1946 - 41.994006, 21.563569",1946,41.994006,21.563569,0,R,1355.4,house,2,14.6,10.7,6.2,ms,,,house,gable,7.0
"stage 1 - building 1947 - 41.993817, 21.564083",1947,41.993817,21.564083,0,R,1329.6,house,1,12.4,10.3,3.3,ms,,,house,gable,7.0
"stage 1 - building 1948 - 41.994800, 21.561190",1948,41.994800,21.561190,0,R,1492.3,house,1,7.2,5.7,3.3,ms,,,garage,flat,3.2
"stage 1 - building 1949 - 41.992792, 21.567078",1949,41.992792,21.567078,0,R,1200.1,flat,1,7.6,3.5,2.7,ms,,,garage,flat,3.2
"stage 1 - building 1950 - 41.991136, 21.571923",1950,41.991136,21.571923,0,R,1106.9,house,1,16.7,8.6,3.3,ms,,,house,gable,7.0
"stage 1 - building 1951 - 41.991739, 21.570134",1951,41.991739,21.570134,0,R,1122.9,flat,1,18.9,17.5,7.0,ms,,,house,gable,7.0
"stage 1 - building 1952 - 41.991842, 21.569816",1952,41.991842,21.569816,0,R,1128.6,house,1,8.6,5.7,3.3,ms,,,house,gable,7.0
"stage 1 - building 1953 - 42.017447, 21.558965",1953,42.017447,21.558965,0,L,2475.3,house,2,15.9,7.6,6.2,ms,,,house,gable,7.0
"stage 1 - building 1954 - 41.991060, 21.572101",1954,41.991060,21.572101,0,R,1108.3,house,1,7.8,6.3,3.3,ms,,,house,gable,7.0
"stage 1 - building 1955 - 41.994009, 21.563396",1955,41.994009,21.563396,0,R,1367.7,house,2,12.9,9.0,6.2,ms,,,house,gable,7.0
"stage 1 - building 1956 - 41.994975, 21.560469",1956,41.994975,21.560469,0,R,1540.0,house,1,16.8,14.4,3.3,ms,,,house,gable,7.0
"stage 1 - building 1957 - 41.994920, 21.560624",1957,41.994920,21.560624,0,R,1530.4,flat,1,6.2,2.9,2.7,ms,,,garage,flat,3.2
"stage 1 - building 1958 - 41.993794, 21.563934",1958,41.993794,21.563934,0,R,1341.5,house,1,10.8,10.8,3.3,ms,,,house,gable,7.0
"stage 1 - building 1959 - 41.995651, 21.558417",1959,41.995651,21.558417,0,R,1675.4,house,2,13.7,8.8,6.2,ms,,,house,gable,7.0
"stage 1 - building 1960 - 41.993150, 21.565739",1960,41.993150,21.565739,0,R,1259.1,flat,1,5.9,2.2,2.7,ms,,,garage,flat,3.2
"stage 1 - building 1961 - 41.991407, 21.570841",1961,41.991407,21.570841,0,R,1122.7,house,2,17.1,14.5,6.2,ms,,,house,gable,7.0
"stage 1 - building 1962 - 41.995689, 21.558240",1962,41.995689,21.558240,0,R,1688.2,house,1,12.3,6.6,3.3,ms,,,house,gable,7.0
"stage 1 - building 1963 - 41.993686, 21.564125",1963,41.993686,21.564125,0,R,1334.4,house,1,9.6,8.4,3.3,ms,,,house,gable,7.0
"stage 1 - building 1964 - 42.017374, 21.559449",1964,42.017374,21.559449,0,L,2444.0,house,1,7.6,4.8,3.3,ms,,,garage,flat,3.2
"stage 1 - building 1965 - 42.017444, 21.559255",1965,42.017444,21.559255,0,L,2460.1,flat,1,22.3,15.2,7.0,ms,,,house,gable,7.0
"stage 1 - building 1966 - 41.991112, 21.571678",1966,41.991112,21.571678,0,R,1118.3,flat,1,6.5,3.2,2.7,ms,,,garage,flat,3.2
"stage 1 - building 1967 - 41.993965, 21.563281",1967,41.993965,21.563281,0,R,1378.4,house,1,20.1,7.6,3.3,ms,,,row,flat,9.5
"stage 1 - building 1968 - 41.991704, 21.569930",1968,41.991704,21.569930,0,R,1135.7,house,1,15.5,11.9,3.3,ms,,,house,gable,7.0
"stage 1 - building 1969 - 41.993348, 21.565063",1969,41.993348,21.565063,0,R,1290.8,flat,1,4.1,3.7,2.7,ms,,,garage,flat,3.2
"stage 1 - building 1970 - 41.993790, 21.563745",1970,41.993790,21.563745,0,R,1355.1,flat,1,7.8,2.6,2.7,ms,,,garage,flat,3.2
"stage 1 - building 1971 - 41.991637, 21.570045",1971,41.991637,21.570045,0,R,1136.4,flat,1,4.3,3.7,2.7,ms,,,garage,flat,3.2
"stage 1 - building 1972 - 41.993977, 21.563160",1972,41.993977,21.563160,0,R,1386.5,house,2,15.5,6.1,6.2,ms,,,row,flat,9.5
"stage 1 - building 1973 - 41.990984, 21.571964",1973,41.990984,21.571964,0,R,1120.7,house,1,12.5,8.7,3.3,ms,,,house,gable,7.0
"stage 1 - building 1974 - 41.991761, 21.569630",1974,41.991761,21.569630,0,R,1144.9,house,1,12.9,10.0,3.3,ms,,,house,gable,7.0
"stage 1 - building 1975 - 41.996343, 21.556128",1975,41.996343,21.556128,0,R,1838.4,house,1,8.0,5.0,3.3,ms,,,garage,flat,3.2
"stage 1 - building 1976 - 41.993180, 21.565420",1976,41.993180,21.565420,0,R,1278.1,flat,1,26.9,13.7,7.0,ms,,,industrial,flat,8.5
"stage 1 - building 1977 - 41.995670, 21.558042",1977,41.995670,21.558042,0,R,1704.5,house,1,10.4,3.0,3.3,ms,,,garage,flat,3.2
"stage 1 - building 1978 - 41.991004, 21.571750",1978,41.991004,21.571750,0,R,1126.3,house,1,14.1,8.8,3.3,ms,,,house,gable,7.0
"stage 1 - building 1979 - 41.990888, 21.572051",1979,41.990888,21.572051,0,R,1127.3,house,2,10.0,7.4,6.2,ms,,,row,flat,9.5
"stage 1 - building 1980 - 41.995548, 21.558317",1980,41.995548,21.558317,0,R,1686.7,house,1,8.4,4.4,3.3,ms,,,garage,flat,3.2
"stage 1 - building 1981 - 41.992673, 21.566775",1981,41.992673,21.566775,0,R,1227.6,flat,1,32.9,17.7,7.0,ms,,,industrial,flat,8.5
"stage 1 - building 1982 - 41.993927, 21.563081",1982,41.993927,21.563081,0,R,1394.9,house,1,10.8,5.4,3.3,ms,,,row,flat,9.5
"stage 1 - building 1983 - 41.993973, 21.562911",1983,41.993973,21.562911,0,R,1404.7,house,1,11.9,10.4,3.3,ms,,,house,gable,7.0
"stage 1 - building 1984 - 41.993407, 21.564561",1984,41.993407,21.564561,0,R,1321.2,house,2,9.9,7.1,6.2,ms,,,house,gable,7.0
"stage 1 - building 1985 - 41.997713, 21.551857",1985,41.997713,21.551857,0,R,2160.5,house,2,9.1,8.1,6.2,osm,410924999,yes,house,gable,7.0
"stage 1 - building 1986 - 41.993715, 21.563608",1986,41.993715,21.563608,0,R,1369.1,house,1,11.0,3.9,3.3,ms,,,garage,flat,3.2
"stage 1 - building 1987 - 41.995489, 21.558369",1987,41.995489,21.558369,0,R,1684.6,house,1,7.2,4.5,3.3,ms,,,garage,flat,3.2
"stage 1 - building 1988 - 41.993816, 21.563273",1988,41.993816,21.563273,0,R,1387.2,house,1,6.8,6.2,3.3,ms,,,garage,flat,3.2
"stage 1 - building 1989 - 41.990976, 21.571618",1989,41.990976,21.571618,0,R,1134.0,house,2,13.2,8.7,6.2,ms,,,house,gable,7.0
"stage 1 - building 1990 - 41.997648, 21.551984",1990,41.997648,21.551984,0,R,2151.0,house,2,9.1,8.1,6.2,osm,410924987,yes,house,gable,7.0
"stage 1 - building 1991 - 41.991648, 21.569602",1991,41.991648,21.569602,0,R,1156.5,house,2,10.0,9.3,6.2,ms,,,house,gable,7.0
"stage 1 - building 1992 - 41.995618, 21.557905",1992,41.995618,21.557905,0,R,1717.1,house,1,10.4,4.3,3.3,ms,,,house,gable,7.0
"stage 1 - building 1993 - 41.993829, 21.563164",1993,41.993829,21.563164,0,R,1394.3,house,1,7.5,5.6,3.3,ms,,,garage,flat,3.2
"stage 1 - building 1994 - 41.993778, 21.563310",1994,41.993778,21.563310,0,R,1386.7,house,2,11.0,5.9,6.2,ms,,,house,gable,7.0
"stage 1 - building 1995 - 41.994342, 21.561641",1995,41.994342,21.561641,0,R,1479.4,house,1,28.4,4.9,3.3,ms,,,house,gable,7.0
"stage 1 - building 1996 - 41.993878, 21.562991",1996,41.993878,21.562991,0,R,1404.0,flat,1,7.1,4.2,2.7,ms,,,garage,flat,3.2
"stage 1 - building 1997 - 41.993967, 21.562720",1997,41.993967,21.562720,0,R,1418.9,house,2,10.4,10.1,6.2,ms,,,house,gable,7.0
"stage 1 - building 1998 - 41.997688, 21.551710",1998,41.997688,21.551710,0,R,2172.9,house,2,9.1,8.1,6.2,osm,410924988,yes,house,gable,7.0
"stage 1 - building 1999 - 41.997860, 21.551177",1999,41.997860,21.551177,0,R,2214.5,flat,1,17.8,17.3,7.0,ms,,,house,gable,7.0
"stage 1 - building 2000 - 41.996020, 21.556561",2000,41.996020,21.556561,0,R,1812.1,house,2,15.5,9.4,6.2,ms,,,house,gable,7.0
"stage 1 - building 2001 - 41.993571, 21.563769",2001,41.993571,21.563769,0,R,1366.2,house,1,8.4,5.7,3.3,ms,,,house,gable,7.0
"stage 1 - building 2002 - 41.993142, 21.565020",2002,41.993142,21.565020,0,R,1307.2,house,1,6.2,6.2,3.3,ms,,,garage,flat,3.2
"stage 1 - building 2003 - 41.992575, 21.566677",2003,41.992575,21.566677,0,R,1240.9,house,1,9.8,4.5,3.3,ms,,,garage,flat,3.2
"stage 1 - building 2004 - 41.997546, 21.552049",2004,41.997546,21.552049,0,R,2147.1,house,2,9.1,8.6,6.2,ms,,,house,gable,7.0
"stage 1 - building 2005 - 41.993002, 21.565416",2005,41.993002,21.565416,0,R,1290.4,flat,1,36.7,18.2,7.0,ms,,,industrial,flat,8.5
"stage 1 - building 2006 - 41.995535, 21.557947",2006,41.995535,21.557947,0,R,1716.4,house,2,17.3,10.4,6.2,ms,,,row,flat,9.5
"stage 1 - building 2007 - 41.993965, 21.562558",2007,41.993965,21.562558,0,R,1430.7,house,1,12.2,11.4,3.3,ms,,,house,gable,7.0
"stage 1 - building 2008 - 41.995558, 21.557835",2008,41.995558,21.557835,0,R,1724.5,house,1,6.9,5.8,3.3,ms,,,garage,flat,3.2
"stage 1 - building 2009 - 41.990891, 21.571558",2009,41.990891,21.571558,0,R,1144.7,house,2,24.6,6.5,6.2,ms,,,house,gable,7.0
"stage 1 - building 2010 - 41.994398, 21.561228",2010,41.994398,21.561228,0,R,1507.6,house,1,11.9,7.2,3.3,ms,,,house,gable,7.0
"stage 1 - building 2011 - 41.991624, 21.569389",2011,41.991624,21.569389,0,R,1169.0,house,2,10.7,9.6,6.2,ms,,,house,gable,7.0
"stage 1 - building 2012 - 41.993862, 21.562795",2012,41.993862,21.562795,0,R,1419.1,house,1,11.0,7.8,3.3,ms,,,house,gable,7.0
"stage 1 - building 2013 - 41.995473, 21.558049",2013,41.995473,21.558049,0,R,1710.4,house,2,11.3,10.7,6.2,ms,,,row,flat,9.5
"stage 1 - building 2014 - 41.993606, 21.563534",2014,41.993606,21.563534,0,R,1380.6,flat,1,4.0,3.4,2.7,ms,,,garage,flat,3.2
"stage 1 - building 2015 - 41.997669, 21.551569",2015,41.997669,21.551569,0,R,2184.8,house,2,9.2,8.1,6.2,osm,410924985,yes,house,gable,7.0
"stage 1 - building 2016 - 41.996085, 21.556225",2016,41.996085,21.556225,0,R,1837.3,house,1,11.9,11.3,3.3,ms,,,house,gable,7.0
"stage 1 - building 2017 - 41.993957, 21.562463",2017,41.993957,21.562463,0,R,1438.1,flat,1,5.8,2.9,2.7,ms,,,garage,flat,3.2
"stage 1 - building 2018 - 41.996119, 21.556085",2018,41.996119,21.556085,0,R,1847.7,house,1,10.7,6.1,3.3,ms,,,house,gable,7.0
"stage 1 - building 2019 - 41.990943, 21.571312",2019,41.990943,21.571312,0,R,1148.8,flat,1,4.8,3.8,2.7,ms,,,garage,flat,3.2
"stage 1 - building 2020 - 41.993232, 21.564577",2020,41.993232,21.564577,0,R,1331.2,house,1,11.0,9.7,3.3,ms,,,house,gable,7.0
"stage 1 - building 2021 - 41.990767, 21.571817",2021,41.990767,21.571817,0,R,1147.7,house,1,12.6,5.0,3.3,ms,,,row,flat,9.5
"stage 1 - building 2022 - 41.995381, 21.558166",2022,41.995381,21.558166,0,R,1704.3,house,2,9.1,6.7,6.2,ms,,,house,gable,7.0
"stage 1 - building 2023 - 41.992619, 21.566285",2023,41.992619,21.566285,0,R,1261.8,house,2,10.0,7.7,6.2,ms,,,house,gable,7.0
"stage 1 - building 2024 - 41.997438, 21.552093",2024,41.997438,21.552093,0,R,2145.1,house,2,9.4,8.8,6.2,ms,,,house,gable,7.0
"stage 1 - building 2025 - 41.993950, 21.562346",2025,41.993950,21.562346,0,R,1447.0,house,1,12.3,10.4,3.3,ms,,,house,gable,7.0
"stage 1 - building 2026 - 41.990874, 21.571352",2026,41.990874,21.571352,0,R,1154.1,house,2,11.2,10.5,6.2,ms,,,house,gable,7.0
"stage 1 - building 2027 - 41.995874, 21.556634",2027,41.995874,21.556634,0,R,1810.5,house,1,10.0,5.6,3.3,ms,,,house,gable,7.0
"stage 1 - building 2028 - 41.993776, 21.562798",2028,41.993776,21.562798,0,R,1423.6,flat,1,5.3,3.4,2.7,ms,,,garage,flat,3.2
"stage 1 - building 2029 - 41.997690, 21.551273",2029,41.997690,21.551273,0,R,2208.9,house,1,9.1,8.1,3.3,osm,410924979,yes,house,gable,7.0
"stage 1 - building 2030 - 41.997511, 21.551792",2030,41.997511,21.551792,0,R,2168.8,house,2,9.6,8.0,6.2,osm,177646826,yes,house,gable,7.0
"stage 1 - building 2031 - 41.997634, 21.551409",2031,41.997634,21.551409,0,R,2198.4,house,1,9.1,8.1,3.3,osm,410924977,yes,house,gable,7.0
"stage 1 - building 2032 - 41.990721, 21.571732",2032,41.990721,21.571732,0,R,1155.3,house,2,10.9,10.1,6.2,ms,,,row,flat,9.5
"stage 1 - building 2033 - 41.993959, 21.562178",2033,41.993959,21.562178,0,R,1458.8,house,1,14.4,8.9,3.3,ms,,,house,gable,7.0
"stage 1 - building 2034 - 41.990781, 21.571471",2034,41.990781,21.571471,0,R,1158.9,house,2,12.2,8.9,6.2,ms,,,house,gable,7.0
"stage 1 - building 2035 - 41.995387, 21.557874",2035,41.995387,21.557874,0,R,1727.1,house,2,11.4,9.9,6.2,ms,,,house,gable,7.0
"stage 1 - building 2036 - 41.994300, 21.561033",2036,41.994300,21.561033,0,R,1526.8,house,1,8.7,4.0,3.3,ms,,,garage,flat,3.2
"stage 1 - building 2037 - 41.993735, 21.562644",2037,41.993735,21.562644,0,R,1436.9,flat,1,4.9,3.3,2.7,ms,,,garage,flat,3.2
"stage 1 - building 2038 - 41.993773, 21.562529",2038,41.993773,21.562529,0,R,1443.2,house,2,11.7,10.4,6.2,ms,,,house,gable,7.0
"stage 1 - building 2039 - 41.995960, 21.556088",2039,41.995960,21.556088,0,R,1851.8,flat,1,3.7,3.7,2.7,ms,,,garage,flat,3.2
"stage 1 - building 2040 - 41.996064, 21.555757",2040,41.996064,21.555757,0,R,1875.6,house,1,10.3,9.1,3.3,ms,,,house,gable,7.0
"stage 1 - building 2041 - 41.993445, 21.563444",2041,41.993445,21.563444,0,R,1396.4,house,1,10.4,6.7,3.3,ms,,,house,gable,7.0
"stage 1 - building 2042 - 41.997408, 21.551772",2042,41.997408,21.551772,0,R,2171.9,house,1,8.3,7.6,3.3,osm,177646806,yes,house,gable,7.0
"stage 1 - building 2043 - 41.994195, 21.561151",2043,41.994195,21.561151,0,R,1523.0,house,1,21.8,7.4,3.3,ms,,,house,gable,7.0
"stage 1 - building 2044 - 41.995969, 21.555893",2044,41.995969,21.555893,0,R,1867.2,house,2,14.3,10.8,6.2,ms,,,house,gable,7.0
"stage 1 - building 2045 - 41.990787, 21.571131",2045,41.990787,21.571131,0,R,1171.1,house,1,13.4,8.0,3.3,ms,,,house,gable,7.0
"stage 1 - building 2046 - 41.990580, 21.571712",2046,41.990580,21.571712,0,R,1170.2,house,1,11.4,7.7,3.3,ms,,,house,gable,7.0
"stage 1 - building 2047 - 41.990740, 21.571231",2047,41.990740,21.571231,0,R,1171.9,house,2,9.6,6.7,6.2,ms,,,house,gable,7.0
"stage 1 - building 2048 - 41.995991, 21.555774",2048,41.995991,21.555774,0,R,1876.1,flat,1,5.5,3.9,2.7,ms,,,garage,flat,3.2
"stage 1 - building 2049 - 41.990706, 21.571324",2049,41.990706,21.571324,0,R,1171.8,house,2,10.9,6.9,6.2,ms,,,house,gable,7.0
"stage 1 - building 2050 - 41.990607, 21.571568",2050,41.990607,21.571568,0,R,1172.7,house,1,8.4,6.6,3.3,ms,,,house,gable,7.0
"stage 1 - building 2051 - 41.990667, 21.571384",2051,41.990667,21.571384,0,R,1173.4,flat,1,5.2,5.1,2.7,ms,,,garage,flat,3.2
"stage 1 - building 2052 - 41.996046, 21.555527",2052,41.996046,21.555527,0,R,1894.5,house,2,10.2,9.1,6.2,ms,,,house,gable,7.0
"stage 1 - building 2053 - 41.995292, 21.557734",2053,41.995292,21.557734,0,R,1741.4,house,1,13.3,11.9,3.3,ms,,,house,gable,7.0
"stage 1 - building 2054 - 41.997610, 21.550892",2054,41.997610,21.550892,0,R,2241.3,flat,1,14.3,13.9,3.4,osm,177646836,yes,industrial,flat,8.5
"stage 1 - building 2055 - 41.997307, 21.551750",2055,41.997307,21.551750,0,R,2175.3,house,1,7.7,7.7,3.3,osm,177646787,yes,house,gable,7.0
"stage 1 - building 2056 - 41.997031, 21.552557",2056,41.997031,21.552557,0,R,2113.9,house,2,11.0,10.1,6.2,osm,410924991,hut,garage,flat,3.2
"stage 1 - building 2057 - 41.993749, 21.562207",2057,41.993749,21.562207,0,R,1467.7,house,1,11.6,9.7,3.3,ms,,,house,gable,7.0
"stage 1 - building 2058 - 41.996052, 21.555382",2058,41.996052,21.555382,0,R,1906.0,house,1,7.7,6.7,3.3,ms,,,house,gable,7.0
"stage 1 - building 2059 - 41.995770, 21.556173",2059,41.995770,21.556173,0,R,1850.3,house,1,8.7,5.7,3.3,ms,,,house,gable,7.0
"stage 1 - building 2060 - 41.995690, 21.556393",2060,41.995690,21.556393,0,R,1835.1,house,2,12.8,9.1,6.2,ms,,,row,flat,9.5
"stage 1 - building 2061 - 41.995898, 21.555763",2061,41.995898,21.555763,0,R,1879.6,house,1,8.7,3.7,3.3,ms,,,garage,flat,3.2
"stage 1 - building 2062 - 41.990688, 21.571075",2062,41.990688,21.571075,0,R,1183.0,house,1,13.0,7.8,3.3,ms,,,house,gable,7.0
"stage 1 - building 2063 - 41.995264, 21.557609",2063,41.995264,21.557609,0,R,1752.2,house,1,7.1,4.6,3.3,ms,,,garage,flat,3.2
"stage 1 - building 2064 - 41.997497, 21.551030",2064,41.997497,21.551030,0,R,2231.5,flat,1,5.2,3.6,2.7,ms,,,garage,flat,3.2
"stage 1 - building 2065 - 41.990435, 21.571805",2065,41.990435,21.571805,0,R,1181.5,house,1,8.9,5.8,3.3,ms,,,house,gable,7.0
"stage 1 - building 2066 - 41.995831, 21.555924",2066,41.995831,21.555924,0,R,1868.5,house,1,10.7,9.3,3.3,ms,,,house,gable,7.0
"stage 1 - building 2067 - 41.990721, 21.570941",2067,41.990721,21.570941,0,R,1185.0,house,1,7.9,7.5,3.3,ms,,,house,gable,7.0
"stage 1 - building 2068 - 41.997170, 21.551953",2068,41.997170,21.551953,0,R,2160.9,flat,1,5.4,5.1,2.7,ms,,,garage,flat,3.2
"stage 1 - building 2069 - 41.996918, 21.552663",2069,41.996918,21.552663,0,R,2107.3,house,2,11.0,10.1,6.2,osm,410924982,hut,garage,flat,3.2
"stage 1 - building 2070 - 41.997627, 21.550573",2070,41.997627,21.550573,0,R,2267.3,flat,1,14.3,13.2,3.4,osm,177646839,yes,industrial,flat,8.5
"stage 1 - building 2071 - 41.995698, 21.556232",2071,41.995698,21.556232,0,R,1847.7,house,1,9.7,5.3,3.3,ms,,,house,gable,7.0
"stage 1 - building 2072 - 41.995624, 21.556441",2072,41.995624,21.556441,0,R,1833.2,house,2,12.0,6.4,6.2,ms,,,row,flat,9.5
"stage 1 - building 2073 - 41.993723, 21.562012",2073,41.993723,21.562012,0,R,1483.3,flat,1,8.6,3.3,2.7,ms,,,garage,flat,3.2
"stage 1 - building 2074 - 41.995840, 21.555773",2074,41.995840,21.555773,0,R,1880.4,flat,1,6.2,4.4,2.7,ms,,,garage,flat,3.2
"stage 1 - building 2075 - 41.997253, 21.551572",2075,41.997253,21.551572,0,R,2190.8,house,1,8.6,7.8,3.3,osm,410924978,yes,house,gable,7.0
"stage 1 - building 2076 - 41.995878, 21.555613",2076,41.995878,21.555613,0,R,1892.1,house,1,10.8,7.9,3.3,ms,,,house,gable,7.0
"stage 1 - building 2077 - 41.995709, 21.556024",2077,41.995709,21.556024,0,R,1864.0,flat,1,5.9,4.1,2.7,ms,,,garage,flat,3.2
"stage 1 - building 2078 - 41.996803, 21.552752",2078,41.996803,21.552752,0,R,2102.2,house,2,11.0,10.1,6.2,osm,410924974,hut,garage,flat,3.2
"stage 1 - building 2079 - 41.995599, 21.556245",2079,41.995599,21.556245,0,R,1849.6,house,2,10.4,5.8,6.2,ms,,,house,gable,7.0
"stage 1 - building 2080 - 41.995511, 21.556485",2080,41.995511,21.556485,0,R,1833.2,house,2,12.3,12.0,6.2,ms,,,house,gable,7.0
"stage 1 - building 2081 - 41.994414, 21.559715",2081,41.994414,21.559715,0,R,1621.6,house,1,11.7,11.4,3.3,ms,,,house,gable,7.0
"stage 1 - building 2082 - 41.995646, 21.556036",2082,41.995646,21.556036,0,R,1865.0,house,1,6.4,5.8,3.3,ms,,,garage,flat,3.2
"stage 1 - building 2083 - 41.995770, 21.555618",2083,41.995770,21.555618,0,R,1894.8,house,2,12.1,9.3,6.2,ms,,,house,gable,7.0
"stage 1 - building 2084 - 41.995650, 21.555939",2084,41.995650,21.555939,0,R,1872.6,house,1,8.4,5.1,3.3,ms,,,garage,flat,3.2
"stage 1 - building 2085 - 41.995500, 21.556288",2085,41.995500,21.556288,0,R,1849.2,house,1,13.7,10.3,3.3,ms,,,house,gable,7.0
"stage 1 - building 2086 - 41.995570, 21.556052",2086,41.995570,21.556052,0,R,1865.9,house,1,7.1,6.3,3.3,ms,,,garage,flat,3.2
"stage 1 - building 2087 - 41.996624, 21.552922",2087,41.996624,21.552922,0,R,2091.9,house,1,11.0,10.1,3.3,osm,410924980,hut,garage,flat,3.2
"stage 1 - building 2088 - 41.996756, 21.552534",2088,41.996756,21.552534,0,R,2120.9,house,2,10.1,8.1,6.2,osm,410924984,hut,garage,flat,3.2
"stage 1 - building 2089 - 41.990633, 21.570537",2089,41.990633,21.570537,0,R,1209.8,house,2,13.9,12.2,6.2,ms,,,house,gable,7.0
"stage 1 - building 2090 - 41.995648, 21.555666",2090,41.995648,21.555666,0,R,1894.4,flat,1,4.9,4.4,2.7,ms,,,garage,flat,3.2
"stage 1 - building 2091 - 41.996515, 21.553034",2091,41.996515,21.553034,0,R,2085.1,house,1,11.0,10.1,3.3,osm,410924997,hut,garage,flat,3.2
"stage 1 - building 2092 - 41.996607, 21.552656",2092,41.996607,21.552656,0,R,2114.0,house,1,10.1,9.7,3.3,osm,410924990,hut,garage,flat,3.2
"stage 1 - building 2093 - 41.995589, 21.555650",2093,41.995589,21.555650,0,R,1897.4,house,2,15.3,12.5,6.2,ms,,,house,gable,7.0
"stage 1 - building 2094 - 41.997336, 21.550497",2094,41.997336,21.550497,0,R,2277.6,flat,1,45.8,29.3,7.0,osm,177646810,yes,industrial,flat,8.5
"stage 1 - building 2095 - 41.995353, 21.556321",2095,41.995353,21.556321,0,R,1851.2,house,1,14.9,14.2,3.3,ms,,,house,gable,7.0
"stage 1 - building 2096 - 41.995471, 21.555971",2096,41.995471,21.555971,0,R,1875.4,house,1,9.3,9.3,3.3,ms,,,house,gable,7.0
"stage 1 - building 2097 - 41.998139, 21.548116",2097,41.998139,21.548116,0,R,2463.7,house,1,7.8,7.4,3.3,ms,,,house,gable,7.0
"stage 1 - building 2098 - 41.996803, 21.552041",2098,41.996803,21.552041,0,R,2160.2,flat,1,41.3,21.5,7.0,osm,410925017,hotel,industrial,flat,8.5
"stage 1 - building 2099 - 41.990532, 21.570475",2099,41.990532,21.570475,0,R,1222.0,house,1,6.3,5.6,3.3,ms,,,garage,flat,3.2
"stage 1 - building 2100 - 41.993945, 21.560373",2100,41.993945,21.560373,0,R,1593.1,house,1,9.6,4.0,3.3,ms,,,garage,flat,3.2
"stage 1 - building 2101 - 41.994051, 21.560047",2101,41.994051,21.560047,0,R,1612.6,house,2,15.4,11.4,6.2,ms,,,row,flat,9.5
"stage 1 - building 2102 - 41.994011, 21.560159",2102,41.994011,21.560159,0,R,1606.1,house,1,13.7,7.5,3.3,ms,,,row,flat,9.5
"stage 1 - building 2103 - 41.994875, 21.557597",2103,41.994875,21.557597,0,R,1766.9,house,1,8.6,6.9,3.3,ms,,,house,gable,7.0
"stage 1 - building 2104 - 41.995918, 21.554527",2104,41.995918,21.554527,0,R,1978.4,house,2,10.7,6.6,6.2,ms,,,house,gable,7.0
"stage 1 - building 2105 - 41.994135, 21.559748",2105,41.994135,21.559748,0,R,1631.3,flat,1,21.7,14.0,7.0,ms,,,row,flat,9.5
"stage 1 - building 2106 - 41.996814, 21.551856",2106,41.996814,21.551856,0,R,2175.2,flat,1,18.6,18.2,7.0,osm,410924983,roof,garage,flat,3.2
"stage 1 - building 2107 - 41.996488, 21.552811",2107,41.996488,21.552811,0,R,2103.8,house,1,9.5,6.3,3.3,osm,410924992,yes,house,gable,7.0
"stage 1 - building 2108 - 41.994088, 21.559867",2108,41.994088,21.559867,0,R,1624.5,house,1,13.6,7.5,3.3,ms,,,row,flat,9.5
"stage 1 - building 2109 - 41.996600, 21.552459",2109,41.996600,21.552459,0,R,2130.1,house,1,10.6,8.8,3.3,osm,410924973,hut,garage,flat,3.2
"stage 1 - building 2110 - 41.995453, 21.555820",2110,41.995453,21.555820,0,R,1888.0,house,2,10.5,9.9,6.2,ms,,,house,gable,7.0
"stage 1 - building 2111 - 41.997947, 21.548373",2111,41.997947,21.548373,0,R,2444.5,house,1,7.4,6.3,3.3,ms,,,house,gable,7.0
"stage 1 - building 2112 - 41.994609, 21.558185",2112,41.994609,21.558185,0,R,1731.2,house,1,12.2,11.6,3.3,ms,,,house,gable,7.0
"stage 1 - building 2113 - 41.994807, 21.557513",2113,41.994807,21.557513,0,R,1775.9,house,2,11.6,10.8,6.2,ms,,,house,gable,7.0
"stage 1 - building 2114 - 41.990401, 21.570471",2114,41.990401,21.570471,0,R,1234.9,house,1,7.6,4.2,3.3,ms,,,garage,flat,3.2
"stage 1 - building 2115 - 41.990079, 21.571399",2115,41.990079,21.571399,0,R,1231.5,house,2,14.2,9.6,6.2,ms,,,house,gable,7.0
"stage 1 - building 2116 - 41.997827, 21.548572",2116,41.997827,21.548572,0,R,2429.4,flat,1,4.4,2.9,2.7,ms,,,garage,flat,3.2
"stage 1 - building 2117 - 41.997868, 21.548445",2117,41.997868,21.548445,0,R,2439.5,house,1,10.3,9.3,3.3,ms,,,house,gable,7.0
"stage 1 - building 2118 - 41.992923, 21.562963",2118,41.992923,21.562963,0,R,1461.2,flat,1,5.5,4.4,2.7,ms,,,garage,flat,3.2
"stage 1 - building 2119 - 41.993176, 21.562200",2119,41.993176,21.562200,0,R,1499.9,flat,1,6.4,4.0,2.7,ms,,,garage,flat,3.2
"stage 1 - building 2120 - 41.995047, 21.556681",2120,41.995047,21.556681,0,R,1832.8,house,1,7.9,6.7,3.3,ms,,,house,gable,7.0
"stage 1 - building 2121 - 41.994679, 21.557754",2121,41.994679,21.557754,0,R,1761.9,house,2,10.6,10.1,6.2,ms,,,house,gable,7.0
"stage 1 - building 2122 - 41.998097, 21.547689",2122,41.998097,21.547689,0,R,2499.4,house,1,13.7,11.3,3.3,ms,,,house,gable,7.0
"stage 1 - building 2123 - 41.993776, 21.560396",2123,41.993776,21.560396,0,R,1599.6,flat,1,23.7,13.8,7.0,ms,,,house,gable,7.0
"stage 1 - building 2124 - 41.993874, 21.560068",2124,41.993874,21.560068,0,R,1619.4,house,1,8.9,3.5,3.3,ms,,,garage,flat,3.2
"stage 1 - building 2125 - 41.991340, 21.567494",2125,41.991340,21.567494,0,R,1291.8,flat,1,125.6,42.4,9.0,ms,,,industrial,flat,8.5
"stage 1 - building 2126 - 41.994431, 21.558397",2126,41.994431,21.558397,0,R,1721.9,flat,1,6.9,3.2,2.7,ms,,,garage,flat,3.2
"stage 1 - building 2127 - 41.993113, 21.562275",2127,41.993113,21.562275,0,R,1498.2,flat,1,4.0,3.5,2.7,ms,,,garage,flat,3.2
"stage 1 - building 2128 - 41.994527, 21.558076",2128,41.994527,21.558076,0,R,1742.8,house,2,10.7,7.0,6.2,ms,,,house,gable,7.0
"stage 1 - building 2129 - 41.994693, 21.557585",2129,41.994693,21.557585,0,R,1774.6,house,1,9.1,4.8,3.3,ms,,,garage,flat,3.2
"stage 1 - building 2130 - 41.993808, 21.560165",2130,41.993808,21.560165,0,R,1615.3,house,2,9.9,6.5,6.2,ms,,,house,gable,7.0
"stage 1 - building 2131 - 41.995644, 21.554759",2131,41.995644,21.554759,0,R,1967.2,flat,1,45.3,33.7,9.0,ms,,,industrial,flat,8.5
"stage 1 - building 2132 - 41.993761, 21.560274",2132,41.993761,21.560274,0,R,1609.4,flat,1,6.0,2.6,2.7,ms,,,garage,flat,3.2
"stage 1 - building 2133 - 41.995263, 21.555850",2133,41.995263,21.555850,0,R,1891.5,house,2,11.3,10.1,6.2,ms,,,house,gable,7.0
"stage 1 - building 2134 - 41.993075, 21.562212",2134,41.993075,21.562212,0,R,1504.8,flat,1,6.4,4.2,2.7,ms,,,garage,flat,3.2
"stage 1 - building 2135 - 41.995035, 21.556440",2135,41.995035,21.556440,0,R,1852.2,house,1,6.9,4.6,3.3,ms,,,garage,flat,3.2
"stage 1 - building 2136 - 41.994722, 21.557358",2136,41.994722,21.557358,0,R,1791.2,flat,1,5.5,2.3,2.7,ms,,,garage,flat,3.2
"stage 1 - building 2137 - 41.993999, 21.559481",2137,41.993999,21.559481,0,R,1657.7,house,2,12.5,11.6,6.2,ms,,,house,gable,7.0
"stage 1 - building 2138 - 41.997797, 21.548288",2138,41.997797,21.548288,0,R,2453.2,house,1,8.1,4.0,3.3,ms,,,garage,flat,3.2
"stage 1 - building 2139 - 41.993025, 21.562323",2139,41.993025,21.562323,0,R,1499.9,flat,1,4.0,3.6,2.7,ms,,,garage,flat,3.2
"stage 1 - building 2140 - 41.997326, 21.549636",2140,41.997326,21.549636,0,R,2348.5,flat,1,15.3,12.4,3.4,ms,,,industrial,flat,8.5
"stage 1 - building 2141 - 41.995263, 21.555672",2141,41.995263,21.555672,0,R,1905.5,house,2,18.6,7.6,6.2,ms,,,house,gable,7.0
"stage 1 - building 2142 - 41.993652, 21.560408",2142,41.993652,21.560408,0,R,1604.8,house,1,7.8,4.9,3.3,ms,,,garage,flat,3.2
"stage 1 - building 2143 - 41.993626, 21.560481",2143,41.993626,21.560481,0,R,1600.7,flat,1,6.9,3.5,2.7,ms,,,garage,flat,3.2
"stage 1 - building 2144 - 41.993011, 21.562230",2144,41.993011,21.562230,0,R,1507.3,house,1,8.9,3.9,3.3,ms,,,garage,flat,3.2
"stage 1 - building 2145 - 41.997682, 21.548486",2145,41.997682,21.548486,0,R,2438.3,flat,1,5.3,4.4,2.7,ms,,,garage,flat,3.2
"stage 1 - building 2146 - 41.997704, 21.548407",2146,41.997704,21.548407,0,R,2444.5,house,1,9.5,6.8,3.3,ms,,,row,flat,9.5
"stage 1 - building 2147 - 41.994661, 21.557319",2147,41.994661,21.557319,0,R,1796.5,house,2,12.9,10.5,6.2,ms,,,row,flat,9.5
"stage 1 - building 2148 - 41.992021, 21.565084",2148,41.992021,21.565084,0,R,1380.5,flat,1,36.5,32.6,7.0,ms,,,industrial,flat,8.5
"stage 1 - building 2149 - 41.994581, 21.557507",2149,41.994581,21.557507,0,R,1784.9,house,1,14.9,9.4,3.3,ms,,,house,gable,7.0
"stage 1 - building 2150 - 41.993913, 21.559411",2150,41.993913,21.559411,0,R,1666.9,flat,1,3.9,3.4,2.7,ms,,,garage,flat,3.2
"stage 1 - building 2151 - 41.994442, 21.557854",2151,41.994442,21.557854,0,R,1763.4,house,1,8.7,8.5,3.3,ms,,,house,gable,7.0
"stage 1 - building 2152 - 41.994320, 21.558204",2152,41.994320,21.558204,0,R,1741.3,house,1,7.8,4.9,3.3,ms,,,garage,flat,3.2
"stage 1 - building 2153 - 41.995757, 21.553941",2153,41.995757,21.553941,0,R,2029.8,house,2,12.3,6.4,6.2,ms,,,house,gable,7.0
"stage 1 - building 2154 - 41.995375, 21.555020",2154,41.995375,21.555020,0,R,1954.1,flat,1,23.0,21.7,7.0,ms,,,industrial,flat,8.5
"stage 1 - building 2155 - 41.990889, 21.568181",2155,41.990889,21.568181,0,R,1294.4,flat,1,54.4,42.6,9.0,ms,,,industrial,flat,8.5
"stage 1 - building 2156 - 41.994462, 21.557541",2156,41.994462,21.557541,0,R,1786.8,house,1,8.2,6.1,3.3,ms,,,house,gable,7.0
"stage 1 - building 2157 - 41.993186, 21.561287",2157,41.993186,21.561287,0,R,1564.8,house,1,10.3,4.3,3.3,ms,,,garage,flat,3.2
"stage 1 - building 2158 - 41.991839, 21.565115",2158,41.991839,21.565115,0,R,1391.8,flat,2,19.6,10.1,6.4,ms,,,industrial,flat,8.5
"stage 1 - building 2159 - 41.993165, 21.561164",2159,41.993165,21.561164,0,R,1574.8,flat,1,4.2,3.6,2.7,ms,,,garage,flat,3.2
"stage 1 - building 2160 - 41.995617, 21.553949",2160,41.995617,21.553949,0,R,2032.9,house,1,9.7,7.3,3.3,ms,,,house,gable,7.0
"stage 1 - building 2161 - 41.993768, 21.559373",2161,41.993768,21.559373,0,R,1676.5,house,2,14.6,13.0,6.2,ms,,,house,gable,7.0
"stage 1 - building 2162 - 41.994281, 21.557819",2162,41.994281,21.557819,0,R,1772.6,house,2,13.0,12.8,6.2,ms,,,house,gable,7.0
"stage 1 - building 2163 - 41.994501, 21.557059",2163,41.994501,21.557059,0,R,1822.8,house,2,11.0,8.1,6.2,ms,,,house,gable,7.0
"stage 1 - building 2164 - 41.994402, 21.557303",2164,41.994402,21.557303,0,R,1807.7,house,1,6.6,4.9,3.3,ms,,,garage,flat,3.2
"stage 1 - building 2165 - 41.994525, 21.556881",2165,41.994525,21.556881,0,R,1835.7,house,1,8.3,6.0,3.3,ms,,,house,gable,7.0
"stage 1 - building 2166 - 41.995017, 21.555434",2166,41.995017,21.555434,0,R,1932.4,flat,1,7.5,2.7,2.7,ms,,,garage,flat,3.2
"stage 1 - building 2167 - 41.994240, 21.557657",2167,41.994240,21.557657,0,R,1786.7,flat,1,5.0,4.9,2.7,ms,,,garage,flat,3.2
"stage 1 - building 2168 - 41.997000, 21.549491",2168,41.997000,21.549491,0,R,2365.4,house,2,10.3,6.9,6.2,ms,,,house,gable,7.0
"stage 1 - building 2169 - 41.992839, 21.561697",2169,41.992839,21.561697,0,R,1555.0,house,1,9.2,7.0,3.3,ms,,,house,gable,7.0
"stage 1 - building 2170 - 41.994261, 21.557504",2170,41.994261,21.557504,0,R,1797.6,house,1,16.2,7.8,3.3,ms,,,house,gable,7.0
"stage 1 - building 2171 - 41.992947, 21.561332",2171,41.992947,21.561332,0,R,1574.7,house,1,15.8,13.7,3.3,ms,,,house,gable,7.0
"stage 1 - building 2172 - 41.994423, 21.556967",2172,41.994423,21.556967,0,R,1832.9,house,1,11.4,10.9,3.3,ms,,,house,gable,7.0
"stage 1 - building 2173 - 41.994626, 21.556286",2173,41.994626,21.556286,0,R,1878.6,house,1,15.3,11.5,3.3,ms,,,house,gable,7.0
"stage 1 - building 2174 - 41.995478, 21.553744",2174,41.995478,21.553744,0,R,2053.2,flat,1,69.7,18.0,7.0,ms,,,industrial,flat,8.5
"stage 1 - building 2175 - 41.995203, 21.554436",2175,41.995203,21.554436,0,R,2005.8,flat,1,22.1,18.4,7.0,ms,,,industrial,flat,8.5
"stage 1 - building 2176 - 41.990739, 21.567456",2176,41.990739,21.567456,0,R,1344.8,house,2,16.6,5.3,6.2,ms,,,house,gable,7.0
"stage 1 - building 2177 - 41.994121, 21.557464",2177,41.994121,21.557464,0,R,1806.5,house,1,13.3,11.5,3.3,ms,,,house,gable,7.0
"stage 1 - building 2178 - 41.994244, 21.557073",2178,41.994244,21.557073,0,R,1831.7,house,2,11.8,10.2,6.2,ms,,,house,gable,7.0
"stage 1 - building 2179 - 41.994385, 21.556644",2179,41.994385,21.556644,0,R,1859.5,house,1,12.0,9.5,3.3,ms,,,house,gable,7.0
"stage 1 - building 2180 - 41.994861, 21.555238",2180,41.994861,21.555238,0,R,1953.0,house,1,10.8,4.6,3.3,ms,,,house,gable,7.0
"stage 1 - building 2181 - 41.994302, 21.556863",2181,41.994302,21.556863,0,R,1845.7,house,2,16.5,11.5,6.2,ms,,,house,gable,7.0
"stage 1 - building 2182 - 41.994559, 21.556016",2182,41.994559,21.556016,0,R,1902.2,flat,1,30.1,20.3,7.0,ms,,,commercial,flat,7.0
"stage 1 - building 2183 - 41.996512, 21.550237",2183,41.996512,21.550237,0,R,2313.0,house,1,16.1,11.5,3.3,ms,,,house,gable,7.0
"stage 1 - building 2184 - 41.994628, 21.555726",2184,41.994628,21.555726,0,R,1922.4,house,2,14.6,4.3,6.2,ms,,,house,gable,7.0
"stage 1 - building 2185 - 41.993891, 21.557860",2185,41.993891,21.557860,0,R,1785.7,house,2,11.8,11.7,6.2,ms,,,house,gable,7.0
"stage 1 - building 2186 - 41.994171, 21.557031",2186,41.994171,21.557031,0,R,1837.8,house,1,12.6,4.1,3.3,ms,,,house,gable,7.0
"stage 1 - building 2187 - 41.992566, 21.561754",2187,41.992566,21.561754,0,R,1567.0,house,1,9.4,9.3,3.3,ms,,,house,gable,7.0
"stage 1 - building 2188 - 41.992570, 21.561590",2188,41.992570,21.561590,0,R,1578.2,flat,1,5.7,3.9,2.7,ms,,,garage,flat,3.2
"stage 1 - building 2189 - 41.994287, 21.556518",2189,41.994287,21.556518,0,R,1873.1,house,2,11.7,7.9,6.2,ms,,,house,gable,7.0
"stage 1 - building 2190 - 41.994179, 21.556823",2190,41.994179,21.556823,0,R,1853.6,house,1,5.9,5.5,3.3,ms,,,garage,flat,3.2
"stage 1 - building 2191 - 41.994304, 21.556340",2191,41.994304,21.556340,0,R,1886.3,house,1,6.4,6.1,3.3,ms,,,garage,flat,3.2
"stage 1 - building 2192 - 41.994449, 21.555817",2192,41.994449,21.555817,0,R,1921.7,house,2,13.7,13.7,6.2,ms,,,house,gable,7.0
"stage 1 - building 2193 - 41.994553, 21.555499",2193,41.994553,21.555499,0,R,1942.9,house,1,15.5,9.7,3.3,ms,,,house,gable,7.0
"stage 1 - building 2194 - 41.992475, 21.561577",2194,41.992475,21.561577,0,R,1584.7,flat,1,6.5,3.1,2.7,ms,,,garage,flat,3.2
"stage 1 - building 2195 - 41.994096, 21.556756",2195,41.994096,21.556756,0,R,1862.1,house,1,9.8,7.6,3.3,ms,,,house,gable,7.0
"stage 1 - building 2196 - 41.994277, 21.556181",2196,41.994277,21.556181,0,R,1899.7,house,2,13.2,12.9,6.2,ms,,,house,gable,7.0
"stage 1 - building 2197 - 41.994460, 21.555607",2197,41.994460,21.555607,0,R,1937.8,flat,1,3.6,3.5,2.7,ms,,,garage,flat,3.2
"stage 1 - building 2198 - 41.995299, 21.553036",2198,41.995299,21.553036,0,R,2115.0,flat,1,58.8,41.6,9.0,ms,,,industrial,flat,8.5
"stage 1 - building 2199 - 41.996424, 21.549678",2199,41.996424,21.549678,0,R,2360.3,house,1,13.9,6.5,3.3,ms,,,house,gable,7.0
"stage 1 - building 2200 - 41.994389, 21.555617",2200,41.994389,21.555617,0,R,1939.5,house,1,11.5,10.6,3.3,ms,,,row,flat,9.5
"stage 1 - building 2201 - 41.994057, 21.556531",2201,41.994057,21.556531,0,R,1881.0,house,2,11.6,11.0,6.2,ms,,,house,gable,7.0
"stage 1 - building 2202 - 41.994140, 21.556286",2202,41.994140,21.556286,0,R,1896.7,house,1,10.5,4.5,3.3,ms,,,house,gable,7.0
"stage 1 - building 2203 - 41.994305, 21.555683",2203,41.994305,21.555683,0,R,1937.5,flat,1,4.9,4.7,2.7,ms,,,garage,flat,3.2
"stage 1 - building 2204 - 41.994140, 21.556143",2204,41.994140,21.556143,0,R,1907.9,flat,1,5.7,4.5,2.7,ms,,,garage,flat,3.2
"stage 1 - building 2205 - 41.994378, 21.555438",2205,41.994378,21.555438,0,R,1953.9,house,1,9.4,8.8,3.3,ms,,,house,gable,7.0
"stage 1 - building 2206 - 41.994188, 21.555998",2206,41.994188,21.555998,0,R,1917.3,house,2,12.5,10.3,6.2,ms,,,house,gable,7.0
"stage 1 - building 2207 - 41.993964, 21.556655",2207,41.993964,21.556655,0,R,1875.2,house,1,9.7,7.4,3.3,ms,,,house,gable,7.0
"stage 1 - building 2208 - 42.017320, 21.566541",2208,42.017320,21.566541,0,L,2124.8,flat,1,5.0,2.8,2.7,ms,,,garage,flat,3.2
"stage 1 - building 2209 - 41.993904, 21.556513",2209,41.993904,21.556513,0,R,1888.5,flat,1,8.2,3.6,2.7,ms,,,garage,flat,3.2
"stage 1 - building 2210 - 41.994426, 21.554967",2210,41.994426,21.554967,0,R,1989.2,house,2,19.3,8.8,6.2,ms,,,house,gable,7.0
"stage 1 - building 2211 - 41.993553, 21.557525",2211,41.993553,21.557525,0,R,1825.9,house,1,14.5,12.2,3.3,ms,,,house,gable,7.0
"stage 1 - building 2212 - 41.994271, 21.555359",2212,41.994271,21.555359,0,R,1964.1,house,2,11.5,9.8,6.2,ms,,,house,gable,7.0
"stage 1 - building 2213 - 41.993938, 21.556289",2213,41.993938,21.556289,0,R,1904.5,house,1,7.4,6.9,3.3,ms,,,house,gable,7.0
"stage 1 - building 2214 - 41.993461, 21.557638",2214,41.993461,21.557638,0,R,1821.5,house,1,7.1,7.0,3.3,ms,,,house,gable,7.0
"stage 1 - building 2215 - 41.993827, 21.556527",2215,41.993827,21.556527,0,R,1890.6,house,1,6.7,5.4,3.3,ms,,,garage,flat,3.2
"stage 1 - building 2216 - 41.994266, 21.555182",2216,41.994266,21.555182,0,R,1978.1,flat,1,5.8,2.5,2.7,ms,,,garage,flat,3.2
"stage 1 - building 2217 - 41.994855, 21.553402",2217,41.994855,21.553402,0,R,2098.8,house,1,9.3,5.1,3.3,ms,,,house,gable,7.0
"stage 1 - building 2218 - 41.994763, 21.553591",2218,41.994763,21.553591,0,R,2086.6,flat,1,35.8,15.3,7.0,ms,,,industrial,flat,8.5
"stage 1 - building 2219 - 41.995129, 21.552446",2219,41.995129,21.552446,0,R,2167.0,flat,1,33.3,28.8,7.0,ms,,,industrial,flat,8.5
"stage 1 - building 2220 - 41.994190, 21.555188",2220,41.994190,21.555188,0,R,1980.4,house,2,11.3,10.0,6.2,ms,,,house,gable,7.0
"stage 1 - building 2221 - 41.994773, 21.553429",2221,41.994773,21.553429,0,R,2099.2,house,1,7.1,4.3,3.3,ms,,,garage,flat,3.2
"stage 1 - building 2222 - 41.994252, 21.554937",2222,41.994252,21.554937,0,R,1997.8,house,1,24.1,9.4,3.3,ms,,,house,gable,7.0
"stage 1 - building 2223 - 41.995201, 21.552123",2223,41.995201,21.552123,0,R,2190.9,flat,1,47.2,31.0,7.0,osm,727732749,yes,industrial,flat,8.5
"stage 1 - building 2224 - 41.993872, 21.555709",2224,41.993872,21.555709,0,R,1952.0,house,2,16.3,6.9,6.2,ms,,,house,gable,7.0
"stage 1 - building 2225 - 41.994553, 21.553629",2225,41.994553,21.553629,0,R,2090.4,house,2,11.8,6.1,6.2,ms,,,house,gable,7.0
"stage 1 - building 2226 - 41.993756, 21.555957",2226,41.993756,21.555957,0,R,1937.4,house,1,7.9,6.1,3.3,ms,,,house,gable,7.0
"stage 1 - building 2227 - 41.994145, 21.554780",2227,41.994145,21.554780,0,R,2013.9,house,2,11.3,10.1,6.2,ms,,,house,gable,7.0
"stage 1 - building 2228 - 41.995137, 21.551762",2228,41.995137,21.551762,0,R,2221.7,flat,1,15.7,11.0,3.4,osm,727732751,house,industrial,flat,8.5
"stage 1 - building 2229 - 41.993756, 21.555607",2229,41.993756,21.555607,0,R,1964.5,house,2,12.6,6.9,6.2,ms,,,house,gable,7.0
"stage 1 - building 2230 - 41.996854, 21.546490",2230,41.996854,21.546490,0,R,2613.8,house,2,13.9,11.2,6.2,ms,,,house,gable,7.0
"stage 1 - building 2231 - 41.994093, 21.554562",2231,41.994093,21.554562,0,R,2032.9,house,2,13.2,12.5,6.2,ms,,,house,gable,7.0
"stage 1 - building 2232 - 41.993821, 21.555245",2232,41.993821,21.555245,0,R,1990.0,house,1,13.6,8.6,3.3,ms,,,house,gable,7.0
"stage 1 - building 2233 - 41.993656, 21.555682",2233,41.993656,21.555682,0,R,1962.7,house,2,27.4,5.3,6.2,ms,,,house,gable,7.0
"stage 1 - building 2234 - 41.993823, 21.554972",2234,41.993823,21.554972,0,R,2011.0,house,1,8.8,4.2,3.3,ms,,,garage,flat,3.2
"stage 1 - building 2235 - 41.993515, 21.555854",2235,41.993515,21.555854,0,R,1955.2,house,1,12.2,4.5,3.3,ms,,,house,gable,7.0
"stage 1 - building 2236 - 41.995756, 21.549218",2236,41.995756,21.549218,0,R,2411.6,flat,1,14.4,11.6,3.4,ms,,,industrial,flat,8.5
"stage 1 - building 2237 - 41.993970, 21.554354",2237,41.993970,21.554354,0,R,2053.6,house,1,12.4,10.2,3.3,ms,,,house,gable,7.0
"stage 1 - building 2238 - 41.995157, 21.550762",2238,41.995157,21.550762,0,R,2301.5,flat,1,4.0,3.6,2.7,ms,,,garage,flat,3.2
"stage 1 - building 2239 - 41.993680, 21.555001",2239,41.993680,21.555001,0,R,2014.4,house,2,9.5,8.4,6.2,ms,,,house,gable,7.0
"stage 1 - building 2240 - 41.993489, 21.555497",2240,41.993489,21.555497,0,R,1983.8,house,1,6.6,5.3,3.3,ms,,,garage,flat,3.2
"stage 1 - building 2241 - 41.995049, 21.550831",2241,41.995049,21.550831,0,R,2298.8,house,1,15.5,7.6,3.3,ms,,,house,gable,7.0
"stage 1 - building 2242 - 41.993877, 21.554239",2242,41.993877,21.554239,0,R,2066.1,house,1,13.1,12.2,3.3,ms,,,house,gable,7.0
"stage 1 - building 2243 - 41.993358, 21.555679",2243,41.993358,21.555679,0,R,1975.3,house,2,14.5,12.7,6.2,ms,,,house,gable,7.0
"stage 1 - building 2244 - 41.993312, 21.555755",2244,41.993312,21.555755,0,R,1971.3,house,1,9.4,6.1,3.3,ms,,,house,gable,7.0
"stage 1 - building 2245 - 41.993393, 21.555499",2245,41.993393,21.555499,0,R,1987.6,flat,1,6.3,4.6,2.7,ms,,,garage,flat,3.2
"stage 1 - building 2246 - 41.993355, 21.555563",2246,41.993355,21.555563,0,R,1984.3,flat,1,5.8,2.4,2.7,ms,,,garage,flat,3.2
"stage 1 - building 2247 - 41.996351, 21.546579",2247,41.996351,21.546579,0,R,2614.9,house,2,11.9,11.2,6.2,ms,,,house,gable,7.0
"stage 1 - building 2248 - 41.993833, 21.553889",2248,41.993833,21.553889,0,R,2095.1,house,1,7.9,5.0,3.3,ms,,,garage,flat,3.2
"stage 1 - building 2249 - 41.993762, 21.554007",2249,41.993762,21.554007,0,R,2088.5,house,2,12.4,11.5,6.2,ms,,,house,gable,7.0
"stage 1 - building 2250 - 41.993293, 21.555350",2250,41.993293,21.555350,0,R,2003.2,house,2,18.3,9.4,6.2,ms,,,house,gable,7.0
"stage 1 - building 2251 - 41.994598, 21.551478",2251,41.994598,21.551478,0,R,2259.9,flat,1,27.0,18.2,7.0,ms,,,house,gable,7.0
"stage 1 - building 2252 - 41.994985, 21.550306",2252,41.994985,21.550306,0,R,2342.7,flat,1,74.1,27.2,9.0,ms,,,industrial,flat,8.5
"stage 1 - building 2253 - 41.995700, 21.548174",2253,41.995700,21.548174,0,R,2497.7,flat,1,5.4,2.6,2.7,ms,,,garage,flat,3.2
"stage 1 - building 2254 - 41.993192, 21.555544",2254,41.993192,21.555544,0,R,1992.7,house,2,12.0,11.1,6.2,ms,,,row,flat,9.5
"stage 1 - building 2255 - 41.993223, 21.555449",2255,41.993223,21.555449,0,R,1998.6,house,1,9.5,4.4,3.3,ms,,,garage,flat,3.2
"stage 1 - building 2256 - 41.995191, 21.549580",2256,41.995191,21.549580,0,R,2395.8,house,1,10.1,3.9,3.3,ms,,,garage,flat,3.2
"stage 1 - building 2257 - 41.994585, 21.551179",2257,41.994585,21.551179,0,R,2284.2,flat,1,25.1,16.3,7.0,ms,,,house,gable,7.0
"stage 1 - building 2258 - 41.993088, 21.555560",2258,41.993088,21.555560,0,R,1995.9,flat,1,6.1,4.0,2.7,ms,,,garage,flat,3.2
"stage 1 - building 2259 - 41.993031, 21.555600",2259,41.993031,21.555600,0,R,1995.3,house,1,16.4,7.8,3.3,ms,,,row,flat,9.5
"stage 1 - building 2260 - 41.996513, 21.545277",2260,41.996513,21.545277,0,R,2718.7,house,1,9.0,5.0,3.3,ms,,,house,gable,7.0
"stage 1 - building 2261 - 41.996549, 21.545102",2261,41.996549,21.545102,0,R,2732.4,house,1,7.8,6.2,3.3,ms,,,house,gable,7.0
"stage 1 - building 2262 - 41.994935, 21.549828",2262,41.994935,21.549828,0,R,2382.5,flat,1,6.2,3.0,2.7,ms,,,garage,flat,3.2
"stage 1 - building 2263 - 41.993025, 21.555443",2263,41.993025,21.555443,0,R,2007.5,house,1,24.8,9.9,3.3,ms,,,house,gable,7.0
"stage 1 - building 2264 - 41.994400, 21.551285",2264,41.994400,21.551285,0,R,2281.4,house,1,7.9,6.5,3.3,ms,,,house,gable,7.0
"stage 1 - building 2265 - 41.996079, 21.546281",2265,41.996079,21.546281,0,R,2644.2,house,2,12.1,9.4,6.2,ms,,,house,gable,7.0
"stage 1 - building 2266 - 41.993658, 21.553360",2266,41.993658,21.553360,0,R,2142.9,flat,1,5.8,2.9,2.7,ms,,,garage,flat,3.2
"stage 1 - building 2267 - 41.995946, 21.546290",2267,41.995946,21.546290,0,R,2646.0,house,1,8.8,5.0,3.3,ms,,,garage,flat,3.2
"stage 1 - building 2268 - 41.995652, 21.546617",2268,41.995652,21.546617,0,R,2625.2,house,1,7.0,5.3,3.3,ms,,,garage,flat,3.2
"stage 1 - building 2269 - 41.992100, 21.557013",2269,41.992100,21.557013,0,R,1933.7,flat,1,41.8,11.8,7.0,ms,,,house,gable,7.0
"stage 1 - building 2270 - 41.991970, 21.557304",2270,41.991970,21.557304,0,R,1919.1,house,1,15.3,8.4,3.3,ms,,,house,gable,7.0
"stage 1 - building 2271 - 41.995643, 21.546484",2271,41.995643,21.546484,0,R,2636.3,house,1,10.4,8.3,3.3,ms,,,house,gable,7.0
"stage 1 - building 2272 - 41.992009, 21.557099",2272,41.992009,21.557099,0,R,1932.0,house,1,15.2,4.4,3.3,ms,,,house,gable,7.0
"stage 1 - building 2273 - 41.993321, 21.553209",2273,41.993321,21.553209,0,R,2167.4,house,2,22.9,8.2,6.2,ms,,,house,gable,7.0
"stage 1 - building 2274 - 41.991805, 21.557668",2274,41.991805,21.557668,0,R,1901.3,house,2,20.4,4.7,6.2,ms,,,house,gable,7.0
"stage 1 - building 2275 - 41.992095, 21.556593",2275,41.992095,21.556593,0,R,1964.8,house,2,20.2,5.0,6.2,ms,,,house,gable,7.0
"stage 1 - building 2276 - 41.992561, 21.555057",2276,41.992561,21.555057,0,R,2057.5,house,1,10.7,9.8,3.3,ms,,,house,gable,7.0
"stage 1 - building 2277 - 41.996412, 21.543506",2277,41.996412,21.543506,0,R,2865.5,house,2,12.6,12.6,6.2,ms,,,house,gable,7.0
"stage 1 - building 2278 - 41.994501, 21.548954",2278,41.994501,21.548954,0,R,2464.6,flat,1,15.8,14.2,3.4,osm,727732750,house,industrial,flat,8.5
"stage 1 - building 2279 - 41.995508, 21.545957",2279,41.995508,21.545957,0,R,2682.0,flat,1,46.9,17.9,7.0,ms,,,commercial,flat,7.0
"stage 1 - building 2280 - 41.991851, 21.556575",2280,41.991851,21.556575,0,R,1978.6,flat,1,35.2,19.5,7.0,ms,,,commercial,flat,7.0
"stage 1 - building 2281 - 41.994389, 21.548691",2281,41.994389,21.548691,0,R,2488.8,flat,1,75.0,47.2,9.0,osm,386292371,yes,industrial,flat,8.5
"stage 1 - building 2282 - 41.995357, 21.545525",2282,41.995357,21.545525,0,R,2720.4,house,2,11.5,7.8,6.2,ms,,,house,gable,7.0
"stage 1 - building 2283 - 41.994510, 21.547986",2283,41.994510,21.547986,0,R,2542.0,flat,1,5.1,4.0,2.7,ms,,,garage,flat,3.2
"stage 1 - building 2284 - 41.991340, 21.557067",2284,41.991340,21.557067,0,R,1970.0,house,1,10.4,4.4,3.3,ms,,,house,gable,7.0
"stage 1 - building 2285 - 41.992704, 21.552543",2285,41.992704,21.552543,0,R,2243.4,flat,1,6.3,4.6,2.7,ms,,,garage,flat,3.2
"stage 1 - building 2286 - 41.994253, 21.547319",2286,41.994253,21.547319,0,R,2602.6,flat,1,58.0,43.8,9.0,osm,386292372,yes,industrial,flat,8.5
"stage 1 - building 2287 - 41.992416, 21.552539",2287,41.992416,21.552539,0,R,2255.7,flat,1,4.6,4.2,2.7,ms,,,garage,flat,3.2
"stage 1 - building 2288 - 41.992613, 21.551611",2288,41.992613,21.551611,0,R,2319.0,house,1,9.8,4.1,3.3,ms,,,garage,flat,3.2
"stage 1 - building 2289 - 41.992483, 21.551968",2289,41.992483,21.551968,0,R,2296.7,house,1,6.2,5.7,3.3,ms,,,garage,flat,3.2
"stage 1 - building 2290 - 41.992110, 21.552863",2290,41.992110,21.552863,0,R,2244.1,flat,1,6.6,3.0,2.7,ms,,,garage,flat,3.2
"stage 1 - building 2291 - 41.992452, 21.551517",2291,41.992452,21.551517,0,R,2332.8,house,1,6.3,5.7,3.3,ms,,,garage,flat,3.2
"stage 1 - building 2292 - 41.992156, 21.552383",2292,41.992156,21.552383,0,R,2278.7,house,1,6.2,5.5,3.3,ms,,,garage,flat,3.2
"stage 1 - building 2293 - 41.992060, 21.552564",2293,41.992060,21.552564,0,R,2269.0,flat,1,4.2,4.0,2.7,ms,,,garage,flat,3.2
"stage 1 - building 2294 - 41.992078, 21.552403",2294,41.992078,21.552403,0,R,2280.5,flat,1,4.6,3.3,2.7,ms,,,garage,flat,3.2
"stage 1 - building 2295 - 41.992044, 21.552260",2295,41.992044,21.552260,0,R,2292.9,flat,1,4.7,3.6,2.7,ms,,,garage,flat,3.2
"stage 1 - building 2296 - 41.992060, 21.551903",2296,41.992060,21.551903,0,R,2319.5,flat,1,3.7,3.6,2.7,ms,,,garage,flat,3.2
"stage 1 - building 2297 - 41.992285, 21.551150",2297,41.992285,21.551150,0,R,2367.9,house,1,8.0,4.0,3.3,ms,,,garage,flat,3.2
"stage 1 - building 2298 - 41.993897, 21.546047",2298,41.993897,21.546047,0,R,2714.5,flat,1,61.6,21.3,7.0,ms,,,industrial,flat,8.5
"stage 1 - building 2299 - 41.987050, 21.566140",2299,41.987050,21.566140,0,R,1739.8,flat,1,5.2,3.3,2.7,ms,,,garage,flat,3.2
"stage 1 - building 2300 - 41.992042, 21.551348",2300,41.992042,21.551348,0,R,2362.7,flat,1,5.6,4.0,2.7,ms,,,garage,flat,3.2
"stage 1 - building 2301 - 41.992064, 21.551276",2301,41.992064,21.551276,0,R,2367.3,flat,1,4.9,4.2,2.7,ms,,,garage,flat,3.2
"stage 1 - building 2302 - 41.993994, 21.544895",2302,41.993994,21.544895,0,R,2804.3,flat,1,58.2,49.2,9.0,osm,386527874,yes,industrial,flat,8.5
"stage 1 - building 2303 - 41.993839, 21.544163",2303,41.993839,21.544163,0,R,2867.3,flat,1,73.6,28.2,9.0,osm,386527873,yes,industrial,flat,8.5
"stage 1 - building 2304 - 41.990120, 21.551510",2304,41.990120,21.551510,0,R,2439.7,house,2,15.9,6.6,6.2,ms,,,house,gable,7.0
"stage 1 - building 2305 - 41.990592, 21.544309",2305,41.990592,21.544309,0,R,2964.3,house,1,16.4,10.4,3.3,ms,,,house,gable,7.0
"stage 1 - building 2306 - 41.990466, 21.544164",2306,41.990466,21.544164,0,R,2980.5,house,1,13.8,12.0,3.3,ms,,,house,gable,7.0
"stage 1 - building 2307 - 41.984836, 21.560361",2307,41.984836,21.560361,0,R,2224.8,house,1,8.3,4.3,3.3,ms,,,garage,flat,3.2
"stage 1 - building 2308 - 41.989346, 21.546772",2308,41.989346,21.546772,0,R,2830.2,house,1,8.3,3.8,3.3,ms,,,garage,flat,3.2
"stage 1 - building 2309 - 41.989684, 21.545189",2309,41.989684,21.545189,0,R,2934.5,house,1,13.0,3.5,3.3,ms,,,house,gable,7.0
"stage 1 - building 2310 - 41.989681, 21.545020",2310,41.989681,21.545020,0,R,2947.6,house,1,9.4,3.7,3.3,ms,,,garage,flat,3.2
"stage 1 - building 2311 - 41.989709, 21.544894",2311,41.989709,21.544894,0,R,2956.0,house,1,7.1,5.6,3.3,ms,,,garage,flat,3.2
"stage 1 - building 2312 - 41.989955, 21.543945",2312,41.989955,21.543945,0,R,3018.1,flat,1,6.0,4.8,2.7,ms,,,garage,flat,3.2
"stage 1 - building 2313 - 41.989833, 21.544247",2313,41.989833,21.544247,0,R,3000.1,flat,1,6.4,3.8,2.7,ms,,,garage,flat,3.2
"stage 1 - building 2314 - 41.989775, 21.544240",2314,41.989775,21.544240,0,R,3003.1,house,1,7.1,5.7,3.3,ms,,,garage,flat,3.2
"stage 1 - building 2315 - 41.984446, 21.559794",2315,41.984446,21.559794,0,R,2288.3,house,1,6.1,5.0,3.3,ms,,,garage,flat,3.2
"stage 1 - building 2316 - 41.984695, 21.558830",2316,41.984695,21.558830,0,R,2320.5,house,1,6.6,5.2,3.3,ms,,,garage,flat,3.2
"stage 1 - building 2317 - 41.989667, 21.544193",2317,41.989667,21.544193,0,R,3011.3,house,2,8.7,7.5,6.2,ms,,,house,gable,7.0
"stage 1 - building 2318 - 41.984397, 21.559056",2318,41.984397,21.559056,0,R,2332.5,flat,1,4.6,3.9,2.7,ms,,,garage,flat,3.2
"stage 1 - building 2319 - 41.984053, 21.559783",2319,41.984053,21.559783,0,R,2322.2,house,2,11.8,8.3,6.2,ms,,,house,gable,7.0
"stage 1 - building 2320 - 41.983962, 21.559429",2320,41.983962,21.559429,0,R,2348.8,flat,1,6.5,4.5,2.7,ms,,,garage,flat,3.2
"stage 1 - building 2321 - 41.988409, 21.545848",2321,41.988409,21.545848,0,R,2944.2,house,2,20.6,10.2,6.2,ms,,,house,gable,7.0
"stage 1 - building 2322 - 41.988588, 21.545245",2322,41.988588,21.545245,0,R,2980.5,house,1,8.0,6.4,3.3,ms,,,house,gable,7.0
"stage 1 - building 2323 - 41.988659, 21.544836",2323,41.988659,21.544836,0,R,3007.8,house,1,8.6,6.0,3.3,ms,,,house,gable,7.0
"stage 1 - building 2324 - 41.988523, 21.544994",2324,41.988523,21.544994,0,R,3002.4,house,2,16.7,3.8,6.2,ms,,,house,gable,7.0
"stage 1 - building 2325 - 41.988779, 21.543951",2325,41.988779,21.543951,0,R,3068.9,flat,1,5.5,2.6,2.7,ms,,,garage,flat,3.2
"stage 1 - building 2326 - 41.988423, 21.544966",2326,41.988423,21.544966,0,R,3009.3,flat,1,5.6,3.5,2.7,ms,,,garage,flat,3.2
"stage 1 - building 2327 - 41.988387, 21.544813",2327,41.988387,21.544813,0,R,3022.4,flat,1,4.9,3.6,2.7,ms,,,garage,flat,3.2
"stage 1 - building 2328 - 41.988311, 21.544745",2328,41.988311,21.544745,0,R,3031.1,flat,1,8.2,3.5,2.7,ms,,,garage,flat,3.2
"stage 1 - building 2329 - 41.986944, 21.545312",2329,41.986944,21.545312,0,R,3058.5,house,1,9.1,4.9,3.3,ms,,,garage,flat,3.2
"stage 1 - building 2330 - 41.986892, 21.545329",2330,41.986892,21.545329,0,R,3060.0,house,1,10.2,5.7,3.3,ms,,,row,flat,9.5
"stage 1 - building 2331 - 41.986796, 21.545527",2331,41.986796,21.545527,0,R,3050.7,house,1,11.5,6.0,3.3,ms,,,house,gable,7.0
"stage 1 - building 2332 - 41.986903, 21.545174",2332,41.986903,21.545174,0,R,3070.7,house,1,7.6,5.3,3.3,ms,,,garage,flat,3.2
"stage 1 - building 2333 - 41.986711, 21.544939",2333,41.986711,21.544939,0,R,3098.0,house,1,7.7,5.4,3.3,ms,,,garage,flat,3.2
"stage 1 - building 2334 - 41.986604, 21.545002",2334,41.986604,21.545002,0,R,3099.2,house,1,6.5,5.1,3.3,ms,,,garage,flat,3.2
"stage 1 - building 2335 - 41.986573, 21.545009",2335,41.986573,21.545009,0,R,3100.3,flat,1,5.8,2.6,2.7,ms,,,garage,flat,3.2
"stage 1 - building 2336 - 41.986189, 21.544368",2336,41.986189,21.544368,0,R,3167.5,flat,1,4.6,4.1,2.7,ms,,,garage,flat,3.2
"stage 1 - building 2337 - 41.986162, 21.544250",2337,41.986162,21.544250,0,R,3177.5,house,2,8.9,6.8,6.2,ms,,,house,gable,7.0
"stage 1 - building 2338 - 41.985606, 21.544737",2338,41.985606,21.544737,0,R,3173.2,house,1,13.2,7.6,3.3,ms,,,house,gable,7.0
"stage 1 - building 2339 - 41.985434, 21.544850",2339,41.985434,21.544850,0,R,3174.9,house,2,13.0,10.9,6.2,ms,,,house,gable,7.0
"stage 1 - building 2340 - 41.985365, 21.544780",2340,41.985365,21.544780,0,R,3183.8,flat,1,4.5,3.5,2.7,ms,,,garage,flat,3.2
"stage 1 - building 2341 - 41.985308, 21.544745",2341,41.985308,21.544745,0,R,3189.5,house,1,9.1,5.4,3.3,ms,,,house,gable,7.0
"stage 1 - building 2342 - 41.979120, 21.561012",2342,41.979120,21.561012,0,R,2712.0,house,1,8.5,6.9,3.3,ms,,,house,gable,7.0
"stage 1 - building 2343 - 41.978747, 21.560969",2343,41.978747,21.560969,0,R,2749.4,house,1,16.2,7.8,3.3,ms,,,house,gable,7.0
"stage 1 - building 2344 - 41.978949, 21.560173",2344,41.978949,21.560173,0,R,2764.2,house,1,21.5,4.2,3.3,ms,,,house,gable,7.0
"stage 1 - building 2345 - 41.983506, 21.546615",2345,41.983506,21.546615,0,R,3170.0,house,1,10.5,4.8,3.3,ms,,,house,gable,7.0
"stage 1 - building 2346 - 41.978481, 21.560961",2346,41.978481,21.560961,0,R,2775.4,house,1,10.4,4.7,3.3,ms,,,house,gable,7.0
"stage 1 - building 2347 - 41.983179, 21.546627",2347,41.983179,21.546627,0,R,3190.4,house,1,12.8,9.5,3.3,ms,,,house,gable,7.0
"stage 1 - building 2348 - 41.983129, 21.546534",2348,41.983129,21.546534,0,R,3200.0,flat,1,4.7,3.3,2.7,ms,,,garage,flat,3.2
"stage 1 - building 2349 - 41.983135, 21.545814",2349,41.983135,21.545814,0,R,3247.8,house,1,9.3,5.9,3.3,ms,,,house,gable,7.0
"stage 1 - building 2350 - 41.978283, 21.559983",2350,41.978283,21.559983,0,R,2835.6,house,1,18.3,4.4,3.3,ms,,,house,gable,7.0
"stage 1 - building 2351 - 41.983437, 21.544392",2351,41.983437,21.544392,0,R,3325.7,house,2,13.8,4.7,6.2,ms,,,house,gable,7.0
"stage 1 - building 2352 - 41.982431, 21.545568",2352,41.982431,21.545568,0,R,3310.3,house,2,10.2,7.3,6.2,ms,,,house,gable,7.0
"stage 1 - building 2353 - 41.982334, 21.545153",2353,41.982334,21.545153,0,R,3344.4,house,1,14.2,7.8,3.3,ms,,,house,gable,7.0
"stage 1 - building 2354 - 41.982079, 21.545620",2354,41.982079,21.545620,0,R,3330.2,house,1,9.1,8.9,3.3,ms,,,house,gable,7.0
"stage 1 - building 2355 - 41.979145, 21.553805",2355,41.979145,21.553805,0,R,3058.2,flat,1,6.1,3.4,2.7,ms,,,garage,flat,3.2
"stage 1 - building 2356 - 41.981923, 21.545438",2356,41.981923,21.545438,0,R,3352.6,house,1,9.2,6.9,3.3,ms,,,house,gable,7.0
"stage 1 - building 2357 - 41.979332, 21.552851",2357,41.979332,21.552851,0,R,3094.6,flat,1,4.4,4.4,2.7,ms,,,garage,flat,3.2
"stage 1 - building 2358 - 41.979326, 21.552167",2358,41.979326,21.552167,0,R,3133.0,flat,1,4.2,2.9,2.7,ms,,,garage,flat,3.2
"stage 1 - building 2359 - 41.979003, 21.552905",2359,41.979003,21.552905,0,R,3119.0,flat,1,4.9,3.5,2.7,ms,,,garage,flat,3.2
"stage 1 - building 2360 - 41.981886, 21.544411",2360,41.981886,21.544411,0,R,3423.3,house,2,12.0,5.8,6.2,ms,,,house,gable,7.0
"stage 1 - building 2361 - 41.980108, 21.549563",2361,41.980108,21.549563,0,R,3222.3,house,2,22.8,9.0,6.2,ms,,,house,gable,7.0
"stage 1 - building 2362 - 41.981785, 21.544554",2362,41.981785,21.544554,0,R,3420.5,house,1,16.3,11.0,3.3,ms,,,house,gable,7.0
"stage 1 - building 2363 - 41.980164, 21.549306",2363,41.980164,21.549306,0,R,3233.4,house,1,10.1,6.3,3.3,ms,,,house,gable,7.0
"stage 1 - building 2364 - 41.979399, 21.551295",2364,41.979399,21.551295,0,R,3176.5,flat,1,4.9,4.4,2.7,ms,,,garage,flat,3.2
"stage 1 - building 2365 - 41.980243, 21.548767",2365,41.980243,21.548767,0,R,3260.2,flat,1,6.2,4.2,2.7,ms,,,garage,flat,3.2
"stage 1 - building 2366 - 41.980341, 21.548439",2366,41.980341,21.548439,0,R,3272.9,flat,1,4.2,2.9,2.7,ms,,,garage,flat,3.2
"stage 1 - building 2367 - 41.980408, 21.547936",2367,41.980408,21.547936,0,R,3299.0,house,1,9.1,4.5,3.3,ms,,,garage,flat,3.2
"stage 1 - building 2368 - 41.979435, 21.550577",2368,41.979435,21.550577,0,R,3214.9,house,1,7.2,4.4,3.3,ms,,,garage,flat,3.2
"stage 1 - building 2369 - 41.980201, 21.548223",2369,41.980201,21.548223,0,R,3296.6,house,2,11.9,5.1,6.2,ms,,,house,gable,7.0
"stage 1 - building 2370 - 41.979975, 21.548246",2370,41.979975,21.548246,0,R,3312.1,house,1,7.4,4.7,3.3,ms,,,garage,flat,3.2
"stage 1 - building 2371 - 41.979327, 21.549733",2371,41.979327,21.549733,0,R,3272.7,flat,1,4.0,3.5,2.7,ms,,,garage,flat,3.2
"stage 1 - building 2372 - 41.979794, 21.548099",2372,41.979794,21.548099,0,R,3334.7,house,1,9.1,5.6,3.3,ms,,,house,gable,7.0
"stage 1 - building 2373 - 41.979613, 21.548591",2373,41.979613,21.548591,0,R,3318.6,flat,1,6.3,3.4,2.7,ms,,,garage,flat,3.2
"stage 1 - building 2374 - 41.978341, 21.551904",2374,41.978341,21.551904,0,R,3228.9,house,2,9.1,8.7,6.2,ms,,,house,gable,7.0
"stage 1 - building 2375 - 41.979497, 21.548186",2375,41.979497,21.548186,0,R,3351.9,house,1,14.6,4.0,3.3,ms,,,house,gable,7.0
"stage 1 - building 2376 - 41.979420, 21.548404",2376,41.979420,21.548404,0,R,3344.6,house,1,7.9,4.9,3.3,ms,,,garage,flat,3.2
"stage 1 - building 2377 - 41.980772, 21.544299",2377,41.980772,21.544299,0,R,3505.3,house,2,12.0,9.2,6.2,ms,,,house,gable,7.0
"stage 1 - building 2378 - 41.980267, 21.545763",2378,41.980267,21.545763,0,R,3445.8,house,2,15.7,11.6,6.2,ms,,,house,gable,7.0
"stage 1 - building 2379 - 41.979368, 21.548338",2379,41.979368,21.548338,0,R,3352.5,house,1,7.0,6.9,3.3,ms,,,house,gable,7.0
"stage 1 - building 2380 - 41.979418, 21.548108",2380,41.979418,21.548108,0,R,3362.6,flat,1,4.0,3.3,2.7,ms,,,garage,flat,3.2
"stage 1 - building 2381 - 41.980890, 21.543643",2381,41.980890,21.543643,0,R,3540.5,house,1,6.8,4.9,3.3,ms,,,garage,flat,3.2
"stage 1 - building 2382 - 41.979284, 21.548234",2382,41.979284,21.548234,0,R,3365.2,house,1,8.0,4.8,3.3,ms,,,garage,flat,3.2
"stage 1 - building 2383 - 41.979376, 21.547806",2383,41.979376,21.547806,0,R,3384.0,house,1,14.5,12.0,3.3,ms,,,house,gable,7.0
"stage 1 - building 2384 - 41.979312, 21.547981",2384,41.979312,21.547981,0,R,3378.3,house,1,8.1,4.1,3.3,ms,,,garage,flat,3.2
"stage 1 - building 2385 - 41.980610, 21.544161",2385,41.980610,21.544161,0,R,3525.4,flat,1,4.9,4.3,2.7,ms,,,garage,flat,3.2
"stage 1 - building 2386 - 41.980168, 21.545389",2386,41.980168,21.545389,0,R,3476.7,house,1,11.7,2.7,3.3,ms,,,garage,flat,3.2
"stage 1 - building 2387 - 41.980572, 21.544121",2387,41.980572,21.544121,0,R,3530.5,flat,1,5.6,4.5,2.7,ms,,,garage,flat,3.2
"stage 1 - building 2388 - 41.979140, 21.548133",2388,41.979140,21.548133,0,R,3382.2,flat,1,7.2,3.7,2.7,ms,,,garage,flat,3.2
"stage 1 - building 2389 - 41.979932, 21.545663",2389,41.979932,21.545663,0,R,3476.1,house,1,10.6,5.8,3.3,ms,,,house,gable,7.0
"stage 1 - building 2390 - 41.979265, 21.547620",2390,41.979265,21.547620,0,R,3403.7,house,1,6.4,4.9,3.3,ms,,,garage,flat,3.2
"stage 1 - building 2391 - 41.980412, 21.544199",2391,41.980412,21.544199,0,R,3536.4,house,1,16.7,5.5,3.3,ms,,,house,gable,7.0
"stage 1 - building 2392 - 41.979858, 21.545747",2392,41.979858,21.545747,0,R,3476.1,house,2,10.0,8.0,6.2,ms,,,house,gable,7.0
"stage 1 - building 2393 - 41.979375, 21.547082",2393,41.979375,21.547082,0,R,3428.3,house,1,13.7,12.3,3.3,ms,,,house,gable,7.0
"stage 1 - building 2394 - 41.979239, 21.547470",2394,41.979239,21.547470,0,R,3414.8,house,1,7.2,6.2,3.3,ms,,,garage,flat,3.2
"stage 1 - building 2395 - 41.980321, 21.544104",2395,41.980321,21.544104,0,R,3548.9,house,1,10.8,7.9,3.3,ms,,,house,gable,7.0
"stage 1 - building 2396 - 41.980299, 21.543955",2396,41.980299,21.543955,0,R,3560.1,house,2,12.3,8.3,6.2,ms,,,house,gable,7.0
"stage 1 - building 2397 - 41.975834, 21.556636",2397,41.975834,21.556636,0,R,3213.4,house,2,13.1,5.8,6.2,ms,,,house,gable,7.0
"stage 1 - building 2398 - 41.979593, 21.545564",2398,41.979593,21.545564,0,R,3506.7,flat,1,5.6,4.2,2.7,ms,,,garage,flat,3.2
"stage 1 - building 2399 - 41.974329, 21.561046",2399,41.974329,21.561046,0,R,3179.8,house,1,7.7,5.8,3.3,ms,,,garage,flat,3.2
"stage 1 - building 2400 - 41.979555, 21.545635",2400,41.979555,21.545635,0,R,3505.0,house,1,7.8,5.5,3.3,ms,,,garage,flat,3.2
"stage 1 - building 2401 - 41.975896, 21.556261",2401,41.975896,21.556261,0,R,3224.6,house,2,11.9,11.7,6.2,ms,,,house,gable,7.0
"stage 1 - building 2402 - 41.975744, 21.556688",2402,41.975744,21.556688,0,R,3219.4,flat,1,4.4,3.2,2.7,ms,,,garage,flat,3.2
"stage 1 - building 2403 - 41.979082, 21.546806",2403,41.979082,21.546806,0,R,3467.1,house,1,14.0,11.5,3.3,ms,,,house,gable,7.0
"stage 1 - building 2404 - 41.975934, 21.555824",2404,41.975934,21.555824,0,R,3241.3,house,1,11.7,6.7,3.3,ms,,,house,gable,7.0
"stage 1 - building 2405 - 41.975471, 21.557080",2405,41.975471,21.557080,0,R,3227.6,flat,1,34.0,24.6,7.0,ms,,,commercial,flat,7.0
"stage 1 - building 2406 - 41.978821, 21.547151",2406,41.978821,21.547151,0,R,3465.8,house,1,11.2,3.7,3.3,ms,,,garage,flat,3.2
"stage 1 - building 2407 - 41.978545, 21.547691",2407,41.978545,21.547691,0,R,3454.4,house,2,9.1,9.0,6.2,ms,,,house,gable,7.0
"stage 1 - building 2408 - 41.975496, 21.556618",2408,41.975496,21.556618,0,R,3245.8,house,1,8.0,5.1,3.3,ms,,,garage,flat,3.2
"stage 1 - building 2409 - 41.977429, 21.550912",2409,41.977429,21.550912,0,R,3359.2,flat,1,5.1,3.3,2.7,ms,,,garage,flat,3.2
"stage 1 - building 2410 - 41.975348, 21.556593",2410,41.975348,21.556593,0,R,3260.7,house,1,10.0,6.7,3.3,ms,,,house,gable,7.0
"stage 1 - building 2411 - 41.977302, 21.550707",2411,41.977302,21.550707,0,R,3381.1,flat,1,6.2,2.2,2.7,ms,,,garage,flat,3.2
"stage 1 - building 2412 - 41.977844, 21.548346",2412,41.977844,21.548346,0,R,3470.6,flat,1,6.1,4.3,2.7,ms,,,garage,flat,3.2
"stage 1 - building 2413 - 41.979029, 21.544798",2413,41.979029,21.544798,0,R,3595.6,house,2,24.6,7.6,6.2,ms,,,house,gable,7.0
"stage 1 - building 2414 - 41.976783, 21.550819",2414,41.976783,21.550819,0,R,3418.4,house,1,7.5,6.2,3.3,ms,,,house,gable,7.0
"stage 1 - building 2415 - 41.976532, 21.551472",2415,41.976532,21.551472,0,R,3404.8,flat,1,6.1,4.7,2.7,ms,,,garage,flat,3.2
"stage 1 - building 2416 - 41.976441, 21.551477",2416,41.976441,21.551477,0,R,3412.3,house,1,6.8,5.1,3.3,ms,,,garage,flat,3.2
"stage 1 - building 2417 - 41.976347, 21.551382",2417,41.976347,21.551382,0,R,3425.4,house,1,8.4,5.3,3.3,ms,,,garage,flat,3.2
"stage 1 - building 2418 - 41.974332, 21.556491",2418,41.974332,21.556491,0,R,3360.8,house,2,10.8,8.9,6.2,ms,,,house,gable,7.0
"stage 1 - building 2419 - 41.974243, 21.556748",2419,41.974243,21.556748,0,R,3358.2,house,2,20.6,5.5,6.2,ms,,,row,flat,9.5
"stage 1 - building 2420 - 41.974201, 21.556726",2420,41.974201,21.556726,0,R,3363.2,house,2,20.6,3.7,6.2,ms,,,row,flat,9.5
"stage 1 - building 2421 - 41.973278, 21.558762",2421,41.973278,21.558762,0,R,3369.4,house,1,5.9,5.1,3.3,ms,,,garage,flat,3.2
"stage 1 - building 2422 - 41.978441, 21.543526",2422,41.978441,21.543526,0,R,3718.2,house,2,24.3,4.7,6.2,ms,,,house,gable,7.0
"stage 1 - building 2423 - 41.978391, 21.543610",2423,41.978391,21.543610,0,R,3716.5,house,2,24.4,10.3,6.2,ms,,,house,gable,7.0
"stage 1 - building 2424 - 41.973027, 21.558630",2424,41.973027,21.558630,0,R,3399.1,flat,1,24.7,18.0,7.0,ms,,,house,gable,7.0
"stage 1 - building 2425 - 41.978010, 21.543875",2425,41.978010,21.543875,0,R,3727.5,house,1,9.6,5.7,3.3,ms,,,house,gable,7.0
"stage 1 - building 2426 - 41.977939, 21.543642",2426,41.977939,21.543642,0,R,3747.3,flat,1,6.2,3.9,2.7,ms,,,garage,flat,3.2
"stage 1 - building 2427 - 41.973564, 21.556215",2427,41.973564,21.556215,0,R,3445.6,house,1,10.0,8.1,3.3,ms,,,house,gable,7.0
"stage 1 - building 2428 - 41.973392, 21.556498",2428,41.973392,21.556498,0,R,3449.9,house,1,13.2,9.0,3.3,ms,,,house,gable,7.0
"stage 1 - building 2429 - 41.973402, 21.556111",2429,41.973402,21.556111,0,R,3465.5,house,1,9.6,6.7,3.3,ms,,,house,gable,7.0
"stage 1 - building 2430 - 41.972081, 21.557468",2430,41.972081,21.557468,0,R,3537.2,flat,1,4.2,3.1,2.7,ms,,,garage,flat,3.2
"stage 1 - building 2431 - 41.972119, 21.556979",2431,41.972119,21.556979,0,R,3552.8,house,2,18.3,3.5,6.2,ms,,,house,gable,7.0
"stage 1 - building 2432 - 41.972372, 21.556163",2432,41.972372,21.556163,0,R,3561.7,house,1,8.9,5.1,3.3,ms,,,garage,flat,3.2
"stage 1 - building 2433 - 41.972266, 21.556176",2433,41.972266,21.556176,0,R,3571.3,house,2,10.3,9.2,6.2,ms,,,house,gable,7.0
"stage 1 - building 2434 - 41.972089, 21.556439",2434,41.972089,21.556439,0,R,3577.6,house,1,10.2,5.3,3.3,ms,,,house,gable,7.0
"stage 1 - building 2435 - 41.975697, 21.545623",2435,41.975697,21.545623,0,R,3798.8,house,1,7.3,6.6,3.3,ms,,,house,gable,7.0
"stage 1 - building 2436 - 41.975602, 21.545861",2436,41.975602,21.545861,0,R,3792.5,house,1,12.9,10.2,3.3,ms,,,house,gable,7.0
"stage 1 - building 2437 - 41.975527, 21.545994",2437,41.975527,21.545994,0,R,3790.9,house,2,15.1,12.1,6.2,ms,,,house,gable,7.0
"stage 1 - building 2438 - 41.975414, 21.546190",2438,41.975414,21.546190,0,R,3788.7,house,1,7.8,4.5,3.3,ms,,,garage,flat,3.2
"stage 1 - building 2439 - 41.973565, 21.551442",2439,41.973565,21.551442,0,R,3665.8,house,2,12.4,11.9,6.2,ms,,,house,gable,7.0
"stage 1 - building 2440 - 41.975266, 21.546312",2440,41.975266,21.546312,0,R,3793.7,house,1,12.9,12.1,3.3,ms,,,house,gable,7.0
"stage 1 - building 2441 - 41.975317, 21.546087",2441,41.975317,21.546087,0,R,3802.4,house,2,19.4,11.1,6.2,ms,,,house,gable,7.0
"stage 1 - building 2442 - 41.975048, 21.546847",2442,41.975048,21.546847,0,R,3781.1,house,2,11.8,11.6,6.2,ms,,,house,gable,7.0
"stage 1 - building 2443 - 41.975091, 21.546654",2443,41.975091,21.546654,0,R,3788.5,house,2,19.0,14.6,6.2,ms,,,house,gable,7.0
"stage 1 - building 2444 - 41.975311, 21.545737",2444,41.975311,21.545737,0,R,3822.9,house,2,30.2,6.9,6.2,ms,,,house,gable,7.0
"stage 1 - building 2445 - 41.975219, 21.545771",2445,41.975219,21.545771,0,R,3828.3,house,1,30.2,7.7,3.3,ms,,,house,gable,7.0
"stage 1 - building 2446 - 41.975728, 21.544043",2446,41.975728,21.544043,0,R,3889.2,house,2,14.2,11.7,6.2,ms,,,house,gable,7.0
"stage 1 - building 2447 - 41.975574, 21.543878",2447,41.975574,21.543878,0,R,3910.8,flat,1,4.9,4.1,2.7,ms,,,garage,flat,3.2
"stage 1 - building 2448 - 41.973971, 21.548575",2448,41.973971,21.548575,0,R,3776.9,house,1,12.2,4.7,3.3,ms,,,house,gable,7.0
"stage 1 - building 2449 - 41.975595, 21.543791",2449,41.975595,21.543791,0,R,3914.4,flat,1,5.4,3.6,2.7,ms,,,garage,flat,3.2
"stage 1 - building 2450 - 41.973370, 21.550234",2450,41.973370,21.550234,0,R,3743.3,house,2,8.2,7.7,6.2,ms,,,house,gable,7.0
"stage 1 - building 2451 - 41.973444, 21.549985",2451,41.973444,21.549985,0,R,3749.3,house,1,8.3,7.1,3.3,ms,,,house,gable,7.0
"stage 1 - building 2452 - 41.973170, 21.550677",2452,41.973170,21.550677,0,R,3738.8,house,1,7.7,3.9,3.3,ms,,,garage,flat,3.2
"stage 1 - building 2453 - 41.973919, 21.548410",2453,41.973919,21.548410,0,R,3790.2,flat,1,4.9,3.0,2.7,ms,,,garage,flat,3.2
"stage 1 - building 2454 - 41.975165, 21.544711",2454,41.975165,21.544711,0,R,3893.9,flat,1,5.6,4.5,2.7,ms,,,garage,flat,3.2
"stage 1 - building 2455 - 41.974983, 21.545244",2455,41.974983,21.545244,0,R,3877.5,flat,1,6.0,3.9,2.7,ms,,,garage,flat,3.2
"stage 1 - building 2456 - 41.973329, 21.550062",2456,41.973329,21.550062,0,R,3755.6,flat,1,9.8,2.5,2.7,ms,,,garage,flat,3.2
"stage 1 - building 2457 - 41.974037, 21.547923",2457,41.974037,21.547923,0,R,3806.2,house,2,25.2,9.6,6.2,ms,,,house,gable,7.0
"stage 1 - building 2458 - 41.974074, 21.547791",2458,41.974074,21.547791,0,R,3810.1,house,2,10.0,7.2,6.2,ms,,,house,gable,7.0
"stage 1 - building 2459 - 41.974836, 21.545547",2459,41.974836,21.545547,0,R,3871.9,flat,1,6.7,4.1,2.7,ms,,,garage,flat,3.2
"stage 1 - building 2460 - 41.974689, 21.545792",2460,41.974689,21.545792,0,R,3869.9,flat,1,7.2,4.0,2.7,ms,,,garage,flat,3.2
"stage 1 - building 2461 - 41.974024, 21.547659",2461,41.974024,21.547659,0,R,3821.5,house,2,10.4,8.2,6.2,ms,,,house,gable,7.0
"stage 1 - building 2462 - 41.973737, 21.548464",2462,41.973737,21.548464,0,R,3802.9,house,2,13.9,7.8,6.2,ms,,,house,gable,7.0
"stage 1 - building 2463 - 41.973672, 21.548638",2463,41.973672,21.548638,0,R,3799.2,house,1,16.5,11.8,3.3,ms,,,house,gable,7.0
"stage 1 - building 2464 - 41.974773, 21.545388",2464,41.974773,21.545388,0,R,3886.0,house,1,13.0,11.7,3.3,ms,,,house,gable,7.0
"stage 1 - building 2465 - 41.974912, 21.544969",2465,41.974912,21.544969,0,R,3899.0,house,1,16.5,11.2,3.3,ms,,,house,gable,7.0
"stage 1 - building 2466 - 41.974719, 21.545535",2466,41.974719,21.545535,0,R,3882.1,house,1,12.5,10.7,3.3,ms,,,house,gable,7.0
"stage 1 - building 2467 - 41.974825, 21.545190",2467,41.974825,21.545190,0,R,3893.2,house,1,10.9,9.8,3.3,ms,,,house,gable,7.0
"stage 1 - building 2468 - 41.973193, 21.549917",2468,41.973193,21.549917,0,R,3774.9,house,1,11.7,8.8,3.3,ms,,,house,gable,7.0
"stage 1 - building 2469 - 41.974976, 21.544652",2469,41.974976,21.544652,0,R,3912.3,house,1,12.9,12.4,3.3,ms,,,house,gable,7.0
"stage 1 - building 2470 - 41.972923, 21.550649",2470,41.972923,21.550649,0,R,3762.2,house,2,9.5,9.3,6.2,ms,,,house,gable,7.0
"stage 1 - building 2471 - 41.974464, 21.546052",2471,41.974464,21.546052,0,R,3873.6,house,2,8.1,7.7,6.2,ms,,,house,gable,7.0
"stage 1 - building 2472 - 41.973969, 21.547485",2472,41.973969,21.547485,0,R,3835.5,house,1,11.3,7.5,3.3,ms,,,house,gable,7.0
"stage 1 - building 2473 - 41.974533, 21.545770",2473,41.974533,21.545770,0,R,3883.8,house,1,16.6,16.0,3.3,ms,,,house,gable,7.0
"stage 1 - building 2474 - 41.973111, 21.549920",2474,41.973111,21.549920,0,R,3782.0,house,1,13.6,6.2,3.3,ms,,,house,gable,7.0
"stage 1 - building 2475 - 41.974427, 21.545970",2475,41.974427,21.545970,0,R,3881.1,house,1,8.9,4.5,3.3,ms,,,garage,flat,3.2
"stage 1 - building 2476 - 41.973532, 21.548581",2476,41.973532,21.548581,0,R,3814.2,house,2,10.8,10.1,6.2,ms,,,house,gable,7.0
"stage 1 - building 2477 - 41.974731, 21.545034",2477,41.974731,21.545034,0,R,3909.7,house,1,12.1,7.8,3.3,ms,,,house,gable,7.0
"stage 1 - building 2478 - 41.974962, 21.544333",2478,41.974962,21.544333,0,R,3931.9,house,2,10.0,9.4,6.2,ms,,,house,gable,7.0
"stage 1 - building 2479 - 41.974669, 21.545140",2479,41.974669,21.545140,0,R,3908.6,house,2,9.5,9.3,6.2,ms,,,house,gable,7.0
"stage 1 - building 2480 - 41.974748, 21.544888",2480,41.974748,21.544888,0,R,3916.7,house,2,24.6,10.8,6.2,ms,,,house,gable,7.0
"stage 1 - building 2481 - 41.974860, 21.544537",2481,41.974860,21.544537,0,R,3928.1,house,1,12.1,4.5,3.3,ms,,,house,gable,7.0
"stage 1 - building 2482 - 41.974984, 21.544170",2482,41.974984,21.544170,0,R,3939.7,flat,1,5.6,2.9,2.7,ms,,,garage,flat,3.2
"stage 1 - building 2483 - 41.973821, 21.547545",2483,41.973821,21.547545,0,R,3844.7,house,2,11.7,8.7,6.2,ms,,,house,gable,7.0
"stage 1 - building 2484 - 41.974237, 21.546314",2484,41.974237,21.546314,0,R,3877.4,flat,1,6.3,3.9,2.7,ms,,,garage,flat,3.2
"stage 1 - building 2485 - 41.974322, 21.545869",2485,41.974322,21.545869,0,R,3895.4,house,1,10.5,9.3,3.3,ms,,,house,gable,7.0
"stage 1 - building 2486 - 41.973920, 21.547044",2486,41.973920,21.547044,0,R,3863.6,house,1,13.1,10.5,3.3,ms,,,house,gable,7.0
"stage 1 - building 2487 - 41.974185, 21.546186",2487,41.974185,21.546186,0,R,3888.9,house,1,20.9,10.9,3.3,ms,,,house,gable,7.0
"stage 1 - building 2488 - 41.974762, 21.544441",2488,41.974762,21.544441,0,R,3941.5,house,1,7.8,6.6,3.3,ms,,,house,gable,7.0
"stage 1 - building 2489 - 41.974539, 21.545083",2489,41.974539,21.545083,0,R,3922.3,flat,1,7.5,3.4,2.7,ms,,,garage,flat,3.2
"stage 1 - building 2490 - 41.973715, 21.547501",2490,41.973715,21.547501,0,R,3856.1,house,2,12.4,10.9,6.2,ms,,,house,gable,7.0
"stage 1 - building 2491 - 41.973623, 21.547690",2491,41.973623,21.547690,0,R,3853.7,flat,1,5.5,4.1,2.7,ms,,,garage,flat,3.2
"stage 1 - building 2492 - 41.973593, 21.547750",2492,41.973593,21.547750,0,R,3853.0,flat,1,4.6,3.0,2.7,ms,,,garage,flat,3.2
"stage 1 - building 2493 - 41.974041, 21.546385",2493,41.974041,21.546385,0,R,3889.7,house,2,11.4,9.4,6.2,ms,,,house,gable,7.0
"stage 1 - building 2494 - 41.974538, 21.544918",2494,41.974538,21.544918,0,R,3931.8,house,2,10.7,9.5,6.2,ms,,,house,gable,7.0
"stage 1 - building 2495 - 41.973326, 21.548485",2495,41.973326,21.548485,0,R,3837.0,flat,1,6.3,4.4,2.7,ms,,,garage,flat,3.2
"stage 1 - building 2496 - 41.974802, 21.544081",2496,41.974802,21.544081,0,R,3959.2,house,2,9.8,9.6,6.2,ms,,,house,gable,7.0
"stage 1 - building 2497 - 41.974719, 21.544248",2497,41.974719,21.544248,0,R,3956.0,house,1,12.0,10.1,3.3,ms,,,house,gable,7.0
"stage 1 - building 2498 - 41.974026, 21.546247",2498,41.974026,21.546247,0,R,3898.6,house,2,13.1,9.7,6.2,ms,,,house,gable,7.0
"stage 1 - building 2499 - 41.974151, 21.545819",2499,41.974151,21.545819,0,R,3912.2,house,1,10.1,5.6,3.3,ms,,,house,gable,7.0
"stage 1 - building 2500 - 41.972668, 21.550031",2500,41.972668,21.550031,0,R,3815.5,house,2,13.5,12.6,6.2,ms,,,house,gable,7.0
"stage 1 - building 2501 - 41.974728, 21.543953",2501,41.974728,21.543953,0,R,3972.6,flat,1,7.1,4.0,2.7,ms,,,garage,flat,3.2
"stage 1 - building 2502 - 41.973473, 21.547541",2502,41.973473,21.547541,0,R,3874.3,house,1,14.8,12.4,3.3,ms,,,house,gable,7.0
"stage 1 - building 2503 - 41.972460, 21.550513",2503,41.972460,21.550513,0,R,3810.2,house,1,10.7,4.4,3.3,ms,,,house,gable,7.0
"stage 1 - building 2504 - 41.973877, 21.546313",2504,41.973877,21.546313,0,R,3907.3,house,1,9.1,5.9,3.3,ms,,,house,gable,7.0
"stage 1 - building 2505 - 41.974485, 21.544484",2505,41.974485,21.544484,0,R,3961.0,flat,1,6.2,3.2,2.7,ms,,,garage,flat,3.2
"stage 1 - building 2506 - 41.974813, 21.543509",2506,41.974813,21.543509,0,R,3991.9,house,1,9.2,3.7,3.3,ms,,,garage,flat,3.2
"stage 1 - building 2507 - 41.973743, 21.546586",2507,41.973743,21.546586,0,R,3903.4,house,1,12.0,8.4,3.3,ms,,,house,gable,7.0
"stage 1 - building 2508 - 41.974509, 21.544303",2508,41.974509,21.544303,0,R,3969.5,house,2,9.2,7.8,6.2,ms,,,house,gable,7.0
"stage 1 - building 2509 - 41.973331, 21.547657",2509,41.973331,21.547657,0,R,3880.3,house,1,9.2,4.2,3.3,ms,,,garage,flat,3.2
"stage 1 - building 2510 - 41.973034, 21.548476",2510,41.973034,21.548476,0,R,3862.7,house,2,13.1,10.0,6.2,ms,,,house,gable,7.0
"stage 1 - building 2511 - 41.972475, 21.550098",2511,41.972475,21.550098,0,R,3829.4,house,1,8.2,7.1,3.3,ms,,,house,gable,7.0
"stage 1 - building 2512 - 41.974500, 21.544130",2512,41.974500,21.544130,0,R,3980.3,house,1,10.4,9.0,3.3,ms,,,house,gable,7.0
"stage 1 - building 2513 - 41.974409, 21.544359",2513,41.974409,21.544359,0,R,3974.3,house,1,12.8,6.9,3.3,ms,,,house,gable,7.0
"stage 1 - building 2514 - 41.974362, 21.544472",2514,41.974362,21.544472,0,R,3971.5,house,1,11.4,10.4,3.3,ms,,,house,gable,7.0
"stage 1 - building 2515 - 41.973861, 21.545942",2515,41.973861,21.545942,0,R,3929.1,house,2,14.9,5.3,6.2,ms,,,house,gable,7.0
"stage 1 - building 2516 - 41.973343, 21.547403",2516,41.973343,21.547403,0,R,3892.8,house,2,13.8,12.8,6.2,ms,,,house,gable,7.0
"stage 1 - building 2517 - 41.973720, 21.546273",2517,41.973720,21.546273,0,R,3922.5,house,2,8.4,7.9,6.2,ms,,,house,gable,7.0
"stage 1 - building 2518 - 41.974416, 21.544218",2518,41.974416,21.544218,0,R,3981.9,flat,1,7.3,3.8,2.7,ms,,,garage,flat,3.2
"stage 1 - building 2519 - 41.972819, 21.548802",2519,41.972819,21.548802,0,R,3864.5,house,2,16.6,16.5,6.2,ms,,,house,gable,7.0
"stage 1 - building 2520 - 41.973087, 21.547976",2520,41.973087,21.547976,0,R,3884.3,house,1,11.2,4.2,3.3,ms,,,house,gable,7.0
"stage 1 - building 2521 - 41.972737, 21.549001",2521,41.972737,21.549001,0,R,3861.5,house,2,15.6,11.6,6.2,ms,,,house,gable,7.0
"stage 1 - building 2522 - 41.972930, 21.548426",2522,41.972930,21.548426,0,R,3874.3,house,1,9.6,9.1,3.3,ms,,,house,gable,7.0
"stage 1 - building 2523 - 41.974507, 21.543749",2523,41.974507,21.543749,0,R,4001.8,house,1,7.4,4.8,3.3,ms,,,garage,flat,3.2
"stage 1 - building 2524 - 41.973671, 21.546154",2524,41.973671,21.546154,0,R,3933.1,flat,1,8.3,3.2,2.7,ms,,,garage,flat,3.2
"stage 1 - building 2525 - 41.973174, 21.547571",2525,41.973174,21.547571,0,R,3898.2,house,1,7.7,4.5,3.3,ms,,,garage,flat,3.2
"stage 1 - building 2526 - 41.973206, 21.547472",2526,41.973206,21.547472,0,R,3900.7,flat,1,4.9,3.1,2.7,ms,,,garage,flat,3.2
"stage 1 - building 2527 - 41.972353, 21.549909",2527,41.972353,21.549909,0,R,3849.6,house,2,11.8,11.4,6.2,ms,,,house,gable,7.0
"stage 1 - building 2528 - 41.973460, 21.546643",2528,41.973460,21.546643,0,R,3924.0,house,2,15.9,11.9,6.2,ms,,,house,gable,7.0
"stage 1 - building 2529 - 41.974323, 21.544068",2529,41.974323,21.544068,0,R,3997.9,flat,1,4.0,3.7,2.7,ms,,,garage,flat,3.2
"stage 1 - building 2530 - 41.973632, 21.546084",2530,41.973632,21.546084,0,R,3940.2,flat,1,6.1,3.9,2.7,ms,,,garage,flat,3.2
"stage 1 - building 2531 - 41.972446, 21.549574",2531,41.972446,21.549574,0,R,3858.1,house,2,14.2,5.8,6.2,ms,,,house,gable,7.0
"stage 1 - building 2532 - 41.973729, 21.545777",2532,41.973729,21.545777,0,R,3949.2,house,1,12.5,10.3,3.3,osm,671598101,house,house,gable,7.0
"stage 1 - building 2533 - 41.972633, 21.548978",2533,41.972633,21.548978,0,R,3871.7,flat,1,8.0,3.8,2.7,ms,,,garage,flat,3.2
"stage 1 - building 2534 - 41.973207, 21.547273",2534,41.973207,21.547273,0,R,3911.3,house,1,16.6,10.3,3.3,ms,,,house,gable,7.0
"stage 1 - building 2535 - 41.974416, 21.543713",2535,41.974416,21.543713,0,R,4011.1,house,1,11.5,11.0,3.3,ms,,,house,gable,7.0
"stage 1 - building 2536 - 41.972655, 21.548871",2536,41.972655,21.548871,0,R,3875.3,house,1,9.6,3.9,3.3,ms,,,garage,flat,3.2
"stage 1 - building 2537 - 41.972702, 21.548710",2537,41.972702,21.548710,0,R,3879.4,house,2,17.4,7.8,6.2,ms,,,row,flat,9.5
"stage 1 - building 2538 - 41.972327, 21.549737",2538,41.972327,21.549737,0,R,3860.4,house,2,10.3,8.8,6.2,ms,,,house,gable,7.0
"stage 1 - building 2539 - 41.974304, 21.543900",2539,41.974304,21.543900,0,R,4009.2,house,2,12.6,11.6,6.2,ms,,,house,gable,7.0
"stage 1 - building 2540 - 41.972582, 21.548953",2540,41.972582,21.548953,0,R,3877.5,house,1,12.9,5.9,3.3,ms,,,row,flat,9.5
"stage 1 - building 2541 - 41.973507, 21.546215",2541,41.973507,21.546215,0,R,3943.4,house,1,16.5,13.8,3.3,ms,,,house,gable,7.0
"stage 1 - building 2542 - 41.974235, 21.544041",2542,41.974235,21.544041,0,R,4006.5,house,1,12.8,10.8,3.3,ms,,,house,gable,7.0
"stage 1 - building 2543 - 41.973690, 21.545641",2543,41.973690,21.545641,0,R,3960.0,house,1,10.1,10.0,3.3,osm,671598099,house,house,gable,7.0
"stage 1 - building 2544 - 41.972241, 21.549891",2544,41.972241,21.549891,0,R,3860.5,flat,1,6.2,3.3,2.7,ms,,,garage,flat,3.2
"stage 1 - building 2545 - 41.972478, 21.549189",2545,41.972478,21.549189,0,R,3874.6,house,2,10.9,9.7,6.2,ms,,,row,flat,9.5
"stage 1 - building 2546 - 41.973342, 21.546609",2546,41.973342,21.546609,0,R,3935.6,house,1,10.6,9.1,3.3,ms,,,row,flat,9.5
"stage 1 - building 2547 - 41.973569, 21.545882",2547,41.973569,21.545882,0,R,3956.5,house,1,14.7,9.6,3.3,ms,,,house,gable,7.0
"stage 1 - building 2548 - 41.972940, 21.547732",2548,41.972940,21.547732,0,R,3909.7,flat,1,5.2,4.5,2.7,ms,,,garage,flat,3.2
"stage 1 - building 2549 - 41.972886, 21.547876",2549,41.972886,21.547876,0,R,3906.8,house,1,9.8,4.6,3.3,ms,,,garage,flat,3.2
"stage 1 - building 2550 - 41.973749, 21.545325",2550,41.973749,21.545325,0,R,3972.8,house,1,11.9,4.4,3.3,ms,,,house,gable,7.0
"stage 1 - building 2551 - 41.973085, 21.547275",2551,41.973085,21.547275,0,R,3921.5,flat,1,6.6,3.4,2.7,ms,,,garage,flat,3.2
"stage 1 - building 2552 - 41.972599, 21.548680",2552,41.972599,21.548680,0,R,3889.9,flat,1,34.3,14.1,7.0,ms,,,row,flat,9.5
"stage 1 - building 2553 - 41.973238, 21.546698",2553,41.973238,21.546698,0,R,3939.5,house,1,7.9,5.7,3.3,ms,,,house,gable,7.0
"stage 1 - building 2554 - 41.974096, 21.544174",2554,41.974096,21.544174,0,R,4010.0,house,2,13.4,11.0,6.2,ms,,,house,gable,7.0
"stage 1 - building 2555 - 41.972379, 21.549183",2555,41.972379,21.549183,0,R,3883.6,house,2,16.4,10.1,6.2,ms,,,row,flat,9.5
"stage 1 - building 2556 - 41.972806, 21.547894",2556,41.972806,21.547894,0,R,3912.7,house,1,9.8,8.0,3.3,ms,,,house,gable,7.0
"stage 1 - building 2557 - 41.972105, 21.549949",2557,41.972105,21.549949,0,R,3869.7,house,2,11.3,9.7,6.2,ms,,,house,gable,7.0
"stage 1 - building 2558 - 41.972236, 21.549559",2558,41.972236,21.549559,0,R,3877.4,house,2,11.7,8.9,6.2,ms,,,house,gable,7.0
"stage 1 - building 2559 - 41.973267, 21.546525",2559,41.973267,21.546525,0,R,3946.5,house,1,11.7,8.9,3.3,ms,,,row,flat,9.5
"stage 1 - building 2560 - 41.973535, 21.545694",2560,41.973535,21.545694,0,R,3969.8,house,2,12.0,9.3,6.2,ms,,,house,gable,7.0
"stage 1 - building 2561 - 41.973366, 21.546168",2561,41.973366,21.546168,0,R,3957.7,house,2,19.7,11.8,6.2,ms,,,house,gable,7.0
"stage 1 - building 2562 - 41.972293, 21.549301",2562,41.972293,21.549301,0,R,3885.2,flat,1,6.2,4.0,2.7,ms,,,garage,flat,3.2
"stage 1 - building 2563 - 41.973459, 21.545786",2563,41.973459,21.545786,0,R,3971.0,flat,1,4.8,2.7,2.7,ms,,,garage,flat,3.2
"stage 1 - building 2564 - 41.973609, 21.545318",2564,41.973609,21.545318,0,R,3984.6,house,2,12.9,11.0,6.2,osm,671598104,house,house,gable,7.0
"stage 1 - building 2565 - 41.972473, 21.548659",2565,41.972473,21.548659,0,R,3902.0,flat,1,4.5,3.7,2.7,ms,,,garage,flat,3.2
"stage 1 - building 2566 - 41.973163, 21.546610",2566,41.973163,21.546610,0,R,3950.6,house,1,7.8,6.6,3.3,ms,,,house,gable,7.0
"stage 1 - building 2567 - 41.972507, 21.548487",2567,41.972507,21.548487,0,R,3907.9,flat,1,5.7,4.0,2.7,ms,,,garage,flat,3.2
"stage 1 - building 2568 - 41.973185, 21.546471",2568,41.973185,21.546471,0,R,3956.3,house,1,13.7,8.8,3.3,ms,,,row,flat,9.5
"stage 1 - building 2569 - 41.974060, 21.543863",2569,41.974060,21.543863,0,R,4030.7,flat,1,5.7,4.7,2.7,ms,,,garage,flat,3.2
"stage 1 - building 2570 - 41.973259, 21.546195",2570,41.973259,21.546195,0,R,3965.2,house,2,15.2,6.3,6.2,ms,,,row,flat,9.5
"stage 1 - building 2571 - 41.972116, 21.549532",2571,41.972116,21.549532,0,R,3889.3,house,1,12.0,3.3,3.3,ms,,,garage,flat,3.2
"stage 1 - building 2572 - 41.973050, 21.546768",2572,41.973050,21.546768,0,R,3951.7,house,1,7.1,6.8,3.3,ms,,,house,gable,7.0
"stage 1 - building 2573 - 41.973085, 21.546648",2573,41.973085,21.546648,0,R,3955.1,house,1,9.8,3.4,3.3,ms,,,garage,flat,3.2
"stage 1 - building 2574 - 41.973465, 21.545477",2574,41.973465,21.545477,0,R,3987.6,house,1,13.5,8.4,3.3,ms,,,house,gable,7.0
"stage 1 - building 2575 - 41.972209, 21.549172",2575,41.972209,21.549172,0,R,3899.2,house,2,13.2,12.7,6.2,ms,,,house,gable,7.0
"stage 1 - building 2576 - 41.973366, 21.545703",2576,41.973366,21.545703,0,R,3983.2,house,1,14.6,9.4,3.3,ms,,,house,gable,7.0
"stage 1 - building 2577 - 41.973091, 21.546464",2577,41.973091,21.546464,0,R,3964.6,house,2,17.8,8.4,6.2,ms,,,row,flat,9.5
"stage 1 - building 2578 - 41.972126, 21.549259",2578,41.972126,21.549259,0,R,3902.1,flat,1,5.5,4.9,2.7,ms,,,garage,flat,3.2
"stage 1 - building 2579 - 41.973260, 21.545915",2579,41.973260,21.545915,0,R,3980.4,house,1,10.1,4.4,3.3,ms,,,garage,flat,3.2
"stage 1 - building 2580 - 41.973561, 21.545012",2580,41.973561,21.545012,0,R,4005.7,house,1,6.6,5.0,3.3,ms,,,garage,flat,3.2
"stage 1 - building 2581 - 41.973446, 21.545348",2581,41.973446,21.545348,0,R,3996.3,house,1,10.5,7.6,3.3,osm,671598102,house,house,gable,7.0
"stage 1 - building 2582 - 41.973200, 21.546068",2582,41.973200,21.546068,0,R,3977.0,house,2,10.8,9.6,6.2,ms,,,row,flat,9.5
"stage 1 - building 2583 - 41.972648, 21.547589",2583,41.972648,21.547589,0,R,3942.3,house,1,6.3,5.0,3.3,ms,,,garage,flat,3.2
"stage 1 - building 2584 - 41.974017, 21.543544",2584,41.974017,21.543544,0,R,4052.6,flat,1,5.2,5.0,2.7,ms,,,garage,flat,3.2
"stage 1 - building 2585 - 41.973922, 21.543816",2585,41.973922,21.543816,0,R,4044.4,house,2,11.4,9.8,6.2,ms,,,house,gable,7.0
"stage 1 - building 2586 - 41.972556, 21.547774",2586,41.972556,21.547774,0,R,3940.6,house,2,13.8,11.5,6.2,ms,,,row,flat,9.5
"stage 1 - building 2587 - 41.973319, 21.545514",2587,41.973319,21.545514,0,R,3997.5,flat,1,6.8,3.9,2.7,ms,,,garage,flat,3.2
"stage 1 - building 2588 - 41.973014, 21.546394",2588,41.973014,21.546394,0,R,3974.9,house,2,14.5,8.8,6.2,ms,,,row,flat,9.5
"stage 1 - building 2589 - 41.972048, 21.549217",2589,41.972048,21.549217,0,R,3911.1,house,2,10.9,9.8,6.2,ms,,,house,gable,7.0
"stage 1 - building 2590 - 41.973131, 21.545959",2590,41.973131,21.545959,0,R,3988.7,house,2,19.2,9.4,6.2,ms,,,row,flat,9.5
"stage 1 - building 2591 - 41.973716, 21.544230",2591,41.973716,21.544230,0,R,4037.3,house,2,12.4,6.8,6.2,ms,,,house,gable,7.0
"stage 1 - building 2592 - 41.973276, 21.545513",2592,41.973276,21.545513,0,R,4001.2,house,1,7.6,4.7,3.3,ms,,,garage,flat,3.2
"stage 1 - building 2593 - 41.973486, 21.544869",2593,41.973486,21.544869,0,R,4019.8,house,2,14.5,11.1,6.2,ms,,,house,gable,7.0
"stage 1 - building 2594 - 41.973387, 21.545155",2594,41.973387,21.545155,0,R,4011.9,house,2,11.7,9.3,6.2,osm,671598108,house,house,gable,7.0
"stage 1 - building 2595 - 41.973913, 21.543574",2595,41.973913,21.543574,0,R,4059.1,house,1,13.7,11.0,3.3,ms,,,house,gable,7.0
"stage 1 - building 2596 - 41.972952, 21.546362",2596,41.972952,21.546362,0,R,3981.8,flat,1,5.3,4.3,2.7,ms,,,garage,flat,3.2
"stage 1 - building 2597 - 41.972462, 21.547738",2597,41.972462,21.547738,0,R,3950.5,house,1,12.1,8.9,3.3,ms,,,row,flat,9.5
"stage 1 - building 2598 - 41.972092, 21.548774",2598,41.972092,21.548774,0,R,3929.6,house,2,14.2,9.8,6.2,ms,,,house,gable,7.0
"stage 1 - building 2599 - 41.973278, 21.545274",2599,41.973278,21.545274,0,R,4014.2,flat,1,7.7,2.7,2.7,ms,,,garage,flat,3.2
"stage 1 - building 2600 - 41.973112, 21.545744",2600,41.973112,21.545744,0,R,4002.1,house,1,8.3,4.6,3.3,ms,,,garage,flat,3.2
"stage 1 - building 2601 - 41.972976, 21.546107",2601,41.972976,21.546107,0,R,3993.6,house,2,13.1,10.0,6.2,ms,,,house,gable,7.0
"stage 1 - building 2602 - 41.972227, 21.548309",2602,41.972227,21.548309,0,R,3941.5,house,2,12.1,6.6,6.2,ms,,,house,gable,7.0
"stage 1 - building 2603 - 41.972324, 21.548017",2603,41.972324,21.548017,0,R,3948.0,house,2,31.2,7.5,6.2,ms,,,house,gable,7.0
"stage 1 - building 2604 - 41.973048, 21.545851",2604,41.973048,21.545851,0,R,4001.6,house,2,10.8,9.8,6.2,ms,,,house,gable,7.0
"stage 1 - building 2605 - 41.973762, 21.543744",2605,41.973762,21.543744,0,R,4061.4,house,1,15.0,7.8,3.3,ms,,,row,flat,9.5
"stage 1 - building 2606 - 41.973209, 21.545279",2606,41.973209,21.545279,0,R,4019.7,flat,1,7.0,3.7,2.7,ms,,,garage,flat,3.2
"stage 1 - building 2607 - 41.973251, 21.545123",2607,41.973251,21.545123,0,R,4024.8,flat,1,5.1,4.3,2.7,ms,,,garage,flat,3.2
"stage 1 - building 2608 - 41.972801, 21.546402",2608,41.972801,21.546402,0,R,3992.4,house,1,12.3,10.3,3.3,ms,,,house,gable,7.0
"stage 1 - building 2609 - 41.972051, 21.548603",2609,41.972051,21.548603,0,R,3941.8,flat,1,4.1,3.1,2.7,ms,,,garage,flat,3.2
"stage 1 - building 2610 - 41.973058, 21.545611",2610,41.973058,21.545611,0,R,4013.9,house,1,15.0,11.9,3.3,ms,,,house,gable,7.0
"stage 1 - building 2611 - 41.973281, 21.544954",2611,41.973281,21.544954,0,R,4031.9,flat,1,6.3,2.7,2.7,ms,,,garage,flat,3.2
"stage 1 - building 2612 - 41.972109, 21.548383",2612,41.972109,21.548383,0,R,3947.9,flat,1,5.3,4.9,2.7,ms,,,garage,flat,3.2
"stage 1 - building 2613 - 41.972339, 21.547688",2613,41.972339,21.547688,0,R,3963.8,house,1,11.5,9.2,3.3,ms,,,house,gable,7.0
"stage 1 - building 2614 - 41.972405, 21.547473",2614,41.972405,21.547473,0,R,3969.3,house,2,10.3,6.0,6.2,ms,,,house,gable,7.0
"stage 1 - building 2615 - 41.972873, 21.546071",2615,41.972873,21.546071,0,R,4004.3,house,1,14.2,10.1,3.3,ms,,,house,gable,7.0
"stage 1 - building 2616 - 41.973109, 21.545342",2616,41.973109,21.545342,0,R,4024.5,house,1,10.0,8.6,3.3,ms,,,house,gable,7.0
"stage 1 - building 2617 - 41.973664, 21.543684",2617,41.973664,21.543684,0,R,4072.7,house,1,16.8,14.4,3.3,ms,,,row,flat,9.5
"stage 1 - building 2618 - 41.972167, 21.548085",2618,41.972167,21.548085,0,R,3958.1,house,1,16.4,10.1,3.3,ms,,,house,gable,7.0
"stage 1 - building 2619 - 41.973059, 21.545457",2619,41.973059,21.545457,0,R,4022.3,house,2,15.9,8.5,6.2,ms,,,house,gable,7.0
"stage 1 - building 2620 - 41.972247, 21.547808",2620,41.972247,21.547808,0,R,3965.5,house,1,8.5,6.2,3.3,ms,,,house,gable,7.0
"stage 1 - building 2621 - 41.973121, 21.545188",2621,41.973121,21.545188,0,R,4032.0,house,2,13.9,13.5,6.2,ms,,,house,gable,7.0
"stage 1 - building 2622 - 41.973159, 21.545040",2622,41.973159,21.545040,0,R,4037.1,house,2,11.4,10.7,6.2,ms,,,row,flat,9.5
"stage 1 - building 2623 - 41.972896, 21.545813",2623,41.972896,21.545813,0,R,4016.3,house,2,10.8,10.3,6.2,ms,,,house,gable,7.0
"stage 1 - building 2624 - 41.973474, 21.544055",2624,41.973474,21.544055,0,R,4066.8,house,1,9.5,5.4,3.3,ms,,,house,gable,7.0
"stage 1 - building 2625 - 41.972816, 21.545929",2625,41.972816,21.545929,0,R,4016.8,house,2,11.7,9.3,6.2,ms,,,house,gable,7.0
"stage 1 - building 2626 - 41.973350, 21.544353",2626,41.973350,21.544353,0,R,4060.0,house,1,15.8,12.3,3.3,ms,,,house,gable,7.0
"stage 1 - building 2627 - 41.973141, 21.544916",2627,41.973141,21.544916,0,R,4045.5,house,1,13.2,6.7,3.3,ms,,,row,flat,9.5
"stage 1 - building 2628 - 41.973240, 21.544525",2628,41.973240,21.544525,0,R,4059.2,flat,1,4.7,3.9,2.7,ms,,,garage,flat,3.2
"stage 1 - building 2629 - 41.972091, 21.547817",2629,41.972091,21.547817,0,R,3978.6,house,1,10.8,10.3,3.3,ms,,,house,gable,7.0
"stage 1 - building 2630 - 41.972233, 21.547386",2630,41.972233,21.547386,0,R,3988.6,flat,1,5.7,4.0,2.7,ms,,,garage,flat,3.2
"stage 1 - building 2631 - 41.972595, 21.546309",2631,41.972595,21.546309,0,R,4014.8,house,2,16.8,10.6,6.2,ms,,,house,gable,7.0
"stage 1 - building 2632 - 41.972150, 21.547612",2632,41.972150,21.547612,0,R,3984.1,flat,1,20.7,15.8,7.0,ms,,,house,gable,7.0
"stage 1 - building 2633 - 41.973177, 21.544534",2633,41.973177,21.544534,0,R,4063.8,house,1,6.4,6.4,3.3,ms,,,garage,flat,3.2
"stage 1 - building 2634 - 41.973139, 21.544639",2634,41.973139,21.544639,0,R,4061.1,house,1,11.6,10.8,3.3,ms,,,house,gable,7.0
"stage 1 - building 2635 - 41.973080, 21.544802",2635,41.973080,21.544802,0,R,4056.8,house,1,8.4,6.8,3.3,ms,,,house,gable,7.0
"stage 1 - building 2636 - 41.972504, 21.546482",2636,41.972504,21.546482,0,R,4013.2,house,2,12.2,6.3,6.2,ms,,,house,gable,7.0
"stage 1 - building 2637 - 41.972812, 21.545517",2637,41.972812,21.545517,0,R,4039.6,house,1,11.5,10.6,3.3,ms,,,house,gable,7.0
"stage 1 - building 2638 - 41.972767, 21.545639",2638,41.972767,21.545639,0,R,4036.6,house,2,18.3,8.6,6.2,ms,,,house,gable,7.0
"stage 1 - building 2639 - 41.972151, 21.547430",2639,41.972151,21.547430,0,R,3993.4,house,1,6.1,5.0,3.3,ms,,,garage,flat,3.2
"stage 1 - building 2640 - 41.972581, 21.546166",2640,41.972581,21.546166,0,R,4023.7,flat,1,6.1,4.3,2.7,ms,,,garage,flat,3.2
"stage 1 - building 2641 - 41.972185, 21.547330",2641,41.972185,21.547330,0,R,3995.7,house,1,6.1,5.3,3.3,ms,,,garage,flat,3.2
"stage 1 - building 2642 - 41.972641, 21.545869",2642,41.972641,21.545869,0,R,4034.6,house,2,14.0,8.9,6.2,ms,,,house,gable,7.0
"stage 1 - building 2643 - 41.973231, 21.544126",2643,41.973231,21.544126,0,R,4082.4,flat,1,5.1,3.5,2.7,ms,,,garage,flat,3.2
"stage 1 - building 2644 - 41.972865, 21.545200",2644,41.972865,21.545200,0,R,4052.5,house,1,18.5,5.1,3.3,ms,,,row,flat,9.5
"stage 1 - building 2645 - 41.972837, 21.545255",2645,41.972837,21.545255,0,R,4051.8,house,1,14.0,4.1,3.3,ms,,,row,flat,9.5
"stage 1 - building 2646 - 41.972439, 21.546348",2646,41.972439,21.546348,0,R,4025.8,house,1,8.6,4.3,3.3,ms,,,garage,flat,3.2
"stage 1 - building 2647 - 41.972869, 21.545054",2647,41.972869,21.545054,0,R,4060.2,house,1,13.1,4.1,3.3,ms,,,house,gable,7.0
"stage 1 - building 2648 - 41.972381, 21.546452",2648,41.972381,21.546452,0,R,4025.2,house,2,12.9,8.6,6.2,ms,,,house,gable,7.0
"stage 1 - building 2649 - 41.973053, 21.544446",2649,41.973053,21.544446,0,R,4078.9,flat,1,6.0,3.0,2.7,ms,,,garage,flat,3.2
"stage 1 - building 2650 - 41.972529, 21.545962",2650,41.972529,21.545962,0,R,4039.0,house,2,12.7,8.0,6.2,ms,,,house,gable,7.0
"stage 1 - building 2651 - 41.972445, 21.546206",2651,41.972445,21.546206,0,R,4033.0,house,2,15.1,11.6,6.2,ms,,,house,gable,7.0
"stage 1 - building 2652 - 41.972586, 21.545720",2652,41.972586,21.545720,0,R,4047.4,flat,1,7.0,3.9,2.7,ms,,,garage,flat,3.2
"stage 1 - building 2653 - 41.972556, 21.545778",2653,41.972556,21.545778,0,R,4046.7,flat,1,5.1,3.5,2.7,ms,,,garage,flat,3.2
"stage 1 - building 2654 - 41.972693, 21.545358",2654,41.972693,21.545358,0,R,4058.1,house,1,8.5,3.6,3.3,ms,,,garage,flat,3.2
"stage 1 - building 2655 - 41.972906, 21.544691",2655,41.972906,21.544691,0,R,4077.3,house,2,9.3,8.8,6.2,ms,,,house,gable,7.0
"stage 1 - building 2656 - 41.972347, 21.546305",2656,41.972347,21.546305,0,R,4036.0,house,1,8.9,4.4,3.3,ms,,,garage,flat,3.2
"stage 1 - building 2657 - 41.972824, 21.544858",2657,41.972824,21.544858,0,R,4074.8,house,2,13.7,12.5,6.2,ms,,,house,gable,7.0
"stage 1 - building 2658 - 41.972931, 21.544537",2658,41.972931,21.544537,0,R,4083.9,house,2,13.4,10.0,6.2,ms,,,house,gable,7.0
"stage 1 - building 2659 - 41.973049, 21.544164",2659,41.973049,21.544164,0,R,4095.1,flat,1,4.2,3.0,2.7,ms,,,garage,flat,3.2
"stage 1 - building 2660 - 41.972576, 21.545539",2660,41.972576,21.545539,0,R,4058.1,flat,1,4.7,3.5,2.7,ms,,,garage,flat,3.2
"stage 1 - building 2661 - 41.972473, 21.545793",2661,41.972473,21.545793,0,R,4052.9,house,1,9.7,8.9,3.3,ms,,,house,gable,7.0
"stage 1 - building 2662 - 41.972295, 21.546275",2662,41.972295,21.546275,0,R,4042.0,house,1,9.4,3.7,3.3,ms,,,garage,flat,3.2
"stage 1 - building 2663 - 41.972926, 21.544375",2663,41.972926,21.544375,0,R,4093.3,house,2,10.3,10.2,6.2,ms,,,house,gable,7.0
"stage 1 - building 2664 - 41.972697, 21.545038",2664,41.972697,21.545038,0,R,4075.4,house,1,8.9,4.2,3.3,ms,,,garage,flat,3.2
"stage 1 - building 2665 - 41.972903, 21.544254",2665,41.972903,21.544254,0,R,4102.0,house,1,9.4,8.2,3.3,ms,,,house,gable,7.0
"stage 1 - building 2666 - 41.972409, 21.545669",2666,41.972409,21.545669,0,R,4065.0,flat,1,7.0,3.3,2.7,ms,,,garage,flat,3.2
"stage 1 - building 2667 - 41.972350, 21.545774",2667,41.972350,21.545774,0,R,4064.3,house,2,14.3,10.4,6.2,ms,,,house,gable,7.0
"stage 1 - building 2668 - 41.972233, 21.546078",2668,41.972233,21.546078,0,R,4057.9,house,2,9.8,9.2,6.2,ms,,,house,gable,7.0
"stage 1 - building 2669 - 41.972769, 21.544484",2669,41.972769,21.544484,0,R,4100.2,flat,1,6.0,3.2,2.7,ms,,,garage,flat,3.2
"stage 1 - building 2670 - 41.972884, 21.544115",2670,41.972884,21.544115,0,R,4111.3,house,2,18.1,14.6,6.2,ms,,,house,gable,7.0
"stage 1 - building 2671 - 41.973006, 21.543718",2671,41.973006,21.543718,0,R,4123.7,house,2,15.2,8.9,6.2,ms,,,house,gable,7.0
"stage 1 - building 2672 - 41.972662, 21.544706",2672,41.972662,21.544706,0,R,4096.6,house,2,15.7,14.8,6.2,ms,,,house,gable,7.0
"stage 1 - building 2673 - 41.973059, 21.543506",2673,41.973059,21.543506,0,R,4131.5,flat,1,6.7,3.3,2.7,ms,,,garage,flat,3.2
"stage 1 - building 2674 - 41.972055, 21.546449",2674,41.972055,21.546449,0,R,4053.2,flat,1,4.9,3.8,2.7,ms,,,garage,flat,3.2
"stage 1 - building 2675 - 41.972072, 21.546342",2675,41.972072,21.546342,0,R,4057.4,flat,1,23.1,13.2,7.0,ms,,,row,flat,9.5
"stage 1 - building 2676 - 41.972697, 21.544492",2676,41.972697,21.544492,0,R,4105.6,house,1,7.1,7.0,3.3,ms,,,house,gable,7.0
"stage 1 - building 2677 - 41.972761, 21.544274",2677,41.972761,21.544274,0,R,4112.5,flat,1,4.4,3.3,2.7,ms,,,garage,flat,3.2
"stage 1 - building 2678 - 41.972973, 21.543562",2678,41.972973,21.543562,0,R,4135.3,house,1,9.3,7.3,3.3,ms,,,house,gable,7.0
"stage 1 - building 2679 - 41.972606, 21.544354",2679,41.972606,21.544354,0,R,4120.7,house,1,18.8,11.9,3.3,ms,,,house,gable,7.0
"stage 1 - building 2680 - 41.972152, 21.545330",2680,41.972152,21.545330,0,R,4105.0,house,1,11.5,7.3,3.3,ms,,,house,gable,7.0
"stage 1 - building 2681 - 41.972474, 21.544174",2681,41.972474,21.544174,0,R,4141.7,house,2,12.1,10.9,6.2,ms,,,house,gable,7.0
"stage 1 - building 2682 - 41.972054, 21.545145",2682,41.972054,21.545145,0,R,4123.2,house,1,7.6,7.2,3.3,ms,,,house,gable,7.0
"stage 1 - building 2683 - 41.972352, 21.544081",2683,41.972352,21.544081,0,R,4156.9,house,2,12.2,11.9,6.2,ms,,,house,gable,7.0
"stage 1 - building 2684 - 41.972277, 21.544235",2684,41.972277,21.544235,0,R,4154.5,house,1,9.5,8.2,3.3,ms,,,house,gable,7.0
"stage 1 - building 2685 - 41.972208, 21.544156",2685,41.972208,21.544156,0,R,4164.6,flat,1,5.4,3.7,2.7,ms,,,garage,flat,3.2
"stage 1 - building 2686 - 41.972236, 21.543954",2686,41.972236,21.543954,0,R,4173.5,house,2,19.5,14.8,6.2,ms,,,house,gable,7.0
"stage 1 - building 2687 - 41.972089, 21.544029",2687,41.972089,21.544029,0,R,4181.4,house,1,7.6,4.8,3.3,ms,,,garage,flat,3.2
"stage 1 - building 2688 - 41.972172, 21.543745",2688,41.972172,21.543745,0,R,4190.3,flat,1,6.3,3.1,2.7,ms,,,garage,flat,3.2
"stage 1 - building 2689 - 41.972141, 21.543830",2689,41.972141,21.543830,0,R,4188.1,house,1,11.2,8.8,3.3,ms,,,house,gable,7.0
"stage 1 - building 2690 - 41.994893, 21.574569",2690,41.994893,21.574569,1,R,636.0,house,2,12.8,9.9,6.2,ms,,,house,gable,7.0
"stage 1 - building 2691 - 41.992424, 21.573078",2691,41.992424,21.573078,1,R,936.8,house,2,9.7,8.5,6.2,ms,,,house,gable,7.0
"stage 1 - building 2692 - 41.990990, 21.572181",2692,41.990990,21.572181,1,R,1112.5,house,2,10.1,6.7,6.2,ms,,,row,flat,9.5
"stage 1 - building 2693 - 41.990914, 21.572140",2693,41.990914,21.572140,1,R,1121.6,house,2,11.8,7.0,6.2,ms,,,row,flat,9.5
"stage 1 - building 2694 - 41.990070, 21.571644",2694,41.990070,21.571644,1,R,1224.0,flat,1,27.6,23.6,7.0,ms,,,commercial,flat,7.0
"stage 1 - building 2695 - 41.995520, 21.575000",2695,41.995520,21.575000,2,R,557.8,house,1,6.4,5.8,3.3,ms,,,garage,flat,3.2
"stage 1 - building 2696 - 41.994716, 21.574497",2696,41.994716,21.574497,2,R,656.4,house,1,14.8,9.9,3.3,osm,155686284,yes,house,gable,7.0
"stage 1 - building 2697 - 41.994214, 21.574225",2697,41.994214,21.574225,2,R,716.5,house,2,12.8,10.3,6.2,ms,,,row,flat,9.5
"stage 1 - building 2698 - 41.994136, 21.574147",2698,41.994136,21.574147,2,R,727.0,house,1,11.2,9.2,3.3,ms,,,row,flat,9.5
"stage 1 - building 2699 - 41.991985, 21.572881",2699,41.991985,21.572881,2,R,987.9,house,2,9.4,6.9,6.2,ms,,,house,gable,7.0
"stage 1 - building 2700 - 41.991868, 21.572759",2700,41.991868,21.572759,2,R,1003.9,house,1,7.0,6.9,3.3,ms,,,house,gable,7.0
"stage 1 - building 2701 - 41.991357, 21.572494",2701,41.991357,21.572494,2,R,1064.7,house,1,19.5,14.0,3.3,ms,,,house,gable,7.0
"stage 1 - building 2702 - 41.991067, 21.572320",2702,41.991067,21.572320,2,R,1099.9,house,1,10.0,5.4,3.3,ms,,,house,gable,7.0
"stage 1 - building 2703 - 41.990483, 21.571947",2703,41.990483,21.571947,2,R,1171.8,house,1,14.7,8.9,3.3,ms,,,house,gable,7.0
"stage 1 - building 2704 - 41.990305, 21.571811",2704,41.990305,21.571811,2,R,1194.4,house,2,12.4,8.8,6.2,ms,,,row,flat,9.5
"stage 1 - building 2705 - 41.995605, 21.575137",2705,41.995605,21.575137,3,R,544.6,house,2,14.8,11.6,6.2,ms,,,house,gable,7.0
"stage 1 - building 2706 - 41.995275, 21.574911",2706,41.995275,21.574911,3,R,585.7,house,2,12.2,11.3,6.2,ms,,,house,gable,7.0
"stage 1 - building 2707 - 41.994335, 21.574358",2707,41.994335,21.574358,3,R,699.7,house,2,12.9,11.3,6.2,ms,,,house,gable,7.0
"stage 1 - building 2708 - 41.993826, 21.574054",2708,41.993826,21.574054,3,R,761.5,house,1,12.7,11.4,3.3,ms,,,house,gable,7.0
"stage 1 - building 2709 - 41.993252, 21.573681",2709,41.993252,21.573681,3,R,832.4,house,2,12.2,9.0,6.2,ms,,,house,gable,7.0
"stage 1 - building 2710 - 41.991566, 21.572689",2710,41.991566,21.572689,3,R,1036.9,house,1,7.6,7.5,3.3,ms,,,house,gable,7.0
"stage 1 - building 2711 - 41.991479, 21.572697",2711,41.991479,21.572697,3,R,1045.5,flat,1,20.6,18.5,7.0,ms,,,house,gable,7.0
"stage 1 - building 2712 - 41.991138, 21.572430",2712,41.991138,21.572430,3,R,1089.1,house,1,14.6,12.2,3.3,ms,,,house,gable,7.0
"stage 1 - building 2713 - 41.990840, 21.572296",2713,41.990840,21.572296,3,R,1123.8,house,2,14.0,12.5,6.2,ms,,,house,gable,7.0
"stage 1 - building 2714 - 41.990264, 21.571897",2714,41.990264,21.571897,3,R,1195.7,house,1,12.8,8.8,3.3,ms,,,row,flat,9.5
"stage 1 - building 2715 - 41.986879, 21.569951",2715,41.986879,21.569951,3,R,1604.7,flat,1,5.2,3.3,2.7,ms,,,garage,flat,3.2
"stage 1 - building 2716 - 41.996163, 21.575478",2716,41.996163,21.575478,4,R,476.5,house,2,13.5,5.5,6.2,ms,,,house,gable,7.0
"stage 1 - building 2717 - 41.996073, 21.575493",2717,41.996073,21.575493,4,R,485.2,flat,1,5.6,3.4,2.7,ms,,,garage,flat,3.2
"stage 1 - building 2718 - 41.995397, 21.575109",2718,41.995397,21.575109,4,R,566.8,house,2,22.3,12.0,6.2,ms,,,house,gable,7.0
"stage 1 - building 2719 - 41.994992, 21.574797",2719,41.994992,21.574797,4,R,618.2,house,1,9.0,6.5,3.3,ms,,,house,gable,7.0
"stage 1 - building 2720 - 41.994112, 21.574348",2720,41.994112,21.574348,4,R,722.8,house,1,11.3,3.8,3.3,ms,,,garage,flat,3.2
"stage 1 - building 2721 - 41.993594, 21.573966",2721,41.993594,21.573966,4,R,788.2,house,2,15.9,10.1,6.2,ms,,,house,gable,7.0
"stage 1 - building 2722 - 41.993464, 21.573917",2722,41.993464,21.573917,4,R,803.0,house,1,14.9,13.6,3.3,ms,,,house,gable,7.0
"stage 1 - building 2723 - 41.993113, 21.573690",2723,41.993113,21.573690,4,R,846.3,house,2,23.8,9.9,6.2,ms,,,house,gable,7.0
"stage 1 - building 2724 - 41.992905, 21.573615",2724,41.992905,21.573615,4,R,869.9,house,2,16.4,11.3,6.2,ms,,,house,gable,7.0
"stage 1 - building 2725 - 41.992230, 21.573244",2725,41.992230,21.573244,4,R,951.0,house,1,8.0,5.3,3.3,ms,,,garage,flat,3.2
"stage 1 - building 2726 - 41.991645, 21.572880",2726,41.991645,21.572880,4,R,1022.5,house,1,8.1,6.0,3.3,ms,,,house,gable,7.0
"stage 1 - building 2727 - 41.991551, 21.572850",2727,41.991551,21.572850,4,R,1033.1,house,2,13.2,7.2,6.2,ms,,,house,gable,7.0
"stage 1 - building 2728 - 41.990916, 21.572432",2728,41.990916,21.572432,4,R,1111.5,house,2,17.1,11.1,6.2,ms,,,house,gable,7.0
"stage 1 - building 2729 - 41.990571, 21.572199",2729,41.990571,21.572199,4,R,1154.4,house,1,12.7,9.9,3.3,ms,,,house,gable,7.0
"stage 1 - building 2730 - 41.990179, 21.572096",2730,41.990179,21.572096,4,R,1197.8,house,2,10.3,8.3,6.2,ms,,,house,gable,7.0
"stage 1 - building 2731 - 41.990117, 21.572041",2731,41.990117,21.572041,4,R,1205.9,house,1,12.8,4.7,3.3,ms,,,house,gable,7.0
"stage 1 - building 2732 - 41.989980, 21.571841",2732,41.989980,21.571841,4,R,1226.5,house,1,13.5,10.0,3.3,ms,,,house,gable,7.0
"stage 1 - building 2733 - 41.986905, 21.570047",2733,41.986905,21.570047,4,R,1598.9,flat,1,5.2,5.1,2.7,ms,,,garage,flat,3.2
"stage 1 - building 2734 - 41.976256, 21.564222",2734,41.976256,21.564222,4,R,2876.2,flat,1,6.5,3.1,2.7,ms,,,garage,flat,3.2
"stage 1 - building 2735 - 41.995989, 21.575489",2735,41.995989,21.575489,5,R,493.9,house,1,12.2,11.6,3.3,ms,,,house,gable,7.0
"stage 1 - building 2736 - 41.995841, 21.575408",2736,41.995841,21.575408,5,R,511.7,house,2,11.1,7.3,6.2,ms,,,house,gable,7.0
"stage 1 - building 2737 - 41.995231, 21.575082",2737,41.995231,21.575082,5,R,584.6,house,1,15.4,11.0,3.3,ms,,,house,gable,7.0
"stage 1 - building 2738 - 41.995091, 21.575019",2738,41.995091,21.575019,5,R,601.0,house,2,10.3,9.7,6.2,ms,,,house,gable,7.0
"stage 1 - building 2739 - 41.994343, 21.574602",2739,41.994343,21.574602,5,R,691.0,house,2,9.3,8.2,6.2,ms,,,house,gable,7.0
"stage 1 - building 2740 - 41.994154, 21.574582",2740,41.994154,21.574582,5,R,711.0,house,1,13.5,12.2,3.3,ms,,,house,gable,7.0
"stage 1 - building 2741 - 41.993994, 21.574417",2741,41.993994,21.574417,5,R,732.6,house,2,28.1,6.3,6.2,ms,,,house,gable,7.0
"stage 1 - building 2742 - 41.993624, 21.574240",2742,41.993624,21.574240,5,R,776.2,flat,1,4.5,4.0,2.7,ms,,,garage,flat,3.2
"stage 1 - building 2743 - 41.993510, 21.574181",2743,41.993510,21.574181,5,R,789.8,house,1,12.1,4.8,3.3,ms,,,house,gable,7.0
"stage 1 - building 2744 - 41.993272, 21.574075",2744,41.993272,21.574075,5,R,817.6,house,2,15.7,5.9,6.2,ms,,,house,gable,7.0
"stage 1 - building 2745 - 41.993205, 21.573935",2745,41.993205,21.573935,5,R,828.8,house,2,11.4,9.7,6.2,ms,,,house,gable,7.0
"stage 1 - building 2746 - 41.992889, 21.573866",2746,41.992889,21.573866,5,R,863.5,house,1,24.9,6.9,3.3,ms,,,house,gable,7.0
"stage 1 - building 2747 - 41.992731, 21.573780",2747,41.992731,21.573780,5,R,882.4,house,1,14.5,12.5,3.3,ms,,,house,gable,7.0
"stage 1 - building 2748 - 41.992689, 21.573596",2748,41.992689,21.573596,5,R,892.6,house,1,12.7,12.5,3.3,ms,,,house,gable,7.0
"stage 1 - building 2749 - 41.992515, 21.573548",2749,41.992515,21.573548,5,R,911.9,house,2,14.7,9.7,6.2,ms,,,house,gable,7.0
"stage 1 - building 2750 - 41.992053, 21.573249",2750,41.992053,21.573249,5,R,968.8,house,1,6.4,6.0,3.3,ms,,,garage,flat,3.2
"stage 1 - building 2751 - 41.991726, 21.573175",2751,41.991726,21.573175,5,R,1004.7,house,1,10.0,8.7,3.3,ms,,,house,gable,7.0
"stage 1 - building 2752 - 41.991651, 21.573089",2752,41.991651,21.573089,5,R,1015.2,house,2,10.2,10.0,6.2,ms,,,house,gable,7.0
"stage 1 - building 2753 - 41.991610, 21.573151",2753,41.991610,21.573151,5,R,1017.4,flat,1,4.2,2.9,2.7,ms,,,garage,flat,3.2
"stage 1 - building 2754 - 41.991561, 21.573127",2754,41.991561,21.573127,5,R,1023.2,flat,1,7.1,4.0,2.7,ms,,,garage,flat,3.2
"stage 1 - building 2755 - 41.991562, 21.573009",2755,41.991562,21.573009,5,R,1026.9,house,2,13.4,10.7,6.2,ms,,,house,gable,7.0
"stage 1 - building 2756 - 41.991284, 21.572819",2756,41.991284,21.572819,5,R,1061.3,house,2,9.1,9.0,6.2,ms,,,house,gable,7.0
"stage 1 - building 2757 - 41.991214, 21.572906",2757,41.991214,21.572906,5,R,1065.7,house,1,7.3,5.7,3.3,ms,,,garage,flat,3.2
"stage 1 - building 2758 - 41.991157, 21.572796",2758,41.991157,21.572796,5,R,1075.1,house,2,14.4,13.0,6.2,ms,,,row,flat,9.5
"stage 1 - building 2759 - 41.990383, 21.572470",2759,41.990383,21.572470,5,R,1164.9,house,2,10.6,10.4,6.2,ms,,,house,gable,7.0
"stage 1 - building 2760 - 41.990286, 21.572378",2760,41.990286,21.572378,5,R,1177.8,house,1,12.3,11.4,3.3,ms,,,house,gable,7.0
"stage 1 - building 2761 - 41.990134, 21.572259",2761,41.990134,21.572259,5,R,1197.2,house,1,15.6,13.3,3.3,ms,,,house,gable,7.0
"stage 1 - building 2762 - 41.989993, 21.572160",2762,41.989993,21.572160,5,R,1214.7,house,2,19.0,15.1,6.2,ms,,,house,gable,7.0
"stage 1 - building 2763 - 41.989848, 21.572097",2763,41.989848,21.572097,5,R,1231.6,house,2,13.4,12.3,6.2,ms,,,house,gable,7.0
"stage 1 - building 2764 - 41.986361, 21.570231",2764,41.986361,21.570231,5,R,1648.6,flat,1,6.6,3.4,2.7,ms,,,garage,flat,3.2
"stage 1 - building 2765 - 41.986197, 21.570163",2765,41.986197,21.570163,5,R,1667.6,house,1,7.0,4.7,3.3,ms,,,garage,flat,3.2
"stage 1 - building 2766 - 41.986055, 21.570170",2766,41.986055,21.570170,5,R,1682.0,house,1,6.9,6.7,3.3,ms,,,house,gable,7.0
"stage 1 - building 2767 - 41.981625, 21.567754",2767,41.981625,21.567754,5,R,2213.2,house,1,15.6,3.6,3.3,ms,,,house,gable,7.0
"stage 1 - building 2768 - 41.981175, 21.567309",2768,41.981175,21.567309,5,R,2273.4,house,1,7.9,4.3,3.3,ms,,,garage,flat,3.2
"stage 1 - building 2769 - 41.995909, 21.575644",2769,41.995909,21.575644,6,R,497.3,house,1,9.9,9.7,3.3,ms,,,house,gable,7.0
"stage 1 - building 2770 - 41.995609, 21.575381",2770,41.995609,21.575381,6,R,536.3,house,2,13.0,12.6,6.2,ms,,,house,gable,7.0
"stage 1 - building 2771 - 41.995445, 21.575372",2771,41.995445,21.575372,6,R,553.5,house,1,10.4,10.0,3.3,ms,,,house,gable,7.0
"stage 1 - building 2772 - 41.995233, 21.575321",2772,41.995233,21.575321,6,R,577.1,house,1,10.9,10.0,3.3,ms,,,house,gable,7.0
"stage 1 - building 2773 - 41.994402, 21.574833",2773,41.994402,21.574833,6,R,677.7,house,1,16.8,7.4,3.3,ms,,,row,flat,9.5
"stage 1 - building 2774 - 41.994311, 21.574801",2774,41.994311,21.574801,6,R,688.0,house,2,16.7,10.5,6.2,ms,,,house,gable,7.0
"stage 1 - building 2775 - 41.994046, 21.574602",2775,41.994046,21.574602,6,R,721.5,house,2,12.0,6.0,6.2,ms,,,house,gable,7.0
"stage 1 - building 2776 - 41.993330, 21.574234",2776,41.993330,21.574234,6,R,806.7,house,1,13.1,3.4,3.3,ms,,,garage,flat,3.2
"stage 1 - building 2777 - 41.993183, 21.574194",2777,41.993183,21.574194,6,R,823.1,flat,1,6.1,2.7,2.7,ms,,,garage,flat,3.2
"stage 1 - building 2778 - 41.993006, 21.574071",2778,41.993006,21.574071,6,R,845.2,house,1,15.5,10.5,3.3,ms,,,house,gable,7.0
"stage 1 - building 2779 - 41.992709, 21.573957",2779,41.992709,21.573957,6,R,879.2,flat,1,7.2,3.5,2.7,ms,,,garage,flat,3.2
"stage 1 - building 2780 - 41.992610, 21.573755",2780,41.992610,21.573755,6,R,895.6,flat,1,5.1,4.5,2.7,ms,,,garage,flat,3.2
"stage 1 - building 2781 - 41.992526, 21.573740",2781,41.992526,21.573740,6,R,904.8,house,1,15.8,6.2,3.3,ms,,,house,gable,7.0
"stage 1 - building 2782 - 41.992334, 21.573756",2782,41.992334,21.573756,6,R,924.1,house,1,13.3,12.2,3.3,ms,,,house,gable,7.0
"stage 1 - building 2783 - 41.992160, 21.573737",2783,41.992160,21.573737,6,R,942.7,house,2,12.3,9.0,6.2,ms,,,house,gable,7.0
"stage 1 - building 2784 - 41.992185, 21.573582",2784,41.992185,21.573582,6,R,944.8,house,1,10.7,9.4,3.3,ms,,,house,gable,7.0
"stage 1 - building 2785 - 41.992089, 21.573520",2785,41.992089,21.573520,6,R,956.6,house,2,11.7,5.3,6.2,ms,,,house,gable,7.0
"stage 1 - building 2786 - 41.991842, 21.573440",2786,41.991842,21.573440,6,R,984.6,flat,1,5.3,4.0,2.7,ms,,,garage,flat,3.2
"stage 1 - building 2787 - 41.991780, 21.573412",2787,41.991780,21.573412,6,R,991.8,house,2,9.4,6.5,6.2,ms,,,house,gable,7.0
"stage 1 - building 2788 - 41.991657, 21.573375",2788,41.991657,21.573375,6,R,1005.6,house,2,11.2,9.3,6.2,ms,,,house,gable,7.0
"stage 1 - building 2789 - 41.991543, 21.573416",2789,41.991543,21.573416,6,R,1016.2,flat,1,5.1,4.4,2.7,ms,,,garage,flat,3.2
"stage 1 - building 2790 - 41.991439, 21.573207",2790,41.991439,21.573207,6,R,1033.3,flat,1,6.3,3.0,2.7,ms,,,garage,flat,3.2
"stage 1 - building 2791 - 41.991398, 21.573338",2791,41.991398,21.573338,6,R,1033.6,house,2,15.4,6.3,6.2,ms,,,house,gable,7.0
"stage 1 - building 2792 - 41.991346, 21.573138",2792,41.991346,21.573138,6,R,1044.9,flat,1,6.8,4.1,2.7,ms,,,garage,flat,3.2
"stage 1 - building 2793 - 41.991263, 21.573301",2793,41.991263,21.573301,6,R,1048.7,house,1,15.0,12.9,3.3,ms,,,house,gable,7.0
"stage 1 - building 2794 - 41.991075, 21.573154",2794,41.991075,21.573154,6,R,1072.5,house,2,11.1,5.6,6.2,ms,,,row,flat,9.5
"stage 1 - building 2795 - 41.991063, 21.572960",2795,41.991063,21.572960,6,R,1079.7,house,1,11.7,5.5,3.3,ms,,,house,gable,7.0
"stage 1 - building 2796 - 41.991006, 21.573077",2796,41.991006,21.573077,6,R,1082.0,house,1,11.8,10.9,3.3,ms,,,row,flat,9.5
"stage 1 - building 2797 - 41.990834, 21.572841",2797,41.990834,21.572841,6,R,1107.0,flat,1,6.0,4.8,2.7,ms,,,garage,flat,3.2
"stage 1 - building 2798 - 41.989094, 21.572207",2798,41.989094,21.572207,6,R,1306.1,house,2,12.6,4.9,6.2,ms,,,house,gable,7.0
"stage 1 - building 2799 - 41.986220, 21.570671",2799,41.986220,21.570671,6,R,1649.7,house,1,6.2,5.1,3.3,ms,,,garage,flat,3.2
"stage 1 - building 2800 - 41.986281, 21.570350",2800,41.986281,21.570350,6,R,1653.1,house,1,7.9,7.7,3.3,ms,,,house,gable,7.0
"stage 1 - building 2801 - 41.986177, 21.570464",2801,41.986177,21.570464,6,R,1660.4,house,1,8.7,4.0,3.3,ms,,,garage,flat,3.2
"stage 1 - building 2802 - 41.986084, 21.570664",2802,41.986084,21.570664,6,R,1664.0,house,2,19.0,7.3,6.2,ms,,,house,gable,7.0
"stage 1 - building 2803 - 41.986071, 21.570305",2803,41.986071,21.570305,6,R,1676.2,house,1,8.0,6.9,3.3,ms,,,house,gable,7.0
"stage 1 - building 2804 - 41.986024, 21.570430",2804,41.986024,21.570430,6,R,1677.2,flat,1,5.7,4.6,2.7,ms,,,garage,flat,3.2
"stage 1 - building 2805 - 41.985678, 21.570419",2805,41.985678,21.570419,6,R,1713.4,house,2,17.0,6.2,6.2,ms,,,house,gable,7.0
"stage 1 - building 2806 - 41.974718, 21.564262",2806,41.974718,21.564262,6,R,3033.0,house,2,20.4,3.5,6.2,ms,,,house,gable,7.0
"stage 1 - building 2807 - 41.996283, 21.575916",2807,41.996283,21.575916,7,R,450.5,house,1,22.7,12.5,3.3,ms,,,house,gable,7.0
"stage 1 - building 2808 - 41.996148, 21.575887",2808,41.996148,21.575887,7,R,465.5,house,2,12.2,11.5,6.2,ms,,,house,gable,7.0
"stage 1 - building 2809 - 41.996002, 21.575909",2809,41.996002,21.575909,7,R,480.1,house,1,12.7,10.4,3.3,ms,,,house,gable,7.0
"stage 1 - building 2810 - 41.995639, 21.575691",2810,41.995639,21.575691,7,R,524.1,house,1,12.0,3.8,3.3,ms,,,house,gable,7.0
"stage 1 - building 2811 - 41.995508, 21.575689",2811,41.995508,21.575689,7,R,537.9,house,1,18.0,7.3,3.3,ms,,,house,gable,7.0
"stage 1 - building 2812 - 41.995267, 21.575567",2812,41.995267,21.575567,7,R,566.5,house,1,12.4,10.8,3.3,ms,,,house,gable,7.0
"stage 1 - building 2813 - 41.995056, 21.575277",2813,41.995056,21.575277,7,R,596.7,flat,1,6.6,4.0,2.7,ms,,,garage,flat,3.2
"stage 1 - building 2814 - 41.995000, 21.575286",2814,41.995000,21.575286,7,R,602.3,house,1,8.0,5.6,3.3,ms,,,garage,flat,3.2
"stage 1 - building 2815 - 41.994074, 21.574913",2815,41.994074,21.574913,7,R,709.5,flat,1,37.7,24.2,7.0,ms,,,commercial,flat,7.0
"stage 1 - building 2816 - 41.993869, 21.574902",2816,41.993869,21.574902,7,R,731.3,flat,1,8.1,2.5,2.7,ms,,,garage,flat,3.2
"stage 1 - building 2817 - 41.993789, 21.574654",2817,41.993789,21.574654,7,R,746.7,house,2,12.4,10.6,6.2,ms,,,house,gable,7.0
"stage 1 - building 2818 - 41.993624, 21.574755",2818,41.993624,21.574755,7,R,761.0,house,1,7.7,6.7,3.3,ms,,,house,gable,7.0
"stage 1 - building 2819 - 41.993553, 21.574754",2819,41.993553,21.574754,7,R,768.5,flat,1,5.9,4.7,2.7,ms,,,garage,flat,3.2
"stage 1 - building 2820 - 41.993484, 21.574572",2820,41.993484,21.574572,7,R,780.8,house,2,17.2,16.5,6.2,ms,,,house,gable,7.0
"stage 1 - building 2821 - 41.993293, 21.574545",2821,41.993293,21.574545,7,R,801.5,flat,1,24.2,16.3,7.0,ms,,,house,gable,7.0
"stage 1 - building 2822 - 41.993212, 21.574357",2822,41.993212,21.574357,7,R,815.2,flat,1,4.9,3.7,2.7,ms,,,garage,flat,3.2
"stage 1 - building 2823 - 41.993061, 21.574545",2823,41.993061,21.574545,7,R,825.8,house,1,11.1,6.4,3.3,ms,,,house,gable,7.0
"stage 1 - building 2824 - 41.992905, 21.574318",2824,41.992905,21.574318,7,R,848.4,flat,1,9.3,3.2,2.7,ms,,,garage,flat,3.2
"stage 1 - building 2825 - 41.992690, 21.574163",2825,41.992690,21.574163,7,R,875.2,house,1,13.6,3.8,3.3,ms,,,house,gable,7.0
"stage 1 - building 2826 - 41.992636, 21.574049",2826,41.992636,21.574049,7,R,884.2,house,1,8.8,5.9,3.3,ms,,,house,gable,7.0
"stage 1 - building 2827 - 41.992378, 21.573953",2827,41.992378,21.573953,7,R,913.7,house,1,12.2,11.1,3.3,ms,,,house,gable,7.0
"stage 1 - building 2828 - 41.992315, 21.574152",2828,41.992315,21.574152,7,R,914.8,house,1,10.7,3.1,3.3,ms,,,garage,flat,3.2
"stage 1 - building 2829 - 41.992238, 21.573950",2829,41.992238,21.573950,7,R,928.5,house,2,14.8,13.8,6.2,ms,,,house,gable,7.0
"stage 1 - building 2830 - 41.991858, 21.573838",2830,41.991858,21.573838,7,R,971.3,flat,1,5.3,3.1,2.7,ms,,,garage,flat,3.2
"stage 1 - building 2831 - 41.991674, 21.573902",2831,41.991674,21.573902,7,R,988.7,flat,1,4.6,3.7,2.7,ms,,,garage,flat,3.2
"stage 1 - building 2832 - 41.991714, 21.573614",2832,41.991714,21.573614,7,R,992.7,house,1,14.1,11.3,3.3,ms,,,house,gable,7.0
"stage 1 - building 2833 - 41.991572, 21.573546",2833,41.991572,21.573546,7,R,1009.4,house,1,12.0,4.3,3.3,ms,,,house,gable,7.0
"stage 1 - building 2834 - 41.991555, 21.573611",2834,41.991555,21.573611,7,R,1009.3,house,1,11.2,5.8,3.3,ms,,,house,gable,7.0
"stage 1 - building 2835 - 41.991366, 21.573445",2835,41.991366,21.573445,7,R,1033.7,house,2,11.0,8.9,6.2,ms,,,row,flat,9.5
"stage 1 - building 2836 - 41.991230, 21.573474",2836,41.991230,21.573474,7,R,1047.1,house,2,15.2,14.9,6.2,ms,,,row,flat,9.5
"stage 1 - building 2837 - 41.991140, 21.573621",2837,41.991140,21.573621,7,R,1052.4,house,1,11.5,10.9,3.3,ms,,,house,gable,7.0
"stage 1 - building 2838 - 41.991057, 21.573342",2838,41.991057,21.573342,7,R,1068.9,house,2,15.7,7.0,6.2,ms,,,house,gable,7.0
"stage 1 - building 2839 - 41.991010, 21.573470",2839,41.991010,21.573470,7,R,1070.2,flat,1,3.7,3.3,2.7,ms,,,garage,flat,3.2
"stage 1 - building 2840 - 41.990951, 21.573315",2840,41.990951,21.573315,7,R,1080.7,house,1,9.5,4.9,3.3,ms,,,house,gable,7.0
"stage 1 - building 2841 - 41.989628, 21.572660",2841,41.989628,21.572660,7,R,1237.4,house,2,10.8,10.6,6.2,ms,,,house,gable,7.0
"stage 1 - building 2842 - 41.989210, 21.572379",2842,41.989210,21.572379,7,R,1289.1,house,1,12.8,3.9,3.3,ms,,,house,gable,7.0
"stage 1 - building 2843 - 41.986142, 21.571287",2843,41.986142,21.571287,7,R,1640.2,house,1,16.1,3.4,3.3,ms,,,house,gable,7.0
"stage 1 - building 2844 - 41.986089, 21.571290",2844,41.986089,21.571290,7,R,1645.8,house,1,13.7,3.7,3.3,ms,,,house,gable,7.0
"stage 1 - building 2845 - 41.986169, 21.570806",2845,41.986169,21.570806,7,R,1651.0,house,2,14.8,5.8,6.2,ms,,,house,gable,7.0
"stage 1 - building 2846 - 41.975072, 21.565415",2846,41.975072,21.565415,7,R,2962.0,flat,1,5.1,3.7,2.7,ms,,,garage,flat,3.2
"stage 1 - building 2847 - 41.973908, 21.565085",2847,41.973908,21.565085,7,R,3092.8,house,1,7.4,4.1,3.3,ms,,,garage,flat,3.2
"stage 1 - building 2848 - 41.996037, 21.576090",2848,41.996037,21.576090,8,R,471.6,house,1,10.6,4.9,3.3,ms,,,house,gable,7.0
"stage 1 - building 2849 - 41.995876, 21.575874",2849,41.995876,21.575874,8,R,494.3,house,2,10.8,10.0,6.2,ms,,,house,gable,7.0
"stage 1 - building 2850 - 41.995647, 21.575895",2850,41.995647,21.575895,8,R,517.8,flat,1,28.8,13.0,7.0,ms,,,house,gable,7.0
"stage 1 - building 2851 - 41.995450, 21.575900",2851,41.995450,21.575900,8,R,538.5,house,2,10.0,9.7,6.2,ms,,,house,gable,7.0
"stage 1 - building 2852 - 41.995276, 21.575767",2852,41.995276,21.575767,8,R,560.3,house,1,19.0,13.0,3.3,ms,,,house,gable,7.0
"stage 1 - building 2853 - 41.995105, 21.575698",2853,41.995105,21.575698,8,R,580.1,house,2,13.6,7.1,6.2,ms,,,house,gable,7.0
"stage 1 - building 2854 - 41.994303, 21.575341",2854,41.994303,21.575341,8,R,674.0,flat,1,4.9,2.8,2.7,ms,,,garage,flat,3.2
"stage 1 - building 2855 - 41.994308, 21.575223",2855,41.994308,21.575223,8,R,676.5,flat,1,21.2,15.0,7.0,osm,263871750,yes,house,gable,7.0
"stage 1 - building 2856 - 41.994042, 21.575213",2856,41.994042,21.575213,8,R,704.9,flat,1,34.1,13.1,7.0,ms,,,house,gable,7.0
"stage 1 - building 2857 - 41.993857, 21.575108",2857,41.993857,21.575108,8,R,727.0,house,2,14.3,8.3,6.2,ms,,,house,gable,7.0
"stage 1 - building 2858 - 41.993768, 21.575077",2858,41.993768,21.575077,8,R,737.3,house,1,9.5,6.4,3.3,ms,,,house,gable,7.0
"stage 1 - building 2859 - 41.993792, 21.574928",2859,41.993792,21.574928,8,R,738.7,house,2,15.0,7.9,6.2,ms,,,house,gable,7.0
"stage 1 - building 2860 - 41.993689, 21.575101",2860,41.993689,21.575101,8,R,745.0,house,2,14.6,6.8,6.2,ms,,,house,gable,7.0
"stage 1 - building 2861 - 41.993723, 21.574873",2861,41.993723,21.574873,8,R,747.3,house,2,20.1,5.5,6.2,ms,,,row,flat,9.5
"stage 1 - building 2862 - 41.993462, 21.575000",2862,41.993462,21.575000,8,R,771.5,house,1,19.2,12.3,3.3,ms,,,house,gable,7.0
"stage 1 - building 2863 - 41.993281, 21.574964",2863,41.993281,21.574964,8,R,791.6,house,1,8.9,5.3,3.3,ms,,,house,gable,7.0
"stage 1 - building 2864 - 41.993137, 21.574594",2864,41.993137,21.574594,8,R,816.4,flat,1,4.2,4.2,2.7,ms,,,garage,flat,3.2
"stage 1 - building 2865 - 41.993065, 21.574701",2865,41.993065,21.574701,8,R,821.2,house,2,26.5,10.1,6.2,ms,,,house,gable,7.0
"stage 1 - building 2866 - 41.992845, 21.574801",2866,41.992845,21.574801,8,R,841.8,house,2,12.2,7.6,6.2,ms,,,house,gable,7.0
"stage 1 - building 2867 - 41.992842, 21.574528",2867,41.992842,21.574528,8,R,849.2,house,1,10.1,6.5,3.3,ms,,,house,gable,7.0
"stage 1 - building 2868 - 41.992736, 21.574684",2868,41.992736,21.574684,8,R,856.3,house,1,6.2,5.1,3.3,ms,,,garage,flat,3.2
"stage 1 - building 2869 - 41.992707, 21.574510",2869,41.992707,21.574510,8,R,863.8,house,2,14.0,12.7,6.2,ms,,,house,gable,7.0
"stage 1 - building 2870 - 41.992390, 21.574613",2870,41.992390,21.574613,8,R,894.7,house,2,12.3,11.3,6.2,ms,,,house,gable,7.0
"stage 1 - building 2871 - 41.992420, 21.574449",2871,41.992420,21.574449,8,R,895.7,house,1,7.1,4.9,3.3,ms,,,garage,flat,3.2
"stage 1 - building 2872 - 41.992211, 21.574524",2872,41.992211,21.574524,8,R,916.0,house,2,18.0,10.5,6.2,ms,,,house,gable,7.0
"stage 1 - building 2873 - 41.992201, 21.574349",2873,41.992201,21.574349,8,R,921.4,house,2,22.5,12.8,6.2,ms,,,house,gable,7.0
"stage 1 - building 2874 - 41.992113, 21.574194",2874,41.992113,21.574194,8,R,934.8,house,1,14.2,6.5,3.3,ms,,,house,gable,7.0
"stage 1 - building 2875 - 41.991823, 21.574388",2875,41.991823,21.574388,8,R,960.5,flat,1,4.9,3.8,2.7,ms,,,garage,flat,3.2
"stage 1 - building 2876 - 41.991767, 21.574362",2876,41.991767,21.574362,8,R,967.0,house,1,8.2,5.0,3.3,ms,,,garage,flat,3.2
"stage 1 - building 2877 - 41.991811, 21.574149",2877,41.991811,21.574149,8,R,967.8,house,1,10.3,10.2,3.3,ms,,,house,gable,7.0
"stage 1 - building 2878 - 41.991751, 21.574282",2878,41.991751,21.574282,8,R,970.7,flat,1,5.1,3.9,2.7,ms,,,garage,flat,3.2
"stage 1 - building 2879 - 41.991690, 21.574256",2879,41.991690,21.574256,8,R,977.8,house,1,8.1,5.9,3.3,ms,,,house,gable,7.0
"stage 1 - building 2880 - 41.991665, 21.574086",2880,41.991665,21.574086,8,R,984.8,house,1,12.3,9.0,3.3,ms,,,house,gable,7.0
"stage 1 - building 2881 - 41.991581, 21.574250",2881,41.991581,21.574250,8,R,989.5,house,1,10.9,10.2,3.3,ms,,,house,gable,7.0
"stage 1 - building 2882 - 41.991533, 21.573923",2882,41.991533,21.573923,8,R,1003.0,house,2,15.2,11.9,6.2,ms,,,house,gable,7.0
"stage 1 - building 2883 - 41.991462, 21.574103",2883,41.991462,21.574103,8,R,1005.8,house,1,11.7,10.4,3.3,ms,,,house,gable,7.0
"stage 1 - building 2884 - 41.991288, 21.573734",2884,41.991288,21.573734,8,R,1033.8,flat,1,6.1,4.1,2.7,ms,,,garage,flat,3.2
"stage 1 - building 2885 - 41.991219, 21.573895",2885,41.991219,21.573895,8,R,1036.8,house,1,13.9,5.6,3.3,ms,,,house,gable,7.0
"stage 1 - building 2886 - 41.991169, 21.574012",2886,41.991169,21.574012,8,R,1039.1,house,1,7.0,6.2,3.3,ms,,,garage,flat,3.2
"stage 1 - building 2887 - 41.991037, 21.573897",2887,41.991037,21.573897,8,R,1055.9,house,1,17.9,14.3,3.3,ms,,,house,gable,7.0
"stage 1 - building 2888 - 41.990910, 21.573854",2888,41.990910,21.573854,8,R,1070.5,flat,1,4.3,3.9,2.7,ms,,,garage,flat,3.2
"stage 1 - building 2889 - 41.990867, 21.573839",2889,41.990867,21.573839,8,R,1075.4,flat,1,4.4,2.8,2.7,ms,,,garage,flat,3.2
"stage 1 - building 2890 - 41.990186, 21.573268",2890,41.990186,21.573268,8,R,1162.1,flat,1,20.4,15.4,7.0,ms,,,house,gable,7.0
"stage 1 - building 2891 - 41.990042, 21.573474",2891,41.990042,21.573474,8,R,1171.9,flat,1,40.1,10.0,7.0,ms,,,house,gable,7.0
"stage 1 - building 2892 - 41.985064, 21.571380",2892,41.985064,21.571380,8,R,1751.4,house,2,15.7,4.6,6.2,ms,,,house,gable,7.0
"stage 1 - building 2893 - 41.985089, 21.571087",2893,41.985089,21.571087,8,R,1756.2,house,1,8.8,5.3,3.3,ms,,,house,gable,7.0
"stage 1 - building 2894 - 41.974101, 21.565801",2894,41.974101,21.565801,8,R,3052.8,house,2,10.9,6.1,6.2,ms,,,house,gable,7.0
"stage 1 - building 2895 - 41.996105, 21.576268",2895,41.996105,21.576268,9,R,460.1,house,1,10.4,5.3,3.3,ms,,,house,gable,7.0
"stage 1 - building 2896 - 41.995923, 21.576192",2896,41.995923,21.576192,9,R,481.3,house,1,9.9,5.3,3.3,ms,,,house,gable,7.0
"stage 1 - building 2897 - 41.995844, 21.576119",2897,41.995844,21.576119,9,R,491.4,house,1,12.0,10.0,3.3,ms,,,house,gable,7.0
"stage 1 - building 2898 - 41.995362, 21.576077",2898,41.995362,21.576077,9,R,543.8,house,2,18.9,7.1,6.2,ms,,,house,gable,7.0
"stage 1 - building 2899 - 41.995197, 21.575904",2899,41.995197,21.575904,9,R,565.4,house,1,8.5,6.7,3.3,ms,,,house,gable,7.0
"stage 1 - building 2900 - 41.995167, 21.576002",2900,41.995167,21.576002,9,R,566.3,house,1,8.2,6.3,3.3,ms,,,house,gable,7.0
"stage 1 - building 2901 - 41.995039, 21.575827",2901,41.995039,21.575827,9,R,584.0,house,2,15.0,9.3,6.2,ms,,,house,gable,7.0
"stage 1 - building 2902 - 41.994895, 21.575838",2902,41.994895,21.575838,9,R,599.1,house,2,11.5,11.3,6.2,ms,,,house,gable,7.0
"stage 1 - building 2903 - 41.994913, 21.575683",2903,41.994913,21.575683,9,R,600.8,house,1,6.4,6.4,3.3,ms,,,garage,flat,3.2
"stage 1 - building 2904 - 41.994764, 21.575748",2904,41.994764,21.575748,9,R,615.1,house,1,20.3,8.6,3.3,ms,,,house,gable,7.0
"stage 1 - building 2905 - 41.994409, 21.575700",2905,41.994409,21.575700,9,R,654.1,flat,1,24.5,17.3,7.0,osm,1001294514,yes,house,gable,7.0
"stage 1 - building 2906 - 41.994179, 21.575402",2906,41.994179,21.575402,9,R,685.6,house,1,11.1,10.2,3.3,ms,,,house,gable,7.0
"stage 1 - building 2907 - 41.994015, 21.575394",2907,41.994015,21.575394,9,R,703.3,house,2,13.5,9.1,6.2,ms,,,house,gable,7.0
"stage 1 - building 2908 - 41.993785, 21.575269",2908,41.993785,21.575269,9,R,730.7,flat,1,5.9,3.9,2.7,ms,,,garage,flat,3.2
"stage 1 - building 2909 - 41.993363, 21.575098",2909,41.993363,21.575098,9,R,779.6,house,1,9.2,5.1,3.3,ms,,,house,gable,7.0
"stage 1 - building 2910 - 41.993163, 21.575300",2910,41.993163,21.575300,9,R,796.3,house,2,13.4,11.6,6.2,ms,,,house,gable,7.0
"stage 1 - building 2911 - 41.993114, 21.574952",2911,41.993114,21.574952,9,R,809.6,house,2,11.6,10.3,6.2,ms,,,house,gable,7.0
"stage 1 - building 2912 - 41.993046, 21.575266",2912,41.993046,21.575266,9,R,809.6,house,2,16.7,6.4,6.2,ms,,,house,gable,7.0
"stage 1 - building 2913 - 41.992943, 21.575162",2913,41.992943,21.575162,9,R,822.9,house,1,17.8,11.6,3.3,ms,,,house,gable,7.0
"stage 1 - building 2914 - 41.992869, 21.574897",2914,41.992869,21.574897,9,R,837.0,flat,1,5.8,2.4,2.7,ms,,,garage,flat,3.2
"stage 1 - building 2915 - 41.992734, 21.574818",2915,41.992734,21.574818,9,R,853.3,flat,1,5.0,3.8,2.7,ms,,,garage,flat,3.2
"stage 1 - building 2916 - 41.992678, 21.575009",2916,41.992678,21.575009,9,R,854.7,house,1,11.4,11.3,3.3,ms,,,house,gable,7.0
"stage 1 - building 2917 - 41.992663, 21.574847",2917,41.992663,21.574847,9,R,860.1,house,1,10.6,8.6,3.3,ms,,,house,gable,7.0
"stage 1 - building 2918 - 41.992548, 21.574969",2918,41.992548,21.574969,9,R,869.5,house,2,14.5,10.5,6.2,ms,,,house,gable,7.0
"stage 1 - building 2919 - 41.992520, 21.574817",2919,41.992520,21.574817,9,R,876.1,house,2,11.7,6.3,6.2,ms,,,house,gable,7.0
"stage 1 - building 2920 - 41.992508, 21.574704",2920,41.992508,21.574704,9,R,880.0,house,2,10.9,7.5,6.2,ms,,,house,gable,7.0
"stage 1 - building 2921 - 41.992418, 21.574939",2921,41.992418,21.574939,9,R,884.1,house,2,10.0,10.0,6.2,ms,,,house,gable,7.0
"stage 1 - building 2922 - 41.992426, 21.574799",2922,41.992426,21.574799,9,R,886.4,house,1,9.6,8.2,3.3,ms,,,house,gable,7.0
"stage 1 - building 2923 - 41.992260, 21.574912",2923,41.992260,21.574912,9,R,901.6,house,2,12.0,10.4,6.2,ms,,,house,gable,7.0
"stage 1 - building 2924 - 41.992136, 21.574880",2924,41.992136,21.574880,9,R,915.6,house,2,23.3,10.6,6.2,ms,,,house,gable,7.0
"stage 1 - building 2925 - 41.992036, 21.574912",2925,41.992036,21.574912,9,R,925.6,house,1,9.5,7.3,3.3,ms,,,house,gable,7.0
"stage 1 - building 2926 - 41.992041, 21.574564",2926,41.992041,21.574564,9,R,933.0,flat,1,7.0,4.2,2.7,ms,,,garage,flat,3.2
"stage 1 - building 2927 - 41.991735, 21.574482",2927,41.991735,21.574482,9,R,967.5,house,2,11.9,11.1,6.2,ms,,,house,gable,7.0
"stage 1 - building 2928 - 41.991679, 21.574698",2928,41.991679,21.574698,9,R,968.5,house,2,13.0,10.1,6.2,ms,,,house,gable,7.0
"stage 1 - building 2929 - 41.991463, 21.574542",2929,41.991463,21.574542,9,R,995.1,house,1,23.5,9.6,3.3,ms,,,row,flat,9.5
"stage 1 - building 2930 - 41.991401, 21.574603",2930,41.991401,21.574603,9,R,1000.4,flat,1,5.8,3.8,2.7,ms,,,garage,flat,3.2
"stage 1 - building 2931 - 41.991329, 21.574241",2931,41.991329,21.574241,9,R,1016.5,house,2,12.6,10.1,6.2,ms,,,house,gable,7.0
"stage 1 - building 2932 - 41.991259, 21.574455",2932,41.991259,21.574455,9,R,1018.9,house,1,10.5,10.5,3.3,ms,,,house,gable,7.0
"stage 1 - building 2933 - 41.991218, 21.574155",2933,41.991218,21.574155,9,R,1030.4,house,2,11.6,7.5,6.2,ms,,,house,gable,7.0
"stage 1 - building 2934 - 41.991064, 21.574171",2934,41.991064,21.574171,9,R,1046.4,house,1,7.0,5.1,3.3,ms,,,garage,flat,3.2
"stage 1 - building 2935 - 41.989836, 21.573981",2935,41.989836,21.573981,9,R,1181.6,flat,1,18.4,17.5,7.0,ms,,,house,gable,7.0
"stage 1 - building 2936 - 41.989774, 21.573801",2936,41.989774,21.573801,9,R,1192.4,flat,1,4.9,4.7,2.7,ms,,,garage,flat,3.2
"stage 1 - building 2937 - 41.988479, 21.573491",2937,41.988479,21.573491,9,R,1337.7,flat,1,115.6,17.6,9.0,ms,,,commercial,flat,7.0
"stage 1 - building 2938 - 41.988528, 21.573073",2938,41.988528,21.573073,9,R,1342.2,flat,1,6.7,3.5,2.7,ms,,,garage,flat,3.2
"stage 1 - building 2939 - 41.986350, 21.572613",2939,41.986350,21.572613,9,R,1585.1,flat,1,8.6,3.1,2.7,ms,,,garage,flat,3.2
"stage 1 - building 2940 - 41.976846, 21.568680",2940,41.976846,21.568680,9,R,2689.7,flat,1,5.1,4.8,2.7,ms,,,garage,flat,3.2
"stage 1 - building 2941 - 41.996105, 21.576546",2941,41.996105,21.576546,10,R,454.1,house,1,12.4,5.2,3.3,ms,,,row,flat,9.5
"stage 1 - building 2942 - 41.995920, 21.576431",2942,41.995920,21.576431,10,R,476.3,house,2,12.6,11.0,6.2,ms,,,house,gable,7.0
"stage 1 - building 2943 - 41.995742, 21.576453",2943,41.995742,21.576453,10,R,495.1,house,2,11.9,8.3,6.2,ms,,,house,gable,7.0
"stage 1 - building 2944 - 41.995623, 21.576451",2944,41.995623,21.576451,10,R,508.0,flat,1,5.1,3.7,2.7,ms,,,garage,flat,3.2
"stage 1 - building 2945 - 41.995464, 21.576373",2945,41.995464,21.576373,10,R,526.6,house,2,10.4,9.3,6.2,ms,,,house,gable,7.0
"stage 1 - building 2946 - 41.995320, 21.576323",2946,41.995320,21.576323,10,R,543.2,house,2,19.1,9.7,6.2,ms,,,house,gable,7.0
"stage 1 - building 2947 - 41.994214, 21.575815",2947,41.994214,21.575815,10,R,672.5,house,2,14.6,12.7,6.2,ms,,,house,gable,7.0
"stage 1 - building 2948 - 41.993618, 21.575631",2948,41.993618,21.575631,10,R,740.5,house,2,12.0,8.8,6.2,ms,,,house,gable,7.0
"stage 1 - building 2949 - 41.993458, 21.575623",2949,41.993458,21.575623,10,R,757.8,house,1,8.0,5.3,3.3,ms,,,garage,flat,3.2
"stage 1 - building 2950 - 41.993390, 21.575476",2950,41.993390,21.575476,10,R,768.2,flat,1,5.4,3.5,2.7,ms,,,garage,flat,3.2
"stage 1 - building 2951 - 41.993303, 21.575439",2951,41.993303,21.575439,10,R,778.3,house,2,15.8,12.9,6.2,ms,,,house,gable,7.0
"stage 1 - building 2952 - 41.993065, 21.575610",2952,41.993065,21.575610,10,R,800.5,house,1,13.3,5.5,3.3,ms,,,house,gable,7.0
"stage 1 - building 2953 - 41.992926, 21.575486",2953,41.992926,21.575486,10,R,818.0,house,1,8.7,5.2,3.3,ms,,,house,gable,7.0
"stage 1 - building 2954 - 41.992697, 21.575182",2954,41.992697,21.575182,10,R,848.9,flat,1,6.3,3.6,2.7,ms,,,garage,flat,3.2
"stage 1 - building 2955 - 41.992534, 21.575444",2955,41.992534,21.575444,10,R,861.1,house,2,11.8,10.4,6.2,ms,,,house,gable,7.0
"stage 1 - building 2956 - 41.992502, 21.575096",2956,41.992502,21.575096,10,R,871.7,flat,1,6.7,3.9,2.7,ms,,,garage,flat,3.2
"stage 1 - building 2957 - 41.992378, 21.575367",2957,41.992378,21.575367,10,R,879.4,house,1,13.7,9.9,3.3,ms,,,house,gable,7.0
"stage 1 - building 2958 - 41.992422, 21.575067",2958,41.992422,21.575067,10,R,880.8,house,1,8.9,8.9,3.3,ms,,,house,gable,7.0
"stage 1 - building 2959 - 41.992171, 21.575327",2959,41.992171,21.575327,10,R,902.5,flat,1,18.2,18.0,7.0,ms,,,house,gable,7.0
"stage 1 - building 2960 - 41.992124, 21.574971",2960,41.992124,21.574971,10,R,914.9,house,1,9.3,3.3,3.3,ms,,,garage,flat,3.2
"stage 1 - building 2961 - 41.992055, 21.575186",2961,41.992055,21.575186,10,R,917.8,flat,1,6.0,4.6,2.7,ms,,,garage,flat,3.2
"stage 1 - building 2962 - 41.991771, 21.574831",2962,41.991771,21.574831,10,R,955.7,flat,1,5.4,2.8,2.7,ms,,,garage,flat,3.2
"stage 1 - building 2963 - 41.991613, 21.574889",2963,41.991613,21.574889,10,R,971.4,house,2,9.6,7.3,6.2,ms,,,house,gable,7.0
"stage 1 - building 2964 - 41.991544, 21.574906",2964,41.991544,21.574906,10,R,978.5,house,2,12.1,10.1,6.2,osm,670582902,house,house,gable,7.0
"stage 1 - building 2965 - 41.991319, 21.575071",2965,41.991319,21.575071,10,R,999.6,house,2,14.4,10.5,6.2,ms,,,house,gable,7.0
"stage 1 - building 2966 - 41.991162, 21.574641",2966,41.991162,21.574641,10,R,1025.1,house,2,23.8,12.1,6.2,ms,,,house,gable,7.0
"stage 1 - building 2967 - 41.991102, 21.574885",2967,41.991102,21.574885,10,R,1026.6,house,1,10.7,8.8,3.3,ms,,,house,gable,7.0
"stage 1 - building 2968 - 41.990973, 21.575025",2968,41.990973,21.575025,10,R,1037.8,house,2,12.3,10.4,6.2,ms,,,house,gable,7.0
"stage 1 - building 2969 - 41.991010, 21.574753",2969,41.991010,21.574753,10,R,1039.1,house,1,7.2,5.7,3.3,ms,,,garage,flat,3.2
"stage 1 - building 2970 - 41.989576, 21.574474",2970,41.989576,21.574474,10,R,1199.3,flat,1,4.6,4.2,2.7,ms,,,garage,flat,3.2
"stage 1 - building 2971 - 41.989165, 21.573996",2971,41.989165,21.573996,10,R,1253.2,house,1,10.8,4.3,3.3,ms,,,house,gable,7.0
"stage 1 - building 2972 - 41.989076, 21.574287",2972,41.989076,21.574287,10,R,1256.9,house,1,18.1,9.5,3.3,ms,,,house,gable,7.0
"stage 1 - building 2973 - 41.988736, 21.573769",2973,41.988736,21.573769,10,R,1304.1,house,2,17.5,4.5,6.2,ms,,,house,gable,7.0
"stage 1 - building 2974 - 41.988660, 21.574135",2974,41.988660,21.574135,10,R,1304.8,house,2,14.0,8.2,6.2,ms,,,house,gable,7.0
"stage 1 - building 2975 - 41.988527, 21.574196",2975,41.988527,21.574196,10,R,1318.0,house,1,19.0,6.7,3.3,ms,,,house,gable,7.0
"stage 1 - building 2976 - 41.988412, 21.574141",2976,41.988412,21.574141,10,R,1331.5,flat,1,5.5,2.5,2.7,ms,,,garage,flat,3.2
"stage 1 - building 2977 - 41.988210, 21.574034",2977,41.988210,21.574034,10,R,1355.4,house,1,6.2,6.1,3.3,ms,,,garage,flat,3.2
"stage 1 - building 2978 - 41.988241, 21.573730",2978,41.988241,21.573730,10,R,1358.2,house,1,25.7,8.4,3.3,ms,,,house,gable,7.0
"stage 1 - building 2979 - 41.988167, 21.573933",2979,41.988167,21.573933,10,R,1362.0,house,1,7.6,5.7,3.3,ms,,,garage,flat,3.2
"stage 1 - building 2980 - 41.987832, 21.573937",2980,41.987832,21.573937,10,R,1398.0,house,2,10.2,6.8,6.2,ms,,,house,gable,7.0
"stage 1 - building 2981 - 41.987389, 21.573338",2981,41.987389,21.573338,10,R,1457.8,house,1,12.2,5.9,3.3,ms,,,house,gable,7.0
"stage 1 - building 2982 - 41.987077, 21.573771",2982,41.987077,21.573771,10,R,1482.8,house,1,10.4,4.9,3.3,ms,,,house,gable,7.0
"stage 1 - building 2983 - 41.986361, 21.573023",2983,41.986361,21.573023,10,R,1574.9,flat,1,9.3,3.2,2.7,ms,,,garage,flat,3.2
"stage 1 - building 2984 - 41.972779, 21.569202",2984,41.972779,21.569202,10,R,3115.5,house,1,10.8,10.4,3.3,ms,,,house,gable,7.0
"stage 1 - building 2985 - 41.996171, 21.576706",2985,41.996171,21.576706,11,R,443.9,house,2,12.2,12.2,6.2,ms,,,house,gable,7.0
"stage 1 - building 2986 - 41.996043, 21.576626",2986,41.996043,21.576626,11,R,459.3,house,1,13.3,6.9,3.3,ms,,,row,flat,9.5
"stage 1 - building 2987 - 41.995788, 21.576637",2987,41.995788,21.576637,11,R,486.7,house,2,17.4,11.9,6.2,ms,,,house,gable,7.0
"stage 1 - building 2988 - 41.995533, 21.576560",2988,41.995533,21.576560,11,R,515.8,house,2,13.0,12.5,6.2,ms,,,house,gable,7.0
"stage 1 - building 2989 - 41.995301, 21.576500",2989,41.995301,21.576500,11,R,542.0,house,2,12.4,11.9,6.2,ms,,,house,gable,7.0
"stage 1 - building 2990 - 41.995158, 21.576477",2990,41.995158,21.576477,11,R,557.9,house,1,9.6,3.9,3.3,ms,,,garage,flat,3.2
"stage 1 - building 2991 - 41.994893, 21.576439",2991,41.994893,21.576439,11,R,587.4,flat,1,32.7,12.4,7.0,ms,,,house,gable,7.0
"stage 1 - building 2992 - 41.994449, 21.576338",2992,41.994449,21.576338,11,R,637.4,house,1,11.4,10.1,3.3,ms,,,house,gable,7.0
"stage 1 - building 2993 - 41.994197, 21.576166",2993,41.994197,21.576166,11,R,667.7,house,1,11.3,9.9,3.3,ms,,,house,gable,7.0
"stage 1 - building 2994 - 41.993859, 21.575971",2994,41.993859,21.575971,11,R,707.9,house,1,8.5,4.8,3.3,ms,,,garage,flat,3.2
"stage 1 - building 2995 - 41.993741, 21.576197",2995,41.993741,21.576197,11,R,716.8,flat,1,6.9,3.0,2.7,ms,,,garage,flat,3.2
"stage 1 - building 2996 - 41.993706, 21.576189",2996,41.993706,21.576189,11,R,720.8,flat,1,5.2,4.0,2.7,ms,,,garage,flat,3.2
"stage 1 - building 2997 - 41.993646, 21.575995",2997,41.993646,21.575995,11,R,730.5,house,2,10.1,8.8,6.2,ms,,,house,gable,7.0
"stage 1 - building 2998 - 41.993477, 21.576151",2998,41.993477,21.576151,11,R,746.3,flat,1,22.2,20.2,7.0,ms,,,house,gable,7.0
"stage 1 - building 2999 - 41.993375, 21.575887",2999,41.993375,21.575887,11,R,761.8,house,2,10.2,7.4,6.2,ms,,,house,gable,7.0
"stage 1 - building 3000 - 41.993246, 21.576099",3000,41.993246,21.576099,11,R,772.4,house,2,16.2,5.6,6.2,ms,,,house,gable,7.0
"stage 1 - building 3001 - 41.993228, 21.575932",3001,41.993228,21.575932,11,R,777.0,house,2,15.5,5.4,6.2,ms,,,row,flat,9.5
"stage 1 - building 3002 - 41.993151, 21.576024",3002,41.993151,21.576024,11,R,783.9,house,2,14.7,13.4,6.2,ms,,,row,flat,9.5
"stage 1 - building 3003 - 41.993170, 21.575719",3003,41.993170,21.575719,11,R,787.1,house,1,11.3,10.4,3.3,ms,,,house,gable,7.0
"stage 1 - building 3004 - 41.992940, 21.575846",3004,41.992940,21.575846,11,R,809.7,house,1,21.5,12.2,3.3,ms,,,row,flat,9.5
"stage 1 - building 3005 - 41.992861, 21.575738",3005,41.992861,21.575738,11,R,820.3,house,1,9.9,8.5,3.3,ms,,,row,flat,9.5
"stage 1 - building 3006 - 41.992826, 21.575841",3006,41.992826,21.575841,11,R,822.3,flat,1,4.8,2.8,2.7,ms,,,garage,flat,3.2
"stage 1 - building 3007 - 41.992749, 21.575678",3007,41.992749,21.575678,11,R,833.5,house,2,24.9,11.7,6.2,ms,,,house,gable,7.0
"stage 1 - building 3008 - 41.992553, 21.575927",3008,41.992553,21.575927,11,R,850.6,house,1,11.0,4.2,3.3,ms,,,house,gable,7.0
"stage 1 - building 3009 - 41.992444, 21.575705",3009,41.992444,21.575705,11,R,866.1,house,1,13.6,5.0,3.3,ms,,,house,gable,7.0
"stage 1 - building 3010 - 41.992400, 21.575801",3010,41.992400,21.575801,11,R,869.3,house,1,9.2,6.6,3.3,ms,,,house,gable,7.0
"stage 1 - building 3011 - 41.992338, 21.575643",3011,41.992338,21.575643,11,R,878.7,house,2,9.9,8.1,6.2,ms,,,house,gable,7.0
"stage 1 - building 3012 - 41.992259, 21.575529",3012,41.992259,21.575529,11,R,889.3,house,2,14.0,6.0,6.2,ms,,,house,gable,7.0
"stage 1 - building 3013 - 41.992147, 21.575834",3013,41.992147,21.575834,11,R,896.3,house,1,18.0,14.9,3.3,ms,,,house,gable,7.0
"stage 1 - building 3014 - 41.992146, 21.575578",3014,41.992146,21.575578,11,R,900.7,house,1,16.0,14.3,3.3,ms,,,house,gable,7.0
"stage 1 - building 3015 - 41.992068, 21.575445",3015,41.992068,21.575445,11,R,911.5,house,2,10.8,8.5,6.2,ms,,,row,flat,9.5
"stage 1 - building 3016 - 41.992027, 21.575630",3016,41.992027,21.575630,11,R,912.7,house,1,6.4,5.1,3.3,ms,,,garage,flat,3.2
"stage 1 - building 3017 - 41.991167, 21.575421",3017,41.991167,21.575421,11,R,1009.8,house,2,12.2,11.4,6.2,ms,,,house,gable,7.0
"stage 1 - building 3018 - 41.991050, 21.575081",3018,41.991050,21.575081,11,R,1028.5,house,1,8.4,6.2,3.3,ms,,,house,gable,7.0
"stage 1 - building 3019 - 41.990991, 21.575492",3019,41.990991,21.575492,11,R,1027.8,house,1,8.3,4.0,3.3,ms,,,garage,flat,3.2
"stage 1 - building 3020 - 41.990927, 21.575485",3020,41.990927,21.575485,11,R,1034.8,flat,1,5.9,3.3,2.7,ms,,,garage,flat,3.2
"stage 1 - building 3021 - 41.990920, 21.575254",3021,41.990920,21.575254,11,R,1039.4,house,2,13.7,12.9,6.2,ms,,,house,gable,7.0
"stage 1 - building 3022 - 41.990813, 21.575310",3022,41.990813,21.575310,11,R,1050.2,house,1,6.1,5.0,3.3,ms,,,garage,flat,3.2
"stage 1 - building 3023 - 41.990711, 21.575231",3023,41.990711,21.575231,11,R,1062.6,flat,1,5.5,4.5,2.7,ms,,,garage,flat,3.2
"stage 1 - building 3024 - 41.989463, 21.574673",3024,41.989463,21.574673,11,R,1207.8,flat,1,32.5,17.2,7.0,ms,,,house,gable,7.0
"stage 1 - building 3025 - 41.988631, 21.574316",3025,41.988631,21.574316,11,R,1304.5,house,1,8.9,5.7,3.3,ms,,,house,gable,7.0
"stage 1 - building 3026 - 41.987364, 21.573986",3026,41.987364,21.573986,11,R,1447.7,house,2,22.0,4.5,6.2,ms,,,house,gable,7.0
"stage 1 - building 3027 - 41.987163, 21.574230",3027,41.987163,21.574230,11,R,1465.3,house,2,20.1,4.5,6.2,ms,,,house,gable,7.0
"stage 1 - building 3028 - 41.972849, 21.569704",3028,41.972849,21.569704,11,R,3098.5,house,2,9.2,9.0,6.2,ms,,,house,gable,7.0
"stage 1 - building 3029 - 41.972750, 21.569983",3029,41.972750,21.569983,11,R,3104.4,house,2,9.5,6.5,6.2,ms,,,house,gable,7.0
"stage 1 - building 3030 - 41.972712, 21.570148",3030,41.972712,21.570148,11,R,3105.6,house,1,9.4,5.0,3.3,ms,,,house,gable,7.0
"stage 1 - building 3031 - 41.972661, 21.570398",3031,41.972661,21.570398,11,R,3107.0,house,2,8.6,8.1,6.2,ms,,,house,gable,7.0
"stage 1 - building 3032 - 41.972570, 21.569855",3032,41.972570,21.569855,11,R,3126.2,house,1,11.1,7.6,3.3,ms,,,house,gable,7.0
"stage 1 - building 3033 - 41.972592, 21.569655",3033,41.972592,21.569655,11,R,3127.3,house,1,9.9,4.7,3.3,ms,,,house,gable,7.0
"stage 1 - building 3034 - 41.972499, 21.570089",3034,41.972499,21.570089,11,R,3129.7,house,1,13.3,8.1,3.3,ms,,,house,gable,7.0
"stage 1 - building 3035 - 41.972254, 21.569844",3035,41.972254,21.569844,11,R,3160.6,flat,1,3.7,3.5,2.7,ms,,,garage,flat,3.2
"stage 1 - building 3036 - 41.972202, 21.569786",3036,41.972202,21.569786,11,R,3167.3,house,1,9.5,8.5,3.3,ms,,,house,gable,7.0
"stage 1 - building 3037 - 41.996143, 21.577000",3037,41.996143,21.577000,12,R,442.4,flat,1,7.7,3.1,2.7,ms,,,garage,flat,3.2
"stage 1 - building 3038 - 41.996149, 21.576902",3038,41.996149,21.576902,12,R,443.1,house,1,6.3,4.8,3.3,ms,,,garage,flat,3.2
"stage 1 - building 3039 - 41.996079, 21.576891",3039,41.996079,21.576891,12,R,450.9,flat,1,8.1,2.8,2.7,ms,,,garage,flat,3.2
"stage 1 - building 3040 - 41.995991, 21.576979",3040,41.995991,21.576979,12,R,459.3,house,1,11.3,10.4,3.3,ms,,,house,gable,7.0
"stage 1 - building 3041 - 41.995927, 21.576925",3041,41.995927,21.576925,12,R,467.1,flat,1,5.6,4.2,2.7,ms,,,garage,flat,3.2
"stage 1 - building 3042 - 41.995890, 21.576916",3042,41.995890,21.576916,12,R,471.3,flat,1,6.7,3.3,2.7,ms,,,garage,flat,3.2
"stage 1 - building 3043 - 41.995586, 21.576768",3043,41.995586,21.576768,12,R,506.6,flat,1,4.2,3.8,2.7,ms,,,garage,flat,3.2
"stage 1 - building 3044 - 41.995478, 21.576769",3044,41.995478,21.576769,12,R,518.4,house,1,10.3,10.1,3.3,ms,,,house,gable,7.0
"stage 1 - building 3045 - 41.995199, 21.576673",3045,41.995199,21.576673,12,R,550.3,house,2,10.3,8.8,6.2,ms,,,house,gable,7.0
"stage 1 - building 3046 - 41.995102, 21.576643",3046,41.995102,21.576643,12,R,561.4,house,1,10.7,4.0,3.3,ms,,,garage,flat,3.2
"stage 1 - building 3047 - 41.994786, 21.576582",3047,41.994786,21.576582,12,R,596.8,flat,1,29.4,19.7,7.0,osm,670303840,church,church,gable,11.0
"stage 1 - building 3048 - 41.994428, 21.576667",3048,41.994428,21.576667,12,R,634.9,house,2,15.3,13.0,6.2,ms,,,house,gable,7.0
"stage 1 - building 3049 - 41.994309, 21.576563",3049,41.994309,21.576563,12,R,649.3,house,1,12.8,10.6,3.3,ms,,,house,gable,7.0
"stage 1 - building 3050 - 41.994117, 21.576635",3050,41.994117,21.576635,12,R,669.3,house,1,12.5,9.4,3.3,ms,,,house,gable,7.0
"stage 1 - building 3051 - 41.994014, 21.576390",3051,41.994014,21.576390,12,R,684.1,house,1,14.3,14.0,3.3,ms,,,house,gable,7.0
"stage 1 - building 3052 - 41.993860, 21.576521",3052,41.993860,21.576521,12,R,699.1,house,1,12.6,10.8,3.3,ms,,,house,gable,7.0
"stage 1 - building 3053 - 41.993838, 21.576378",3053,41.993838,21.576378,12,R,703.5,house,2,22.2,5.9,6.2,ms,,,house,gable,7.0
"stage 1 - building 3054 - 41.993714, 21.576451",3054,41.993714,21.576451,12,R,716.0,house,1,18.6,5.2,3.3,ms,,,row,flat,9.5
"stage 1 - building 3055 - 41.993548, 21.576314",3055,41.993548,21.576314,12,R,736.1,flat,1,4.6,3.5,2.7,ms,,,garage,flat,3.2
"stage 1 - building 3056 - 41.992915, 21.576097",3056,41.992915,21.576097,12,R,808.5,house,1,11.8,10.8,3.3,ms,,,house,gable,7.0
"stage 1 - building 3057 - 41.992764, 21.576326",3057,41.992764,21.576326,12,R,821.8,house,1,14.0,12.7,3.3,ms,,,house,gable,7.0
"stage 1 - building 3058 - 41.992681, 21.575984",3058,41.992681,21.575984,12,R,835.8,house,2,11.8,11.3,6.2,ms,,,house,gable,7.0
"stage 1 - building 3059 - 41.992545, 21.576278",3059,41.992545,21.576278,12,R,846.5,house,2,20.4,5.1,6.2,ms,,,house,gable,7.0
"stage 1 - building 3060 - 41.992457, 21.576263",3060,41.992457,21.576263,12,R,856.3,house,2,10.7,9.5,6.2,ms,,,house,gable,7.0
"stage 1 - building 3061 - 41.992339, 21.576085",3061,41.992339,21.576085,12,R,871.6,house,2,12.2,11.6,6.2,ms,,,house,gable,7.0
"stage 1 - building 3062 - 41.992110, 21.575962",3062,41.992110,21.575962,12,R,898.4,house,1,12.9,4.2,3.3,ms,,,row,flat,9.5
"stage 1 - building 3063 - 41.990969, 21.575900",3063,41.990969,21.575900,12,R,1024.3,house,2,11.7,10.9,6.2,ms,,,house,gable,7.0
"stage 1 - building 3064 - 41.990755, 21.575520",3064,41.990755,21.575520,12,R,1053.1,house,1,12.6,4.5,3.3,ms,,,house,gable,7.0
"stage 1 - building 3065 - 41.990680, 21.575714",3065,41.990680,21.575714,12,R,1058.4,flat,1,6.7,3.8,2.7,ms,,,garage,flat,3.2
"stage 1 - building 3066 - 41.990584, 21.575879",3066,41.990584,21.575879,12,R,1066.7,house,1,11.6,8.6,3.3,ms,,,house,gable,7.0
"stage 1 - building 3067 - 41.990612, 21.575521",3067,41.990612,21.575521,12,R,1068.7,house,1,13.4,4.0,3.3,ms,,,house,gable,7.0
"stage 1 - building 3068 - 41.989720, 21.575732",3068,41.989720,21.575732,12,R,1163.5,house,2,15.4,11.7,6.2,ms,,,house,gable,7.0
"stage 1 - building 3069 - 41.989413, 21.575511",3069,41.989413,21.575511,12,R,1200.0,flat,1,21.2,18.0,7.0,ms,,,house,gable,7.0
"stage 1 - building 3070 - 41.985234, 21.574833",3070,41.985234,21.574833,12,R,1667.3,flat,1,39.1,9.0,7.0,ms,,,house,gable,7.0
"stage 1 - building 3071 - 41.985084, 21.574648",3071,41.985084,21.574648,12,R,1686.1,flat,1,3.8,3.7,2.7,ms,,,garage,flat,3.2
"stage 1 - building 3072 - 41.983730, 21.574179",3072,41.983730,21.574179,12,R,1840.9,house,2,11.4,10.0,6.2,ms,,,house,gable,7.0
"stage 1 - building 3073 - 41.995872, 21.577194",3073,41.995872,21.577194,13,R,469.9,house,2,11.8,11.2,6.2,ms,,,house,gable,7.0
"stage 1 - building 3074 - 41.995707, 21.577196",3074,41.995707,21.577196,13,R,488.1,house,2,17.0,6.1,6.2,ms,,,house,gable,7.0
"stage 1 - building 3075 - 41.995577, 21.577109",3075,41.995577,21.577109,13,R,503.3,house,2,12.8,11.8,6.2,ms,,,house,gable,7.0
"stage 1 - building 3076 - 41.995350, 21.576915",3076,41.995350,21.576915,13,R,530.5,house,2,28.9,5.2,6.2,ms,,,house,gable,7.0
"stage 1 - building 3077 - 41.995099, 21.576895",3077,41.995099,21.576895,13,R,558.3,house,2,10.4,9.7,6.2,ms,,,house,gable,7.0
"stage 1 - building 3078 - 41.994430, 21.576986",3078,41.994430,21.576986,13,R,631.0,house,2,12.1,11.8,6.2,ms,,,house,gable,7.0
"stage 1 - building 3079 - 41.994298, 21.576969",3079,41.994298,21.576969,13,R,645.7,house,2,9.5,6.5,6.2,ms,,,house,gable,7.0
"stage 1 - building 3080 - 41.993600, 21.576637",3080,41.993600,21.576637,13,R,726.2,house,1,12.7,11.0,3.3,ms,,,house,gable,7.0
"stage 1 - building 3081 - 41.993281, 21.576512",3081,41.993281,21.576512,13,R,762.7,house,2,11.6,8.8,6.2,ms,,,house,gable,7.0
"stage 1 - building 3082 - 41.993138, 21.576663",3082,41.993138,21.576663,13,R,776.6,house,2,13.8,11.9,6.2,ms,,,house,gable,7.0
"stage 1 - building 3083 - 41.993096, 21.576786",3083,41.993096,21.576786,13,R,780.0,house,1,7.5,4.8,3.3,ms,,,garage,flat,3.2
"stage 1 - building 3084 - 41.992954, 21.576759",3084,41.992954,21.576759,13,R,796.0,house,1,12.8,3.3,3.3,ms,,,garage,flat,3.2
"stage 1 - building 3085 - 41.992591, 21.576583",3085,41.992591,21.576583,13,R,837.8,house,2,12.0,11.5,6.2,ms,,,house,gable,7.0
"stage 1 - building 3086 - 41.992305, 21.576342",3086,41.992305,21.576342,13,R,872.0,house,2,14.6,10.0,6.2,ms,,,house,gable,7.0
"stage 1 - building 3087 - 41.991537, 21.576287",3087,41.991537,21.576287,13,R,957.1,flat,1,49.0,27.8,7.0,ms,,,commercial,flat,7.0
"stage 1 - building 3088 - 41.990753, 21.576036",3088,41.990753,21.576036,13,R,1046.2,house,1,8.4,7.4,3.3,ms,,,house,gable,7.0
"stage 1 - building 3089 - 41.990441, 21.576291",3089,41.990441,21.576291,13,R,1077.8,house,2,17.0,10.9,6.2,ms,,,house,gable,7.0
"stage 1 - building 3090 - 41.990281, 21.576128",3090,41.990281,21.576128,13,R,1097.1,house,1,10.2,8.1,3.3,ms,,,row,flat,9.5
"stage 1 - building 3091 - 41.990245, 21.576000",3091,41.990245,21.576000,13,R,1102.5,flat,1,7.7,3.1,2.7,ms,,,garage,flat,3.2
"stage 1 - building 3092 - 41.990183, 21.576132",3092,41.990183,21.576132,13,R,1107.8,house,2,15.7,9.5,6.2,ms,,,house,gable,7.0
"stage 1 - building 3093 - 41.990150, 21.575967",3093,41.990150,21.575967,13,R,1113.3,house,1,9.2,5.5,3.3,ms,,,row,flat,9.5
"stage 1 - building 3094 - 41.990096, 21.575948",3094,41.990096,21.575948,13,R,1119.5,house,1,10.6,4.4,3.3,ms,,,row,flat,9.5
"stage 1 - building 3095 - 41.989907, 21.575823",3095,41.989907,21.575823,13,R,1141.8,house,1,8.4,8.1,3.3,ms,,,house,gable,7.0
"stage 1 - building 3096 - 41.989815, 21.576050",3096,41.989815,21.576050,13,R,1149.3,house,2,13.8,12.2,6.2,ms,,,house,gable,7.0
"stage 1 - building 3097 - 41.989709, 21.576143",3097,41.989709,21.576143,13,R,1159.9,flat,1,8.5,3.4,2.7,ms,,,garage,flat,3.2
"stage 1 - building 3098 - 41.989604, 21.576203",3098,41.989604,21.576203,13,R,1170.9,flat,1,5.5,2.4,2.7,ms,,,garage,flat,3.2
"stage 1 - building 3099 - 41.989618, 21.575794",3099,41.989618,21.575794,13,R,1173.9,flat,1,5.3,4.5,2.7,ms,,,garage,flat,3.2
"stage 1 - building 3100 - 41.989346, 21.575993",3100,41.989346,21.575993,13,R,1201.5,house,2,28.2,6.0,6.2,ms,,,house,gable,7.0
"stage 1 - building 3101 - 41.989313, 21.576199",3101,41.989313,21.576199,13,R,1203.0,flat,1,28.6,11.5,7.0,ms,,,house,gable,7.0
"stage 1 - building 3102 - 41.985633, 21.575208",3102,41.985633,21.575208,13,R,1619.0,house,1,6.6,6.4,3.3,ms,,,garage,flat,3.2
"stage 1 - building 3103 - 41.985477, 21.575036",3103,41.985477,21.575036,13,R,1638.1,house,1,8.3,4.1,3.3,ms,,,garage,flat,3.2
"stage 1 - building 3104 - 41.995960, 21.577280",3104,41.995960,21.577280,14,R,459.3,house,1,7.9,4.6,3.3,ms,,,garage,flat,3.2
"stage 1 - building 3105 - 41.995659, 21.577335",3105,41.995659,21.577335,14,R,492.2,house,2,14.6,8.7,6.2,ms,,,house,gable,7.0
"stage 1 - building 3106 - 41.995559, 21.577341",3106,41.995559,21.577341,14,R,503.2,house,1,13.1,4.0,3.3,ms,,,house,gable,7.0
"stage 1 - building 3107 - 41.995397, 21.577333",3107,41.995397,21.577333,14,R,521.1,house,2,16.4,11.7,6.2,ms,,,house,gable,7.0
"stage 1 - building 3108 - 41.995277, 21.577263",3108,41.995277,21.577263,14,R,534.9,house,1,10.2,10.0,3.3,ms,,,house,gable,7.0
"stage 1 - building 3109 - 41.995049, 21.577256",3109,41.995049,21.577256,14,R,560.2,house,1,30.9,7.2,3.3,ms,,,house,gable,7.0
"stage 1 - building 3110 - 41.994882, 21.577269",3110,41.994882,21.577269,14,R,578.6,flat,1,4.5,3.9,2.7,ms,,,garage,flat,3.2
"stage 1 - building 3111 - 41.994772, 21.577260",3111,41.994772,21.577260,14,R,590.8,house,1,10.9,8.5,3.3,ms,,,house,gable,7.0
"stage 1 - building 3112 - 41.994419, 21.577172",3112,41.994419,21.577172,14,R,630.5,flat,1,22.8,13.5,7.0,ms,,,house,gable,7.0
"stage 1 - building 3113 - 41.994171, 21.577063",3113,41.994171,21.577063,14,R,658.8,house,2,18.0,10.9,6.2,ms,,,house,gable,7.0
"stage 1 - building 3114 - 41.993976, 21.577092",3114,41.993976,21.577092,14,R,680.2,house,1,10.2,8.9,3.3,ms,,,house,gable,7.0
"stage 1 - building 3115 - 41.993769, 21.577124",3115,41.993769,21.577124,14,R,702.8,house,2,12.3,9.6,6.2,ms,,,house,gable,7.0
"stage 1 - building 3116 - 41.993631, 21.576976",3116,41.993631,21.576976,14,R,719.3,house,1,8.6,5.4,3.3,ms,,,house,gable,7.0
"stage 1 - building 3117 - 41.993509, 21.576956",3117,41.993509,21.576956,14,R,732.9,house,1,15.4,12.1,3.3,ms,,,house,gable,7.0
"stage 1 - building 3118 - 41.993401, 21.577069",3118,41.993401,21.577069,14,R,743.9,flat,1,5.4,2.9,2.7,ms,,,garage,flat,3.2
"stage 1 - building 3119 - 41.993359, 21.576932",3119,41.993359,21.576932,14,R,749.6,house,2,15.0,12.7,6.2,ms,,,house,gable,7.0
"stage 1 - building 3120 - 41.993273, 21.577070",3120,41.993273,21.577070,14,R,758.0,house,2,11.7,10.1,6.2,ms,,,house,gable,7.0
"stage 1 - building 3121 - 41.993279, 21.576851",3121,41.993279,21.576851,14,R,759.3,house,2,18.9,6.2,6.2,ms,,,house,gable,7.0
"stage 1 - building 3122 - 41.993124, 21.577052",3122,41.993124,21.577052,14,R,774.7,house,1,11.9,9.6,3.3,ms,,,house,gable,7.0
"stage 1 - building 3123 - 41.993019, 21.576805",3123,41.993019,21.576805,14,R,788.4,flat,1,4.2,3.6,2.7,ms,,,garage,flat,3.2
"stage 1 - building 3124 - 41.992961, 21.576868",3124,41.992961,21.576868,14,R,794.2,house,1,8.3,6.5,3.3,ms,,,house,gable,7.0
"stage 1 - building 3125 - 41.992832, 21.576828",3125,41.992832,21.576828,14,R,808.8,house,1,17.1,8.6,3.3,ms,,,house,gable,7.0
"stage 1 - building 3126 - 41.992686, 21.576867",3126,41.992686,21.576867,14,R,824.6,house,1,11.4,3.7,3.3,ms,,,garage,flat,3.2
"stage 1 - building 3127 - 41.992543, 21.576835",3127,41.992543,21.576835,14,R,840.6,house,1,10.3,4.2,3.3,ms,,,garage,flat,3.2
"stage 1 - building 3128 - 41.992326, 21.576736",3128,41.992326,21.576736,14,R,865.5,house,1,15.4,11.0,3.3,ms,,,house,gable,7.0
"stage 1 - building 3129 - 41.992191, 21.576886",3129,41.992191,21.576886,14,R,879.1,house,1,7.3,4.5,3.3,ms,,,garage,flat,3.2
"stage 1 - building 3130 - 41.991984, 21.576873",3130,41.991984,21.576873,14,R,902.1,house,1,9.7,8.8,3.3,ms,,,house,gable,7.0
"stage 1 - building 3131 - 41.991928, 21.576720",3131,41.991928,21.576720,14,R,909.6,house,1,9.1,5.7,3.3,ms,,,house,gable,7.0
"stage 1 - building 3132 - 41.991715, 21.576893",3132,41.991715,21.576893,14,R,931.8,flat,1,5.3,4.0,2.7,ms,,,garage,flat,3.2
"stage 1 - building 3133 - 41.991549, 21.576588",3133,41.991549,21.576588,14,R,952.6,house,1,21.1,7.7,3.3,ms,,,row,flat,9.5
"stage 1 - building 3134 - 41.991516, 21.576920",3134,41.991516,21.576920,14,R,953.5,flat,1,20.3,19.4,7.0,ms,,,row,flat,9.5
"stage 1 - building 3135 - 41.991511, 21.576701",3135,41.991511,21.576701,14,R,955.8,house,2,20.9,11.8,6.2,ms,,,row,flat,9.5
"stage 1 - building 3136 - 41.990360, 21.576421",3136,41.990360,21.576421,14,R,1085.4,house,2,13.0,10.8,6.2,ms,,,house,gable,7.0
"stage 1 - building 3137 - 41.990327, 21.576604",3137,41.990327,21.576604,14,R,1087.5,house,1,21.3,13.8,3.3,ms,,,house,gable,7.0
"stage 1 - building 3138 - 41.990192, 21.576349",3138,41.990192,21.576349,14,R,1104.7,house,1,8.1,7.5,3.3,ms,,,house,gable,7.0
"stage 1 - building 3139 - 41.990153, 21.576519",3139,41.990153,21.576519,14,R,1107.4,flat,1,6.7,4.1,2.7,ms,,,garage,flat,3.2
"stage 1 - building 3140 - 41.990142, 21.576418",3140,41.990142,21.576418,14,R,1109.5,flat,1,7.2,3.5,2.7,ms,,,garage,flat,3.2
"stage 1 - building 3141 - 41.989972, 21.576335",3141,41.989972,21.576335,14,R,1129.0,house,2,14.8,13.0,6.2,ms,,,house,gable,7.0
"stage 1 - building 3142 - 41.989092, 21.576181",3142,41.989092,21.576181,14,R,1227.6,house,1,6.2,5.2,3.3,ms,,,garage,flat,3.2
"stage 1 - building 3143 - 41.973673, 21.574665",3143,41.973673,21.574665,14,R,2944.2,house,1,18.9,7.3,3.3,ms,,,house,gable,7.0
"stage 1 - building 3144 - 41.973540, 21.574545",3144,41.973540,21.574545,14,R,2959.8,house,2,13.1,6.3,6.2,ms,,,house,gable,7.0
"stage 1 - building 3145 - 41.973479, 21.574660",3145,41.973479,21.574660,14,R,2965.7,house,2,17.3,6.9,6.2,ms,,,house,gable,7.0
"stage 1 - building 3146 - 41.973348, 21.574535",3146,41.973348,21.574535,14,R,2981.1,house,2,24.4,7.1,6.2,ms,,,house,gable,7.0
"stage 1 - building 3147 - 41.972644, 21.574035",3147,41.972644,21.574035,14,R,3063.0,house,1,7.8,5.8,3.3,ms,,,garage,flat,3.2
"stage 1 - building 3148 - 41.972548, 21.574167",3148,41.972548,21.574167,14,R,3072.5,flat,1,6.2,4.4,2.7,ms,,,garage,flat,3.2
"stage 1 - building 3149 - 41.972490, 21.573801",3149,41.972490,21.573801,14,R,3082.1,flat,1,4.4,3.0,2.7,ms,,,garage,flat,3.2
"stage 1 - building 3150 - 41.996214, 21.577519",3150,41.996214,21.577519,15,R,429.4,flat,1,6.3,4.7,2.7,ms,,,garage,flat,3.2
"stage 1 - building 3151 - 41.996054, 21.577476",3151,41.996054,21.577476,15,R,447.4,house,2,11.5,11.0,6.2,ms,,,house,gable,7.0
"stage 1 - building 3152 - 41.996012, 21.577605",3152,41.996012,21.577605,15,R,451.4,house,2,14.0,8.8,6.2,ms,,,house,gable,7.0
"stage 1 - building 3153 - 41.995781, 21.577525",3153,41.995781,21.577525,15,R,477.4,house,1,13.3,6.9,3.3,ms,,,house,gable,7.0
"stage 1 - building 3154 - 41.995695, 21.577592",3154,41.995695,21.577592,15,R,486.6,flat,1,4.9,3.2,2.7,ms,,,garage,flat,3.2
"stage 1 - building 3155 - 41.995600, 21.577568",3155,41.995600,21.577568,15,R,497.2,house,2,14.8,11.3,6.2,ms,,,house,gable,7.0
"stage 1 - building 3156 - 41.995472, 21.577532",3156,41.995472,21.577532,15,R,511.6,house,2,16.1,14.0,6.2,ms,,,house,gable,7.0
"stage 1 - building 3157 - 41.995372, 21.577500",3157,41.995372,21.577500,15,R,522.8,house,1,14.2,5.8,3.3,ms,,,house,gable,7.0
"stage 1 - building 3158 - 41.995144, 21.577439",3158,41.995144,21.577439,15,R,548.4,flat,1,40.3,12.8,7.0,ms,,,house,gable,7.0
"stage 1 - building 3159 - 41.994703, 21.577352",3159,41.994703,21.577352,15,R,597.8,house,1,13.1,8.2,3.3,ms,,,house,gable,7.0
"stage 1 - building 3160 - 41.994444, 21.577393",3160,41.994444,21.577393,15,R,626.2,house,1,14.1,10.7,3.3,ms,,,house,gable,7.0
"stage 1 - building 3161 - 41.994329, 21.577304",3161,41.994329,21.577304,15,R,639.6,flat,1,6.0,2.2,2.7,ms,,,garage,flat,3.2
"stage 1 - building 3162 - 41.994257, 21.577349",3162,41.994257,21.577349,15,R,647.2,house,1,16.3,14.2,3.3,ms,,,row,flat,9.5
"stage 1 - building 3163 - 41.994098, 21.577275",3163,41.994098,21.577275,15,R,665.4,house,1,12.9,8.1,3.3,ms,,,house,gable,7.0
"stage 1 - building 3164 - 41.994012, 21.577273",3164,41.994012,21.577273,15,R,674.8,house,1,7.0,4.8,3.3,ms,,,garage,flat,3.2
"stage 1 - building 3165 - 41.993903, 21.577210",3165,41.993903,21.577210,15,R,687.3,flat,1,4.6,4.5,2.7,ms,,,garage,flat,3.2
"stage 1 - building 3166 - 41.993880, 21.577420",3166,41.993880,21.577420,15,R,688.7,house,1,15.0,8.7,3.3,ms,,,house,gable,7.0
"stage 1 - building 3167 - 41.993814, 21.577256",3167,41.993814,21.577256,15,R,696.9,house,1,9.5,8.9,3.3,ms,,,house,gable,7.0
"stage 1 - building 3168 - 41.993479, 21.577356",3168,41.993479,21.577356,15,R,733.4,house,2,12.9,10.6,6.2,ms,,,house,gable,7.0
"stage 1 - building 3169 - 41.993374, 21.577206",3169,41.993374,21.577206,15,R,745.9,house,2,10.5,8.5,6.2,ms,,,house,gable,7.0
"stage 1 - building 3170 - 41.993234, 21.577301",3170,41.993234,21.577301,15,R,760.8,flat,1,5.2,4.5,2.7,ms,,,garage,flat,3.2
"stage 1 - building 3171 - 41.992899, 21.577325",3171,41.992899,21.577325,15,R,797.9,house,1,7.1,4.9,3.3,ms,,,garage,flat,3.2
"stage 1 - building 3172 - 41.992651, 21.577284",3172,41.992651,21.577284,15,R,825.6,house,1,13.1,10.0,3.3,ms,,,house,gable,7.0
"stage 1 - building 3173 - 41.992504, 21.577187",3173,41.992504,21.577187,15,R,842.4,house,2,11.3,9.7,6.2,ms,,,house,gable,7.0
"stage 1 - building 3174 - 41.992308, 21.577043",3174,41.992308,21.577043,15,R,865.1,house,2,12.0,8.7,6.2,ms,,,house,gable,7.0
"stage 1 - building 3175 - 41.992238, 21.577308",3175,41.992238,21.577308,15,R,871.2,house,2,11.4,6.5,6.2,ms,,,house,gable,7.0
"stage 1 - building 3176 - 41.992210, 21.577154",3176,41.992210,21.577154,15,R,875.2,flat,1,7.9,3.2,2.7,ms,,,garage,flat,3.2
"stage 1 - building 3177 - 41.992141, 21.577281",3177,41.992141,21.577281,15,R,882.2,flat,1,4.4,3.1,2.7,ms,,,garage,flat,3.2
"stage 1 - building 3178 - 41.992051, 21.577139",3178,41.992051,21.577139,15,R,892.8,flat,1,21.0,17.9,7.0,ms,,,house,gable,7.0
"stage 1 - building 3179 - 41.991899, 21.577198",3179,41.991899,21.577198,15,R,909.4,flat,1,6.4,3.7,2.7,ms,,,garage,flat,3.2
"stage 1 - building 3180 - 41.991375, 21.577105",3180,41.991375,21.577105,15,R,968.0,flat,1,20.3,19.6,7.0,ms,,,row,flat,9.5
"stage 1 - building 3181 - 41.991190, 21.577051",3181,41.991190,21.577051,15,R,988.7,house,1,11.1,10.4,3.3,ms,,,house,gable,7.0
"stage 1 - building 3182 - 41.991074, 21.576991",3182,41.991074,21.576991,15,R,1002.0,house,1,13.3,4.4,3.3,ms,,,house,gable,7.0
"stage 1 - building 3183 - 41.991022, 21.577137",3183,41.991022,21.577137,15,R,1006.9,house,1,7.0,6.2,3.3,ms,,,garage,flat,3.2
"stage 1 - building 3184 - 41.990786, 21.576947",3184,41.990786,21.576947,15,R,1034.1,flat,1,49.2,42.3,9.0,ms,,,commercial,flat,7.0
"stage 1 - building 3185 - 41.990176, 21.577174",3185,41.990176,21.577174,15,R,1100.6,house,2,13.7,12.0,6.2,ms,,,house,gable,7.0
"stage 1 - building 3186 - 41.990050, 21.577073",3186,41.990050,21.577073,15,R,1115.0,house,1,10.5,9.8,3.3,ms,,,house,gable,7.0
"stage 1 - building 3187 - 41.989953, 21.577184",3187,41.989953,21.577184,15,R,1125.2,flat,1,5.1,4.8,2.7,ms,,,garage,flat,3.2
"stage 1 - building 3188 - 41.989906, 21.577040",3188,41.989906,21.577040,15,R,1131.2,house,1,18.3,11.7,3.3,ms,,,row,flat,9.5
"stage 1 - building 3189 - 41.989853, 21.576901",3189,41.989853,21.576901,15,R,1137.8,house,1,9.6,7.3,3.3,ms,,,row,flat,9.5
"stage 1 - building 3190 - 41.989775, 21.576873",3190,41.989775,21.576873,15,R,1146.6,house,2,12.8,8.5,6.2,ms,,,row,flat,9.5
"stage 1 - building 3191 - 41.989586, 21.576832",3191,41.989586,21.576832,15,R,1167.8,house,2,19.4,6.4,6.2,ms,,,row,flat,9.5
"stage 1 - building 3192 - 41.989543, 21.576739",3192,41.989543,21.576739,15,R,1173.2,house,1,12.8,9.3,3.3,ms,,,row,flat,9.5
"stage 1 - building 3193 - 41.975334, 21.575338",3193,41.975334,21.575338,15,R,2755.6,flat,1,4.5,3.1,2.7,ms,,,garage,flat,3.2
"stage 1 - building 3194 - 41.974925, 21.576065",3194,41.974925,21.576065,15,R,2797.1,house,1,7.0,4.9,3.3,ms,,,garage,flat,3.2
"stage 1 - building 3195 - 41.974247, 21.575857",3195,41.974247,21.575857,15,R,2873.2,house,1,21.3,3.8,3.3,ms,,,house,gable,7.0
"stage 1 - building 3196 - 41.973911, 21.575612",3196,41.973911,21.575612,15,R,2911.7,flat,1,4.5,3.7,2.7,ms,,,garage,flat,3.2
"stage 1 - building 3197 - 41.973876, 21.575732",3197,41.973876,21.575732,15,R,2915.0,house,2,18.9,4.3,6.2,ms,,,house,gable,7.0
"stage 1 - building 3198 - 41.973709, 21.575639",3198,41.973709,21.575639,15,R,2934.0,flat,1,4.6,3.4,2.7,ms,,,garage,flat,3.2
"stage 1 - building 3199 - 41.973690, 21.575703",3199,41.973690,21.575703,15,R,2935.7,house,1,7.1,4.7,3.3,ms,,,garage,flat,3.2
"stage 1 - building 3200 - 41.973662, 21.575906",3200,41.973662,21.575906,15,R,2937.9,house,1,10.8,8.2,3.3,ms,,,house,gable,7.0
"stage 1 - building 3201 - 41.973488, 21.575475",3201,41.973488,21.575475,15,R,2959.4,house,2,19.5,8.6,6.2,ms,,,house,gable,7.0
"stage 1 - building 3202 - 41.996192, 21.577690",3202,41.996192,21.577690,16,R,431.0,house,1,9.3,7.2,3.3,ms,,,house,gable,7.0
"stage 1 - building 3203 - 41.996056, 21.577775",3203,41.996056,21.577775,16,R,445.9,house,2,12.0,11.3,6.2,ms,,,house,gable,7.0
"stage 1 - building 3204 - 41.995883, 21.577648",3204,41.995883,21.577648,16,R,465.5,house,1,17.5,9.2,3.3,ms,,,house,gable,7.0
"stage 1 - building 3205 - 41.995175, 21.577618",3205,41.995175,21.577618,16,R,544.2,house,1,10.8,6.9,3.3,ms,,,house,gable,7.0
"stage 1 - building 3206 - 41.995045, 21.577606",3206,41.995045,21.577606,16,R,558.6,house,2,13.7,10.7,6.2,ms,,,house,gable,7.0
"stage 1 - building 3207 - 41.994348, 21.577679",3207,41.994348,21.577679,16,R,635.7,house,2,21.9,9.2,6.2,ms,,,house,gable,7.0
"stage 1 - building 3208 - 41.994232, 21.577561",3208,41.994232,21.577561,16,R,649.0,house,1,7.7,6.5,3.3,ms,,,house,gable,7.0
"stage 1 - building 3209 - 41.994118, 21.577498",3209,41.994118,21.577498,16,R,661.8,house,2,9.9,9.8,6.2,ms,,,house,gable,7.0
"stage 1 - building 3210 - 41.993145, 21.577609",3210,41.993145,21.577609,16,R,769.5,house,1,15.6,13.2,3.3,ms,,,house,gable,7.0
"stage 1 - building 3211 - 41.992883, 21.577427",3211,41.992883,21.577427,16,R,799.2,house,2,11.2,9.8,6.2,ms,,,row,flat,9.5
"stage 1 - building 3212 - 41.992848, 21.577651",3212,41.992848,21.577651,16,R,802.3,house,2,10.9,8.6,6.2,ms,,,house,gable,7.0
"stage 1 - building 3213 - 41.992734, 21.577423",3213,41.992734,21.577423,16,R,815.7,house,2,12.1,9.2,6.2,ms,,,house,gable,7.0
"stage 1 - building 3214 - 41.992436, 21.577382",3214,41.992436,21.577382,16,R,849.0,house,2,17.8,4.4,6.2,ms,,,house,gable,7.0
"stage 1 - building 3215 - 41.992226, 21.577417",3215,41.992226,21.577417,16,R,872.1,house,1,9.6,8.0,3.3,ms,,,house,gable,7.0
"stage 1 - building 3216 - 41.992115, 21.577560",3216,41.992115,21.577560,16,R,884.0,flat,1,4.8,4.2,2.7,ms,,,garage,flat,3.2
"stage 1 - building 3217 - 41.991203, 21.577364",3217,41.991203,21.577364,16,R,985.8,flat,1,25.0,17.1,7.0,ms,,,house,gable,7.0
"stage 1 - building 3218 - 41.990977, 21.577300",3218,41.990977,21.577300,16,R,1011.2,house,1,10.3,5.6,3.3,ms,,,house,gable,7.0
"stage 1 - building 3219 - 41.990679, 21.577433",3219,41.990679,21.577433,16,R,1043.8,flat,1,26.5,13.0,7.0,ms,,,house,gable,7.0
"stage 1 - building 3220 - 41.990400, 21.577597",3220,41.990400,21.577597,16,R,1074.3,flat,1,73.3,18.1,7.0,ms,,,commercial,flat,7.0
"stage 1 - building 3221 - 41.990155, 21.577352",3221,41.990155,21.577352,16,R,1102.2,house,1,9.1,4.1,3.3,ms,,,garage,flat,3.2
"stage 1 - building 3222 - 41.990052, 21.577476",3222,41.990052,21.577476,16,R,1113.2,house,1,15.7,13.2,3.3,ms,,,house,gable,7.0
"stage 1 - building 3223 - 41.988626, 21.577449",3223,41.988626,21.577449,16,R,1271.6,house,1,6.7,5.1,3.3,ms,,,garage,flat,3.2
"stage 1 - building 3224 - 41.988519, 21.577350",3224,41.988519,21.577350,16,R,1283.8,house,2,15.3,9.5,6.2,ms,,,house,gable,7.0
"stage 1 - building 3225 - 41.974863, 21.576349",3225,41.974863,21.576349,16,R,2802.7,flat,1,6.4,3.4,2.7,ms,,,garage,flat,3.2
"stage 1 - building 3226 - 41.974530, 21.576339",3226,41.974530,21.576339,16,R,2839.7,house,1,9.6,7.5,3.3,ms,,,house,gable,7.0
"stage 1 - building 3227 - 41.974209, 21.576220",3227,41.974209,21.576220,16,R,2875.8,house,1,10.4,5.0,3.3,ms,,,house,gable,7.0
"stage 1 - building 3228 - 41.972590, 21.576843",3228,41.972590,21.576843,16,R,3053.5,house,2,21.8,3.7,6.2,ms,,,house,gable,7.0
"stage 1 - building 3229 - 41.972451, 21.576737",3229,41.972451,21.576737,16,R,3069.1,house,2,20.7,4.3,6.2,ms,,,house,gable,7.0
"stage 1 - building 3230 - 41.972400, 21.576704",3230,41.972400,21.576704,16,R,3074.9,house,2,20.4,3.7,6.2,ms,,,house,gable,7.0
"stage 1 - building 3231 - 41.996166, 21.577802",3231,41.996166,21.577802,17,R,433.6,house,1,7.8,4.6,3.3,ms,,,garage,flat,3.2
"stage 1 - building 3232 - 41.995283, 21.577905",3232,41.995283,21.577905,17,R,531.5,house,1,13.2,6.7,3.3,ms,,,house,gable,7.0
"stage 1 - building 3233 - 41.995101, 21.577932",3233,41.995101,21.577932,17,R,551.8,house,1,29.2,9.1,3.3,ms,,,house,gable,7.0
"stage 1 - building 3234 - 41.994689, 21.577773",3234,41.994689,21.577773,17,R,597.7,house,2,12.8,12.7,6.2,osm,670303839,yes,house,gable,7.0
"stage 1 - building 3235 - 41.994591, 21.577873",3235,41.994591,21.577873,17,R,608.5,house,1,15.7,11.9,3.3,ms,,,house,gable,7.0
"stage 1 - building 3236 - 41.994168, 21.577931",3236,41.994168,21.577931,17,R,655.4,house,1,12.4,10.3,3.3,ms,,,house,gable,7.0
"stage 1 - building 3237 - 41.992774, 21.577960",3237,41.992774,21.577960,17,R,810.2,house,2,11.7,9.5,6.2,ms,,,house,gable,7.0
"stage 1 - building 3238 - 41.992629, 21.577919",3238,41.992629,21.577919,17,R,826.4,flat,1,5.1,3.0,2.7,ms,,,garage,flat,3.2
"stage 1 - building 3239 - 41.992568, 21.577837",3239,41.992568,21.577837,17,R,833.2,house,2,12.2,10.8,6.2,ms,,,house,gable,7.0
"stage 1 - building 3240 - 41.992483, 21.577861",3240,41.992483,21.577861,17,R,842.6,flat,1,4.9,3.7,2.7,ms,,,garage,flat,3.2
"stage 1 - building 3241 - 41.992216, 21.577925",3241,41.992216,21.577925,17,R,872.2,house,2,12.2,9.2,6.2,ms,,,house,gable,7.0
"stage 1 - building 3242 - 41.992085, 21.577772",3242,41.992085,21.577772,17,R,886.8,house,2,23.4,12.3,6.2,ms,,,house,gable,7.0
"stage 1 - building 3243 - 41.991984, 21.577755",3243,41.991984,21.577755,17,R,898.2,house,1,9.4,7.1,3.3,ms,,,house,gable,7.0
"stage 1 - building 3244 - 41.991830, 21.577938",3244,41.991830,21.577938,17,R,915.1,house,2,14.3,9.1,6.2,ms,,,house,gable,7.0
"stage 1 - building 3245 - 41.991803, 21.577692",3245,41.991803,21.577692,17,R,918.3,house,2,16.5,10.6,6.2,ms,,,house,gable,7.0
"stage 1 - building 3246 - 41.991672, 21.577850",3246,41.991672,21.577850,17,R,932.7,house,1,13.5,6.4,3.3,ms,,,house,gable,7.0
"stage 1 - building 3247 - 41.989430, 21.577949",3247,41.989430,21.577949,17,R,1181.7,house,1,12.0,10.2,3.3,ms,,,house,gable,7.0
"stage 1 - building 3248 - 41.989361, 21.577757",3248,41.989361,21.577757,17,R,1189.4,house,1,15.8,4.3,3.3,ms,,,house,gable,7.0
"stage 1 - building 3249 - 41.989221, 21.577823",3249,41.989221,21.577823,17,R,1204.9,house,1,13.1,10.4,3.3,ms,,,house,gable,7.0
"stage 1 - building 3250 - 41.989220, 21.577684",3250,41.989220,21.577684,17,R,1205.2,house,1,6.7,6.1,3.3,ms,,,garage,flat,3.2
"stage 1 - building 3251 - 41.989025, 21.577881",3251,41.989025,21.577881,17,R,1226.7,house,2,15.5,12.2,6.2,ms,,,house,gable,7.0
"stage 1 - building 3252 - 41.988957, 21.577660",3252,41.988957,21.577660,17,R,1234.4,house,1,12.8,10.9,3.3,ms,,,house,gable,7.0
"stage 1 - building 3253 - 41.988809, 21.577758",3253,41.988809,21.577758,17,R,1250.8,house,2,13.2,12.1,6.2,ms,,,house,gable,7.0
"stage 1 - building 3254 - 41.994928, 21.578009",3254,41.994928,21.578009,18,R,571.0,flat,1,5.8,4.5,2.7,ms,,,garage,flat,3.2
"stage 1 - building 3255 - 41.994784, 21.578075",3255,41.994784,21.578075,18,R,587.1,flat,1,23.3,14.6,7.0,ms,,,house,gable,7.0
"stage 1 - building 3256 - 41.994542, 21.578111",3256,41.994542,21.578111,18,R,614.0,flat,1,23.5,13.6,7.0,ms,,,house,gable,7.0
"stage 1 - building 3257 - 41.993133, 21.578055",3257,41.993133,21.578055,18,R,770.4,house,2,17.7,10.0,6.2,ms,,,house,gable,7.0
"stage 1 - building 3258 - 41.993019, 21.578027",3258,41.993019,21.578027,18,R,783.1,house,1,22.6,8.1,3.3,ms,,,house,gable,7.0
"stage 1 - building 3259 - 41.992921, 21.578061",3259,41.992921,21.578061,18,R,794.0,house,2,12.4,6.0,6.2,ms,,,house,gable,7.0
"stage 1 - building 3260 - 41.992593, 21.578083",3260,41.992593,21.578083,18,R,830.4,flat,1,5.3,3.9,2.7,ms,,,garage,flat,3.2
"stage 1 - building 3261 - 41.992532, 21.577995",3261,41.992532,21.577995,18,R,837.1,house,2,11.7,9.4,6.2,ms,,,house,gable,7.0
"stage 1 - building 3262 - 41.992347, 21.577980",3262,41.992347,21.577980,18,R,857.7,house,1,9.9,5.1,3.3,ms,,,house,gable,7.0
"stage 1 - building 3263 - 41.992329, 21.578147",3263,41.992329,21.578147,18,R,859.8,house,1,6.1,5.9,3.3,ms,,,garage,flat,3.2
"stage 1 - building 3264 - 41.992272, 21.578101",3264,41.992272,21.578101,18,R,866.1,house,1,6.7,5.5,3.3,ms,,,garage,flat,3.2
"stage 1 - building 3265 - 41.992165, 21.578083",3265,41.992165,21.578083,18,R,877.9,house,1,11.8,10.7,3.3,ms,,,house,gable,7.0
"stage 1 - building 3266 - 41.992137, 21.578186",3266,41.992137,21.578186,18,R,881.2,flat,1,4.6,4.2,2.7,ms,,,garage,flat,3.2
"stage 1 - building 3267 - 41.992055, 21.577994",3267,41.992055,21.577994,18,R,890.1,house,2,10.4,10.3,6.2,ms,,,house,gable,7.0
"stage 1 - building 3268 - 41.992017, 21.578196",3268,41.992017,21.578196,18,R,894.5,house,2,17.7,7.0,6.2,ms,,,house,gable,7.0
"stage 1 - building 3269 - 41.991943, 21.578045",3269,41.991943,21.578045,18,R,902.6,house,1,12.0,3.4,3.3,ms,,,garage,flat,3.2
"stage 1 - building 3270 - 41.990215, 21.578304",3270,41.990215,21.578304,18,R,1094.9,flat,1,30.8,21.8,7.0,ms,,,commercial,flat,7.0
"stage 1 - building 3271 - 41.989773, 21.578195",3271,41.989773,21.578195,18,R,1143.8,house,2,12.7,9.5,6.2,ms,,,house,gable,7.0
"stage 1 - building 3272 - 41.989507, 21.578015",3272,41.989507,21.578015,18,R,1173.1,flat,1,6.8,3.7,2.7,ms,,,garage,flat,3.2
"stage 1 - building 3273 - 41.989450, 21.578206",3273,41.989450,21.578206,18,R,1179.6,house,2,13.8,11.3,6.2,ms,,,house,gable,7.0
"stage 1 - building 3274 - 41.989049, 21.578277",3274,41.989049,21.578277,18,R,1224.3,house,1,11.6,11.4,3.3,ms,,,house,gable,7.0
"stage 1 - building 3275 - 41.988890, 21.578183",3275,41.988890,21.578183,18,R,1241.8,house,2,13.2,9.4,6.2,ms,,,house,gable,7.0
"stage 1 - building 3276 - 41.988316, 21.578044",3276,41.988316,21.578044,18,R,1305.4,house,1,9.9,8.7,3.3,ms,,,house,gable,7.0
"stage 1 - building 3277 - 41.996288, 21.578131",3277,41.996288,21.578131,19,R,420.3,house,1,8.8,4.3,3.3,ms,,,garage,flat,3.2
"stage 1 - building 3278 - 41.995084, 21.578271",3278,41.995084,21.578271,19,R,554.3,house,1,12.5,11.7,3.3,ms,,,house,gable,7.0
"stage 1 - building 3279 - 41.994730, 21.578298",3279,41.994730,21.578298,19,R,593.6,house,1,16.9,15.2,3.3,ms,,,house,gable,7.0
"stage 1 - building 3280 - 41.994176, 21.578354",3280,41.994176,21.578354,19,R,655.4,house,2,9.9,8.3,6.2,ms,,,row,flat,9.5
"stage 1 - building 3281 - 41.993990, 21.578339",3281,41.993990,21.578339,19,R,675.9,house,2,13.4,10.4,6.2,ms,,,house,gable,7.0
"stage 1 - building 3282 - 41.993859, 21.578279",3282,41.993859,21.578279,19,R,690.2,house,1,13.1,12.4,3.3,ms,,,house,gable,7.0
"stage 1 - building 3283 - 41.993587, 21.578268",3283,41.993587,21.578268,19,R,720.4,house,2,14.3,11.7,6.2,ms,,,house,gable,7.0
"stage 1 - building 3284 - 41.993141, 21.578247",3284,41.993141,21.578247,19,R,769.9,house,1,11.2,5.3,3.3,ms,,,house,gable,7.0
"stage 1 - building 3285 - 41.993080, 21.578224",3285,41.993080,21.578224,19,R,776.6,flat,1,3.7,3.4,2.7,ms,,,garage,flat,3.2
"stage 1 - building 3286 - 41.993063, 21.578376",3286,41.993063,21.578376,19,R,778.9,house,1,14.1,3.7,3.3,ms,,,house,gable,7.0
"stage 1 - building 3287 - 41.993002, 21.578368",3287,41.993002,21.578368,19,R,785.7,flat,1,6.1,3.2,2.7,ms,,,garage,flat,3.2
"stage 1 - building 3288 - 41.992973, 21.578260",3288,41.992973,21.578260,19,R,788.6,flat,1,6.5,3.8,2.7,ms,,,garage,flat,3.2
"stage 1 - building 3289 - 41.992692, 21.578383",3289,41.992692,21.578383,19,R,820.1,house,1,11.9,5.0,3.3,ms,,,house,gable,7.0
"stage 1 - building 3290 - 41.992543, 21.578276",3290,41.992543,21.578276,19,R,836.4,house,1,14.7,4.0,3.3,ms,,,house,gable,7.0
"stage 1 - building 3291 - 41.992484, 21.578409",3291,41.992484,21.578409,19,R,843.3,house,2,9.9,6.8,6.2,ms,,,house,gable,7.0
"stage 1 - building 3292 - 41.992409, 21.578472",3292,41.992409,21.578472,19,R,851.8,house,1,8.7,3.5,3.3,ms,,,garage,flat,3.2
"stage 1 - building 3293 - 41.992358, 21.578307",3293,41.992358,21.578307,19,R,857.0,house,1,19.2,10.2,3.3,ms,,,house,gable,7.0
"stage 1 - building 3294 - 41.992198, 21.578322",3294,41.992198,21.578322,19,R,874.7,house,2,13.1,8.1,6.2,ms,,,house,gable,7.0
"stage 1 - building 3295 - 41.991975, 21.578409",3295,41.991975,21.578409,19,R,899.8,house,2,10.1,6.8,6.2,ms,,,house,gable,7.0
"stage 1 - building 3296 - 41.990142, 21.578578",3296,41.990142,21.578578,19,R,1103.8,house,2,10.5,9.5,6.2,ms,,,house,gable,7.0
"stage 1 - building 3297 - 41.989816, 21.578445",3297,41.989816,21.578445,19,R,1139.5,house,2,13.0,8.8,6.2,ms,,,house,gable,7.0
"stage 1 - building 3298 - 41.989710, 21.578379",3298,41.989710,21.578379,19,R,1151.1,house,1,12.0,11.3,3.3,ms,,,house,gable,7.0
"stage 1 - building 3299 - 41.989222, 21.578395",3299,41.989222,21.578395,19,R,1205.4,house,1,12.0,10.0,3.3,ms,,,house,gable,7.0
"stage 1 - building 3300 - 41.988908, 21.578519",3300,41.988908,21.578519,19,R,1240.5,house,2,12.5,7.3,6.2,ms,,,house,gable,7.0
"stage 1 - building 3301 - 41.995224, 21.578305",3301,41.995224,21.578305,20,R,538.9,house,1,8.9,8.7,3.3,ms,,,house,gable,7.0
"stage 1 - building 3302 - 41.994152, 21.578427",3302,41.994152,21.578427,20,R,658.4,house,1,9.2,4.1,3.3,ms,,,garage,flat,3.2
"stage 1 - building 3303 - 41.994074, 21.578491",3303,41.994074,21.578491,20,R,667.3,house,1,9.3,4.7,3.3,ms,,,garage,flat,3.2
"stage 1 - building 3304 - 41.993880, 21.578485",3304,41.993880,21.578485,20,R,688.8,house,2,11.3,9.6,6.2,ms,,,house,gable,7.0
"stage 1 - building 3305 - 41.993374, 21.578513",3305,41.993374,21.578513,20,R,745.0,house,2,14.8,5.7,6.2,ms,,,house,gable,7.0
"stage 1 - building 3306 - 41.993240, 21.578455",3306,41.993240,21.578455,20,R,759.7,house,2,9.4,8.7,6.2,ms,,,house,gable,7.0
"stage 1 - building 3307 - 41.993040, 21.578586",3307,41.993040,21.578586,20,R,782.4,house,2,12.8,11.7,6.2,ms,,,house,gable,7.0
"stage 1 - building 3308 - 41.992979, 21.578439",3308,41.992979,21.578439,20,R,788.5,flat,1,4.6,3.3,2.7,ms,,,garage,flat,3.2
"stage 1 - building 3309 - 41.992706, 21.578594",3309,41.992706,21.578594,20,R,819.5,house,1,8.9,3.6,3.3,ms,,,garage,flat,3.2
"stage 1 - building 3310 - 41.992618, 21.578565",3310,41.992618,21.578565,20,R,829.1,house,1,12.0,11.8,3.3,ms,,,house,gable,7.0
"stage 1 - building 3311 - 41.992357, 21.578680",3311,41.992357,21.578680,20,R,858.7,flat,1,4.4,3.9,2.7,ms,,,garage,flat,3.2
"stage 1 - building 3312 - 41.992141, 21.578626",3312,41.992141,21.578626,20,R,882.3,flat,1,5.1,3.7,2.7,ms,,,garage,flat,3.2
"stage 1 - building 3313 - 41.991989, 21.578596",3313,41.991989,21.578596,20,R,899.0,house,1,10.5,4.2,3.3,ms,,,garage,flat,3.2
"stage 1 - building 3314 - 41.990216, 21.578829",3314,41.990216,21.578829,20,R,1096.8,house,1,7.8,6.5,3.3,ms,,,house,gable,7.0
"stage 1 - building 3315 - 41.990088, 21.578792",3315,41.990088,21.578792,20,R,1110.7,house,1,17.6,16.2,3.3,ms,,,house,gable,7.0
"stage 1 - building 3316 - 41.989637, 21.578673",3316,41.989637,21.578673,20,R,1160.2,house,2,15.3,11.5,6.2,ms,,,house,gable,7.0
"stage 1 - building 3317 - 41.981909, 21.579656",3317,41.981909,21.579656,20,R,2021.9,house,2,15.9,4.1,6.2,ms,,,house,gable,7.0
"stage 1 - building 3318 - 41.994914, 21.578590",3318,41.994914,21.578590,21,R,575.0,flat,1,40.2,16.7,7.0,ms,,,commercial,flat,7.0
"stage 1 - building 3319 - 41.994334, 21.578654",3319,41.994334,21.578654,21,R,639.5,house,2,13.4,11.7,6.2,ms,,,house,gable,7.0
"stage 1 - building 3320 - 41.993780, 21.578636",3320,41.993780,21.578636,21,R,700.8,flat,1,5.2,3.1,2.7,ms,,,garage,flat,3.2
"stage 1 - building 3321 - 41.993712, 21.578623",3321,41.993712,21.578623,21,R,708.2,house,1,7.0,6.4,3.3,ms,,,garage,flat,3.2
"stage 1 - building 3322 - 41.993587, 21.578608",3322,41.993587,21.578608,21,R,721.9,house,1,18.2,6.2,3.3,ms,,,house,gable,7.0
"stage 1 - building 3323 - 41.993284, 21.578662",3323,41.993284,21.578662,21,R,755.8,house,2,12.1,10.6,6.2,ms,,,house,gable,7.0
"stage 1 - building 3324 - 41.992682, 21.578842",3324,41.992682,21.578842,21,R,823.8,house,1,9.4,6.1,3.3,ms,,,house,gable,7.0
"stage 1 - building 3325 - 41.992494, 21.578770",3325,41.992494,21.578770,21,R,844.0,house,2,11.7,10.1,6.2,ms,,,house,gable,7.0
"stage 1 - building 3326 - 41.992236, 21.578740",3326,41.992236,21.578740,21,R,872.5,house,2,15.9,14.2,6.2,ms,,,house,gable,7.0
"stage 1 - building 3327 - 41.992162, 21.578898",3327,41.992162,21.578898,21,R,881.7,house,1,7.8,6.7,3.3,ms,,,house,gable,7.0
"stage 1 - building 3328 - 41.992024, 21.578865",3328,41.992024,21.578865,21,R,896.7,house,1,15.5,13.2,3.3,ms,,,house,gable,7.0
"stage 1 - building 3329 - 41.990829, 21.579073",3329,41.990829,21.579073,21,R,1030.4,flat,1,95.6,12.2,7.0,osm,491653953,yes,commercial,flat,7.0
"stage 1 - building 3330 - 41.989828, 21.579045",3330,41.989828,21.579045,21,R,1141.1,flat,1,36.2,18.5,7.0,ms,,,commercial,flat,7.0
"stage 1 - building 3331 - 41.989532, 21.579084",3331,41.989532,21.579084,21,R,1174.1,house,2,12.5,12.0,6.2,ms,,,house,gable,7.0
"stage 1 - building 3332 - 41.981771, 21.579768",3332,41.981771,21.579768,21,R,2038.0,house,1,16.4,4.1,3.3,ms,,,house,gable,7.0
"stage 1 - building 3333 - 41.993937, 21.578828",3333,41.993937,21.578828,22,R,684.8,house,2,16.9,12.6,6.2,ms,,,house,gable,7.0
"stage 1 - building 3334 - 41.993312, 21.578930",3334,41.993312,21.578930,22,R,754.7,flat,1,26.4,12.0,7.0,ms,,,house,gable,7.0
"stage 1 - building 3335 - 41.993083, 21.578968",3335,41.993083,21.578968,22,R,780.4,house,1,12.8,10.2,3.3,ms,,,house,gable,7.0
"stage 1 - building 3336 - 41.992991, 21.578883",3336,41.992991,21.578883,22,R,789.8,flat,1,5.4,4.6,2.7,ms,,,garage,flat,3.2
"stage 1 - building 3337 - 41.992875, 21.578870",3337,41.992875,21.578870,22,R,802.6,house,2,17.5,14.5,6.2,ms,,,house,gable,7.0
"stage 1 - building 3338 - 41.992347, 21.579033",3338,41.992347,21.579033,22,R,862.2,house,1,8.4,4.4,3.3,ms,,,garage,flat,3.2
"stage 1 - building 3339 - 41.992028, 21.579111",3339,41.992028,21.579111,22,R,898.2,house,1,12.5,4.4,3.3,ms,,,house,gable,7.0
"stage 1 - building 3340 - 41.991692, 21.579071",3340,41.991692,21.579071,22,R,934.9,house,2,18.2,8.3,6.2,ms,,,house,gable,7.0
"stage 1 - building 3341 - 41.990303, 21.579191",3341,41.990303,21.579191,22,R,1089.5,house,1,13.0,6.7,3.3,ms,,,house,gable,7.0
"stage 1 - building 3342 - 41.990141, 21.579189",3342,41.990141,21.579189,22,R,1107.4,flat,1,46.1,12.9,7.0,ms,,,row,flat,9.5
"stage 1 - building 3343 - 41.990048, 21.579257",3343,41.990048,21.579257,22,R,1118.2,flat,1,7.6,2.1,2.7,ms,,,garage,flat,3.2
"stage 1 - building 3344 - 41.989927, 21.579289",3344,41.989927,21.579289,22,R,1131.9,house,1,15.5,6.5,3.3,ms,,,house,gable,7.0
"stage 1 - building 3345 - 41.989451, 21.579440",3345,41.989451,21.579440,22,R,1185.7,house,1,11.2,5.9,3.3,ms,,,house,gable,7.0
"stage 1 - building 3346 - 41.994775, 21.578753",3346,41.994775,21.578753,23,R,591.6,house,1,23.1,6.1,3.3,ms,,,house,gable,7.0
"stage 1 - building 3347 - 41.994632, 21.578770",3347,41.994632,21.578770,23,R,607.5,house,1,10.6,10.0,3.3,ms,,,house,gable,7.0
"stage 1 - building 3348 - 41.993578, 21.578942",3348,41.993578,21.578942,23,R,725.4,house,2,18.7,7.6,6.2,ms,,,house,gable,7.0
"stage 1 - building 3349 - 41.992629, 21.579053",3349,41.992629,21.579053,23,R,831.3,house,2,15.8,12.6,6.2,ms,,,house,gable,7.0
"stage 1 - building 3350 - 41.992208, 21.579165",3350,41.992208,21.579165,23,R,878.8,house,1,8.2,5.3,3.3,ms,,,garage,flat,3.2
"stage 1 - building 3351 - 41.991482, 21.579348",3351,41.991482,21.579348,23,R,960.6,flat,1,52.9,13.7,7.0,osm,491653954,yes,commercial,flat,7.0
"stage 1 - building 3352 - 41.990576, 21.579526",3352,41.990576,21.579526,23,R,1062.2,house,1,18.5,15.6,3.3,osm,491653958,yes,house,gable,7.0
"stage 1 - building 3353 - 41.990246, 21.579390",3353,41.990246,21.579390,23,R,1097.5,house,2,20.9,7.4,6.2,ms,,,house,gable,7.0
"stage 1 - building 3354 - 41.989322, 21.579718",3354,41.989322,21.579718,23,R,1202.4,house,1,14.3,9.5,3.3,ms,,,house,gable,7.0
"stage 1 - building 3355 - 41.996326, 21.578610",3355,41.996326,21.578610,24,R,419.1,flat,1,4.7,4.5,2.7,ms,,,garage,flat,3.2
"stage 1 - building 3356 - 41.994862, 21.578888",3356,41.994862,21.578888,24,R,583.3,flat,1,4.0,3.2,2.7,ms,,,garage,flat,3.2
"stage 1 - building 3357 - 41.993823, 21.579076",3357,41.993823,21.579076,24,R,699.7,house,1,12.1,10.8,3.3,ms,,,house,gable,7.0
"stage 1 - building 3358 - 41.993281, 21.579139",3358,41.993281,21.579139,24,R,760.2,house,1,7.0,4.9,3.3,ms,,,garage,flat,3.2
"stage 1 - building 3359 - 41.993263, 21.579217",3359,41.993263,21.579217,24,R,762.9,house,1,18.3,7.1,3.3,ms,,,row,flat,9.5
"stage 1 - building 3360 - 41.993214, 21.579147",3360,41.993214,21.579147,24,R,767.6,flat,1,6.6,3.8,2.7,ms,,,garage,flat,3.2
"stage 1 - building 3361 - 41.992627, 21.579299",3361,41.992627,21.579299,24,R,833.8,flat,1,4.7,3.9,2.7,ms,,,garage,flat,3.2
"stage 1 - building 3362 - 41.992105, 21.579402",3362,41.992105,21.579402,24,R,892.5,house,2,12.1,10.1,6.2,ms,,,row,flat,9.5
"stage 1 - building 3363 - 41.990924, 21.579567",3363,41.990924,21.579567,24,R,1024.3,flat,1,45.4,19.2,7.0,osm,491653951,yes,commercial,flat,7.0
"stage 1 - building 3364 - 41.989827, 21.579746",3364,41.989827,21.579746,24,R,1147.0,house,1,12.5,11.1,3.3,ms,,,house,gable,7.0
"stage 1 - building 3365 - 41.989712, 21.579813",3365,41.989712,21.579813,24,R,1160.4,house,1,13.1,5.9,3.3,ms,,,house,gable,7.0
"stage 1 - building 3366 - 41.989438, 21.579770",3366,41.989438,21.579770,24,R,1190.2,house,1,21.4,10.8,3.3,ms,,,house,gable,7.0
"stage 1 - building 3367 - 41.989353, 21.579912",3367,41.989353,21.579912,24,R,1200.9,flat,1,4.5,3.6,2.7,ms,,,garage,flat,3.2
"stage 1 - building 3368 - 41.994912, 21.579031",3368,41.994912,21.579031,25,R,579.3,house,1,8.8,4.8,3.3,ms,,,garage,flat,3.2
"stage 1 - building 3369 - 41.994331, 21.579142",3369,41.994331,21.579142,25,R,644.5,house,2,11.1,10.0,6.2,ms,,,house,gable,7.0
"stage 1 - building 3370 - 41.993513, 21.579270",3370,41.993513,21.579270,25,R,735.9,house,1,11.8,8.1,3.3,ms,,,house,gable,7.0
"stage 1 - building 3371 - 41.992323, 21.579412",3371,41.992323,21.579412,25,R,868.6,house,2,12.9,12.0,6.2,ms,,,house,gable,7.0
"stage 1 - building 3372 - 41.992286, 21.579503",3372,41.992286,21.579503,25,R,873.6,flat,1,7.1,3.7,2.7,ms,,,garage,flat,3.2
"stage 1 - building 3373 - 41.992072, 21.579513",3373,41.992072,21.579513,25,R,897.3,house,1,11.7,8.0,3.3,ms,,,row,flat,9.5
"stage 1 - building 3374 - 41.989750, 21.579947",3374,41.989750,21.579947,25,R,1157.7,house,1,10.8,10.5,3.3,ms,,,house,gable,7.0
"stage 1 - building 3375 - 41.989632, 21.580007",3375,41.989632,21.580007,25,R,1171.4,flat,1,5.9,2.8,2.7,ms,,,garage,flat,3.2
"stage 1 - building 3376 - 41.989292, 21.580064",3376,41.989292,21.580064,25,R,1209.4,house,1,13.5,4.0,3.3,ms,,,house,gable,7.0
"stage 1 - building 3377 - 41.995239, 21.579000",3377,41.995239,21.579000,26,R,543.1,house,2,14.4,10.2,6.2,ms,,,house,gable,7.0
"stage 1 - building 3378 - 41.993641, 21.579375",3378,41.993641,21.579375,26,R,723.2,house,2,14.0,12.0,6.2,ms,,,house,gable,7.0
"stage 1 - building 3379 - 41.993139, 21.579438",3379,41.993139,21.579438,26,R,779.1,house,1,11.8,7.1,3.3,ms,,,house,gable,7.0
"stage 1 - building 3380 - 41.992660, 21.579508",3380,41.992660,21.579508,26,R,832.6,flat,1,22.6,17.0,7.0,ms,,,house,gable,7.0
"stage 1 - building 3381 - 41.992407, 21.579545",3381,41.992407,21.579545,26,R,860.8,flat,1,7.3,2.6,2.7,ms,,,garage,flat,3.2
"stage 1 - building 3382 - 41.991943, 21.579711",3382,41.991943,21.579711,26,R,913.9,house,2,19.3,12.5,6.2,osm,670306575,yes,house,gable,7.0
"stage 1 - building 3383 - 41.991553, 21.579821",3383,41.991553,21.579821,26,R,958.0,house,2,12.0,12.0,6.2,ms,,,house,gable,7.0
"stage 1 - building 3384 - 41.991343, 21.579793",3384,41.991343,21.579793,26,R,980.8,flat,1,20.8,17.2,7.0,osm,491653961,yes,house,gable,7.0
"stage 1 - building 3385 - 41.991135, 21.579811",3385,41.991135,21.579811,26,R,1003.8,house,2,19.2,15.3,6.2,osm,491653979,yes,house,gable,7.0
"stage 1 - building 3386 - 41.990638, 21.579923",3386,41.990638,21.579923,26,R,1059.7,house,1,8.1,5.2,3.3,ms,,,garage,flat,3.2
"stage 1 - building 3387 - 41.990380, 21.580005",3387,41.990380,21.580005,26,R,1089.1,house,1,9.6,8.9,3.3,ms,,,house,gable,7.0
"stage 1 - building 3388 - 41.990248, 21.580040",3388,41.990248,21.580040,26,R,1104.0,flat,1,3.8,3.4,2.7,ms,,,garage,flat,3.2
"stage 1 - building 3389 - 41.990137, 21.580024",3389,41.990137,21.580024,26,R,1116.0,house,2,11.3,10.3,6.2,ms,,,house,gable,7.0
"stage 1 - building 3390 - 41.989942, 21.580082",3390,41.989942,21.580082,26,R,1138.2,flat,1,4.2,3.6,2.7,ms,,,garage,flat,3.2
"stage 1 - building 3391 - 41.989906, 21.580143",3391,41.989906,21.580143,26,R,1142.9,flat,1,4.3,3.1,2.7,ms,,,garage,flat,3.2
"stage 1 - building 3392 - 41.989661, 21.580174",3392,41.989661,21.580174,26,R,1170.2,house,1,10.8,10.4,3.3,ms,,,house,gable,7.0
"stage 1 - building 3393 - 41.989398, 21.580142",3393,41.989398,21.580142,26,R,1198.7,house,1,12.9,3.7,3.3,ms,,,house,gable,7.0
"stage 1 - building 3394 - 41.995941, 21.578969",3394,41.995941,21.578969,27,R,465.6,house,2,21.8,10.1,6.2,ms,,,house,gable,7.0
"stage 1 - building 3395 - 41.994542, 21.579266",3395,41.994542,21.579266,27,R,623.0,flat,1,6.6,4.4,2.7,ms,,,garage,flat,3.2
"stage 1 - building 3396 - 41.994449, 21.579321",3396,41.994449,21.579321,27,R,633.8,house,1,9.0,4.7,3.3,ms,,,garage,flat,3.2
"stage 1 - building 3397 - 41.994266, 21.579287",3397,41.994266,21.579287,27,R,653.5,house,2,12.4,10.9,6.2,ms,,,house,gable,7.0
"stage 1 - building 3398 - 41.993245, 21.579587",3398,41.993245,21.579587,27,R,769.4,house,2,12.7,10.7,6.2,ms,,,house,gable,7.0
"stage 1 - building 3399 - 41.992219, 21.579781",3399,41.992219,21.579781,27,R,884.5,house,1,7.2,5.6,3.3,ms,,,garage,flat,3.2
"stage 1 - building 3400 - 41.990291, 21.580148",3400,41.990291,21.580148,27,R,1100.7,house,1,12.7,12.7,3.3,ms,,,house,gable,7.0
"stage 1 - building 3401 - 41.990156, 21.580170",3401,41.990156,21.580170,27,R,1115.9,house,1,7.6,4.9,3.3,ms,,,garage,flat,3.2
"stage 1 - building 3402 - 41.990058, 21.580169",3402,41.990058,21.580169,27,R,1126.6,house,2,14.0,10.5,6.2,ms,,,house,gable,7.0
"stage 1 - building 3403 - 41.989863, 21.580258",3403,41.989863,21.580258,27,R,1149.1,house,2,14.4,7.4,6.2,ms,,,house,gable,7.0
"stage 1 - building 3404 - 41.989626, 21.580299",3404,41.989626,21.580299,27,R,1175.6,house,1,9.0,7.6,3.3,ms,,,house,gable,7.0
"stage 1 - building 3405 - 41.986641, 21.580945",3405,41.986641,21.580945,27,R,1511.5,house,1,6.4,5.1,3.3,ms,,,garage,flat,3.2
"stage 1 - building 3406 - 41.994923, 21.579297",3406,41.994923,21.579297,28,R,581.7,flat,1,75.3,20.6,9.0,ms,,,commercial,flat,7.0
"stage 1 - building 3407 - 41.994384, 21.579415",3407,41.994384,21.579415,28,R,642.3,flat,1,6.4,3.7,2.7,ms,,,garage,flat,3.2
"stage 1 - building 3408 - 41.994343, 21.579365",3408,41.994343,21.579365,28,R,646.1,house,1,10.8,4.6,3.3,ms,,,house,gable,7.0
"stage 1 - building 3409 - 41.993982, 21.579482",3409,41.993982,21.579482,28,R,687.2,house,2,8.6,7.0,6.2,ms,,,house,gable,7.0
"stage 1 - building 3410 - 41.993459, 21.579614",3410,41.993459,21.579614,28,R,746.3,house,1,13.1,11.6,3.3,ms,,,house,gable,7.0
"stage 1 - building 3411 - 41.992991, 21.579692",3411,41.992991,21.579692,28,R,798.7,house,1,10.4,5.2,3.3,ms,,,house,gable,7.0
"stage 1 - building 3412 - 41.992871, 21.579751",3412,41.992871,21.579751,28,R,812.6,house,1,14.5,5.5,3.3,ms,,,house,gable,7.0
"stage 1 - building 3413 - 41.992737, 21.579731",3413,41.992737,21.579731,28,R,827.0,house,1,7.8,7.1,3.3,ms,,,house,gable,7.0
"stage 1 - building 3414 - 41.992465, 21.579847",3414,41.992465,21.579847,28,R,858.4,house,2,15.2,10.4,6.2,ms,,,house,gable,7.0
"stage 1 - building 3415 - 41.991292, 21.580089",3415,41.991292,21.580089,28,R,990.2,flat,1,7.3,2.8,2.7,ms,,,garage,flat,3.2
"stage 1 - building 3416 - 41.990470, 21.580247",3416,41.990470,21.580247,28,R,1082.4,house,1,7.5,4.6,3.3,ms,,,garage,flat,3.2
"stage 1 - building 3417 - 41.990068, 21.580359",3417,41.990068,21.580359,28,R,1128.0,house,1,7.6,5.2,3.3,ms,,,garage,flat,3.2
"stage 1 - building 3418 - 41.989887, 21.580496",3418,41.989887,21.580496,28,R,1149.8,house,1,8.3,5.4,3.3,ms,,,garage,flat,3.2
"stage 1 - building 3419 - 41.989740, 21.580555",3419,41.989740,21.580555,28,R,1166.8,flat,1,5.5,4.1,2.7,ms,,,garage,flat,3.2
"stage 1 - building 3420 - 41.989683, 21.580507",3420,41.989683,21.580507,28,R,1172.2,flat,1,5.5,5.4,2.7,ms,,,garage,flat,3.2
"stage 1 - building 3421 - 41.989591, 21.580609",3421,41.989591,21.580609,28,R,1183.7,house,1,13.5,7.7,3.3,ms,,,house,gable,7.0
"stage 1 - building 3422 - 41.996052, 21.579103",3422,41.996052,21.579103,29,R,455.4,house,1,9.1,6.1,3.3,ms,,,row,flat,9.5
"stage 1 - building 3423 - 41.992767, 21.579901",3423,41.992767,21.579901,29,R,826.2,house,2,45.4,6.2,6.2,ms,,,house,gable,7.0
"stage 1 - building 3424 - 41.992287, 21.579987",3424,41.992287,21.579987,29,R,879.9,house,1,10.6,4.2,3.3,ms,,,garage,flat,3.2
"stage 1 - building 3425 - 41.991859, 21.580099",3425,41.991859,21.580099,29,R,928.4,house,2,15.4,8.4,6.2,ms,,,house,gable,7.0
"stage 1 - building 3426 - 41.990302, 21.580445",3426,41.990302,21.580445,29,R,1103.7,house,2,15.1,10.3,6.2,ms,,,house,gable,7.0
"stage 1 - building 3427 - 41.996243, 21.579117",3427,41.996243,21.579117,30,R,434.8,house,1,18.3,13.4,3.3,ms,,,house,gable,7.0
"stage 1 - building 3428 - 41.996019, 21.579162",3428,41.996019,21.579162,30,R,460.0,house,1,12.2,4.6,3.3,ms,,,row,flat,9.5
"stage 1 - building 3429 - 41.995922, 21.579179",3429,41.995922,21.579179,30,R,470.8,flat,1,6.2,4.2,2.7,ms,,,garage,flat,3.2
"stage 1 - building 3430 - 41.995750, 21.579250",3430,41.995750,21.579250,30,R,490.7,house,1,8.8,4.9,3.3,ms,,,garage,flat,3.2
"stage 1 - building 3431 - 41.994561, 21.579540",3431,41.994561,21.579540,30,R,624.9,house,1,10.7,5.2,3.3,ms,,,house,gable,7.0
"stage 1 - building 3432 - 41.994431, 21.579533",3432,41.994431,21.579533,30,R,639.0,house,2,13.4,10.5,6.2,ms,,,house,gable,7.0
"stage 1 - building 3433 - 41.994186, 21.579655",3433,41.994186,21.579655,30,R,667.6,house,1,10.5,10.1,3.3,ms,,,house,gable,7.0
"stage 1 - building 3434 - 41.993985, 21.579714",3434,41.993985,21.579714,30,R,690.5,house,1,9.7,8.8,3.3,ms,,,house,gable,7.0
"stage 1 - building 3435 - 41.992759, 21.580029",3435,41.992759,21.580029,30,R,829.1,house,2,12.2,9.4,6.2,ms,,,house,gable,7.0
"stage 1 - building 3436 - 41.992125, 21.580137",3436,41.992125,21.580137,30,R,900.0,house,2,15.4,9.5,6.2,ms,,,house,gable,7.0
"stage 1 - building 3437 - 41.995591, 21.579326",3437,41.995591,21.579326,31,R,509.2,house,2,21.1,8.3,6.2,ms,,,house,gable,7.0
"stage 1 - building 3438 - 41.994069, 21.579772",3438,41.994069,21.579772,31,R,682.2,house,1,8.9,5.7,3.3,ms,,,house,gable,7.0
"stage 1 - building 3439 - 41.993214, 21.579971",3439,41.993214,21.579971,31,R,778.6,house,2,14.5,10.6,6.2,osm,670303832,residential,house,gable,7.0
"stage 1 - building 3440 - 41.992404, 21.580175",3440,41.992404,21.580175,31,R,870.1,house,1,14.3,12.1,3.3,ms,,,house,gable,7.0
"stage 1 - building 3441 - 41.993021, 21.580119",3441,41.993021,21.580119,32,R,802.1,house,1,12.8,10.1,3.3,ms,,,house,gable,7.0
"stage 1 - building 3442 - 41.992903, 21.580141",3442,41.992903,21.580141,32,R,815.3,house,2,9.0,7.3,6.2,ms,,,house,gable,7.0
"stage 1 - building 3443 - 41.994307, 21.579788",3443,41.994307,21.579788,33,R,656.6,house,1,20.7,9.2,3.3,ms,,,house,gable,7.0
"stage 1 - building 3444 - 41.996087, 21.579324",3444,41.996087,21.579324,35,R,455.3,house,1,11.2,10.2,3.3,ms,,,house,gable,7.0
"stage 1 - building 3445 - 41.994623, 21.579753",3445,41.994623,21.579753,35,R,621.7,house,1,11.0,10.6,3.3,ms,,,house,gable,7.0
"stage 1 - building 3446 - 41.994892, 21.579695",3446,41.994892,21.579695,36,R,591.6,house,2,13.8,10.7,6.2,ms,,,house,gable,7.0
"stage 1 - building 3447 - 41.994015, 21.579958",3447,41.994015,21.579958,36,R,691.3,house,2,12.0,10.6,6.2,ms,,,house,gable,7.0
"stage 1 - building 3448 - 41.994764, 21.579807",3448,41.994764,21.579807,41,R,607.4,house,1,12.0,5.5,3.3,ms,,,house,gable,7.0
"stage 1 - building 3449 - 41.995591, 21.579589",3449,41.995591,21.579589,43,R,513.8,flat,1,8.6,3.1,2.7,ms,,,garage,flat,3.2
"stage 1 - building 3450 - 41.994483, 21.579924",3450,41.994483,21.579924,43,R,639.9,house,1,6.7,6.2,3.3,ms,,,garage,flat,3.2
"stage 1 - building 3451 - 41.996018, 21.579475",3451,41.996018,21.579475,44,R,465.5,house,1,13.0,11.4,3.3,ms,,,house,gable,7.0
"stage 1 - building 3452 - 41.995452, 21.579654",3452,41.995452,21.579654,45,R,530.0,flat,1,6.2,3.2,2.7,ms,,,garage,flat,3.2
"stage 1 - building 3453 - 41.995421, 21.579730",3453,41.995421,21.579730,50,R,534.9,flat,1,5.7,3.7,2.7,ms,,,garage,flat,3.2
"stage 1 - building 3454 - 41.995035, 21.579872",3454,41.995035,21.579872,52,R,579.2,house,2,12.8,9.0,6.2,ms,,,house,gable,7.0
"stage 1 - building 3455 - 41.995848, 21.579641",3455,41.995848,21.579641,53,R,486.9,house,2,13.1,10.6,6.2,ms,,,house,gable,7.0
"stage 1 - building 3456 - 41.996085, 21.579594",3456,41.996085,21.579594,55,R,460.4,house,2,10.9,6.0,6.2,ms,,,house,gable,7.0
"stage 1 - building 3457 - 41.995622, 21.579769",3457,41.995622,21.579769,58,R,513.7,house,2,14.3,9.6,6.2,ms,,,house,gable,7.0
"stage 1 - building 3458 - 41.996256, 21.579598",3458,41.996256,21.579598,60,R,441.9,house,1,6.9,5.3,3.3,ms,,,garage,flat,3.2
"stage 1 - building 3459 - 41.996168, 21.579650",3459,41.996168,21.579650,62,R,452.3,house,1,16.4,10.3,3.3,ms,,,house,gable,7.0
"stage 1 - building 3460 - 41.996011, 21.579838",3460,41.996011,21.579838,184,R,470.9,house,1,9.0,8.7,3.3,ms,,,house,gable,7.0
"stage 1 - building 3461 - 41.995806, 21.579901",3461,41.995806,21.579901,190,R,493.7,house,2,10.5,9.8,6.2,ms,,,house,gable,7.0
"stage 1 - building 3462 - 41.995666, 21.579913",3462,41.995666,21.579913,191,R,509.1,flat,1,4.1,3.7,2.7,ms,,,garage,flat,3.2
"stage 1 - building 3463 - 41.995627, 21.579977",3463,41.995627,21.579977,196,R,513.4,flat,1,40.4,12.4,7.0,ms,,,house,gable,7.0
"stage 1 - building 3464 - 41.996274, 21.580032",3464,41.996274,21.580032,200,R,441.5,house,2,15.2,14.6,6.2,ms,,,house,gable,7.0
"stage 1 - building 3465 - 41.995932, 21.580030",3465,41.995932,21.580030,200,R,479.5,house,1,9.6,5.9,3.3,ms,,,house,gable,7.0
"stage 1 - building 3466 - 41.996090, 21.580115",3466,41.996090,21.580115,207,R,461.8,house,1,8.8,4.3,3.3,ms,,,garage,flat,3.2
"stage 1 - building 3467 - 41.993790, 21.580073",3467,41.993790,21.580073,207,R,717.4,house,1,13.2,12.2,3.3,ms,,,house,gable,7.0
"stage 1 - building 3468 - 41.994306, 21.580099",3468,41.994306,21.580099,208,R,660.0,house,2,13.5,9.1,6.2,ms,,,house,gable,7.0
"stage 1 - building 3469 - 41.994592, 21.580116",3469,41.994592,21.580116,209,R,628.2,house,1,14.7,11.2,3.3,ms,,,house,gable,7.0
"stage 1 - building 3470 - 41.994684, 21.580149",3470,41.994684,21.580149,211,R,618.0,flat,1,3.9,3.5,2.7,ms,,,garage,flat,3.2
"stage 1 - building 3471 - 41.993696, 21.580173",3471,41.993696,21.580173,212,R,727.7,house,1,12.9,11.3,3.3,ms,,,house,gable,7.0
"stage 1 - building 3472 - 41.995211, 21.580196",3472,41.995211,21.580196,213,R,559.4,house,1,12.3,9.6,3.3,ms,,,house,gable,7.0
"stage 1 - building 3473 - 41.994370, 21.580252",3473,41.994370,21.580252,214,R,652.8,house,1,8.9,6.6,3.3,ms,,,house,gable,7.0
"stage 1 - building 3474 - 41.992780, 21.580203",3474,41.992780,21.580203,214,R,829.4,house,1,8.3,6.0,3.3,ms,,,house,gable,7.0
"stage 1 - building 3475 - 41.996268, 21.580273",3475,41.996268,21.580273,215,R,441.9,house,1,16.3,12.0,3.3,ms,,,house,gable,7.0
"stage 1 - building 3476 - 41.995958, 21.580272",3476,41.995958,21.580272,215,R,476.4,house,1,10.9,4.6,3.3,ms,,,house,gable,7.0
"stage 1 - building 3477 - 41.995341, 21.580269",3477,41.995341,21.580269,215,R,544.9,house,1,11.5,7.9,3.3,ms,,,house,gable,7.0
"stage 1 - building 3478 - 41.993412, 21.580265",3478,41.993412,21.580265,215,R,759.2,flat,1,5.8,4.9,2.7,ms,,,garage,flat,3.2
"stage 1 - building 3479 - 41.994807, 21.580320",3479,41.994807,21.580320,216,R,604.2,flat,1,5.2,4.8,2.7,ms,,,garage,flat,3.2
"stage 1 - building 3480 - 41.994451, 21.580346",3480,41.994451,21.580346,216,R,643.7,flat,1,5.4,3.7,2.7,ms,,,garage,flat,3.2
"stage 1 - building 3481 - 41.993853, 21.580359",3481,41.993853,21.580359,216,R,710.2,house,1,9.1,8.3,3.3,ms,,,house,gable,7.0
"stage 1 - building 3482 - 41.993013, 21.580312",3482,41.993013,21.580312,216,R,803.5,house,1,10.5,8.6,3.3,osm,670303833,house,house,gable,7.0
"stage 1 - building 3483 - 41.992587, 21.580342",3483,41.992587,21.580342,216,R,850.8,flat,1,5.1,4.7,2.7,ms,,,garage,flat,3.2
"stage 1 - building 3484 - 41.995605, 21.580373",3484,41.995605,21.580373,217,R,515.6,house,1,17.8,10.6,3.3,ms,,,house,gable,7.0
"stage 1 - building 3485 - 41.995126, 21.580365",3485,41.995126,21.580365,217,R,568.8,house,1,7.9,4.6,3.3,ms,,,garage,flat,3.2
"stage 1 - building 3486 - 41.993701, 21.580417",3486,41.993701,21.580417,217,R,727.1,house,1,6.2,5.1,3.3,ms,,,garage,flat,3.2
"stage 1 - building 3487 - 41.993577, 21.580390",3487,41.993577,21.580390,217,R,740.9,flat,1,19.6,17.1,7.0,ms,,,row,flat,9.5
"stage 1 - building 3488 - 41.996205, 21.580441",3488,41.996205,21.580441,218,R,449.0,house,2,17.3,7.3,6.2,ms,,,house,gable,7.0
"stage 1 - building 3489 - 41.995269, 21.580466",3489,41.995269,21.580466,218,R,553.0,house,1,7.9,4.4,3.3,ms,,,garage,flat,3.2
"stage 1 - building 3490 - 41.995084, 21.580464",3490,41.995084,21.580464,218,R,573.6,flat,1,7.1,3.7,2.7,ms,,,garage,flat,3.2
"stage 1 - building 3491 - 41.994004, 21.580459",3491,41.994004,21.580459,218,R,693.5,house,2,15.7,11.6,6.2,ms,,,house,gable,7.0
"stage 1 - building 3492 - 41.993669, 21.580474",3492,41.993669,21.580474,218,R,730.8,flat,1,5.2,5.1,2.7,ms,,,garage,flat,3.2
"stage 1 - building 3493 - 41.992775, 21.580473",3493,41.992775,21.580473,218,R,830.0,house,2,11.5,8.9,6.2,ms,,,house,gable,7.0
"stage 1 - building 3494 - 41.992443, 21.580536",3494,41.992443,21.580536,218,R,867.0,house,2,17.3,5.1,6.2,ms,,,house,gable,7.0
"stage 1 - building 3495 - 41.992149, 21.580520",3495,41.992149,21.580520,218,R,899.6,house,1,8.1,4.3,3.3,ms,,,garage,flat,3.2
"stage 1 - building 3496 - 41.989967, 21.580569",3496,41.989967,21.580569,218,R,1142.0,house,2,11.6,11.5,6.2,ms,,,house,gable,7.0
"stage 1 - building 3497 - 41.989821, 21.580596",3497,41.989821,21.580596,218,R,1158.2,house,1,10.6,5.2,3.3,ms,,,house,gable,7.0
"stage 1 - building 3498 - 41.996066, 21.580462",3498,41.996066,21.580462,219,R,464.6,house,1,9.5,5.3,3.3,ms,,,house,gable,7.0
"stage 1 - building 3499 - 41.995471, 21.580467",3499,41.995471,21.580467,219,R,530.6,house,2,16.5,11.9,6.2,ms,,,house,gable,7.0
"stage 1 - building 3500 - 41.994772, 21.580528",3500,41.994772,21.580528,219,R,608.3,flat,1,6.4,4.5,2.7,ms,,,garage,flat,3.2
"stage 1 - building 3501 - 41.994645, 21.580509",3501,41.994645,21.580509,219,R,622.4,house,1,10.0,4.5,3.3,ms,,,garage,flat,3.2
"stage 1 - building 3502 - 41.994409, 21.580509",3502,41.994409,21.580509,219,R,648.6,house,2,10.0,8.7,6.2,ms,,,house,gable,7.0
"stage 1 - building 3503 - 41.994137, 21.580528",3503,41.994137,21.580528,219,R,678.8,flat,1,20.2,15.1,7.0,ms,,,house,gable,7.0
"stage 1 - building 3504 - 41.993847, 21.580513",3504,41.993847,21.580513,219,R,711.1,house,2,10.6,5.7,6.2,ms,,,house,gable,7.0
"stage 1 - building 3505 - 41.993750, 21.580532",3505,41.993750,21.580532,219,R,721.8,house,1,11.7,4.8,3.3,ms,,,house,gable,7.0
"stage 1 - building 3506 - 41.993532, 21.580561",3506,41.993532,21.580561,219,R,746.1,flat,1,6.9,3.3,2.7,ms,,,garage,flat,3.2
"stage 1 - building 3507 - 41.993429, 21.580571",3507,41.993429,21.580571,219,R,757.5,house,1,7.0,5.0,3.3,ms,,,garage,flat,3.2
"stage 1 - building 3508 - 41.993298, 21.580526",3508,41.993298,21.580526,219,R,772.0,house,2,15.3,9.9,6.2,ms,,,house,gable,7.0
"stage 1 - building 3509 - 41.993200, 21.580566",3509,41.993200,21.580566,219,R,782.9,flat,1,6.4,2.1,2.7,ms,,,garage,flat,3.2
"stage 1 - building 3510 - 41.992558, 21.580608",3510,41.992558,21.580608,219,R,854.3,house,1,10.4,9.7,3.3,ms,,,house,gable,7.0
"stage 1 - building 3511 - 41.992300, 21.580578",3511,41.992300,21.580578,219,R,882.9,house,2,10.7,10.2,6.2,ms,,,house,gable,7.0
"stage 1 - building 3512 - 41.991007, 21.580644",3512,41.991007,21.580644,219,R,1026.7,house,2,20.2,14.3,6.2,ms,,,house,gable,7.0
"stage 1 - building 3513 - 41.990810, 21.580662",3513,41.990810,21.580662,219,R,1048.5,house,1,5.6,5.5,3.3,ms,,,garage,flat,3.2
"stage 1 - building 3514 - 41.990763, 21.580620",3514,41.990763,21.580620,219,R,1053.7,flat,1,6.1,4.4,2.7,ms,,,garage,flat,3.2
"stage 1 - building 3515 - 41.990597, 21.580615",3515,41.990597,21.580615,219,R,1072.1,flat,1,23.8,17.2,7.0,ms,,,house,gable,7.0
"stage 1 - building 3516 - 41.990208, 21.580636",3516,41.990208,21.580636,219,R,1115.3,house,2,9.9,9.3,6.2,ms,,,house,gable,7.0
"stage 1 - building 3517 - 41.989797, 21.580714",3517,41.989797,21.580714,219,R,1161.1,house,1,11.7,8.0,3.3,ms,,,house,gable,7.0
"stage 1 - building 3518 - 41.989469, 21.580676",3518,41.989469,21.580676,219,R,1197.4,house,2,9.0,7.7,6.2,ms,,,house,gable,7.0
"stage 1 - building 3519 - 41.995033, 21.580597",3519,41.995033,21.580597,220,R,579.5,house,1,10.2,5.0,3.3,ms,,,house,gable,7.0
"stage 1 - building 3520 - 41.993202, 21.580654",3520,41.993202,21.580654,220,R,782.9,house,1,13.0,10.0,3.3,ms,,,row,flat,9.5
"stage 1 - building 3521 - 41.992803, 21.580643",3521,41.992803,21.580643,220,R,827.2,house,1,10.7,10.1,3.3,ms,,,house,gable,7.0
"stage 1 - building 3522 - 41.992660, 21.580691",3522,41.992660,21.580691,220,R,843.2,house,1,6.8,4.7,3.3,ms,,,garage,flat,3.2
"stage 1 - building 3523 - 41.991346, 21.580736",3523,41.991346,21.580736,220,R,989.2,house,2,13.1,10.2,6.2,ms,,,house,gable,7.0
"stage 1 - building 3524 - 41.990772, 21.580761",3524,41.990772,21.580761,220,R,1053.0,house,2,11.8,5.9,6.2,ms,,,house,gable,7.0
"stage 1 - building 3525 - 41.990147, 21.580736",3525,41.990147,21.580736,220,R,1122.3,flat,1,4.7,3.7,2.7,ms,,,garage,flat,3.2
"stage 1 - building 3526 - 41.990045, 21.580746",3526,41.990045,21.580746,220,R,1133.7,house,1,22.6,11.3,3.3,ms,,,row,flat,9.5
"stage 1 - building 3527 - 41.989405, 21.580820",3527,41.989405,21.580820,220,R,1204.9,house,2,8.5,7.8,6.2,ms,,,house,gable,7.0
"stage 1 - building 3528 - 41.995988, 21.580561",3528,41.995988,21.580561,221,R,473.4,house,2,15.8,5.3,6.2,ms,,,house,gable,7.0
"stage 1 - building 3529 - 41.995590, 21.580592",3529,41.995590,21.580592,221,R,517.6,house,1,16.0,10.8,3.3,ms,,,house,gable,7.0
"stage 1 - building 3530 - 41.995368, 21.580629",3530,41.995368,21.580629,221,R,542.5,house,2,12.9,11.3,6.2,ms,,,row,flat,9.5
"stage 1 - building 3531 - 41.994368, 21.580663",3531,41.994368,21.580663,221,R,653.5,house,1,11.6,10.9,3.3,ms,,,house,gable,7.0
"stage 1 - building 3532 - 41.993657, 21.580668",3532,41.993657,21.580668,221,R,732.5,flat,1,4.6,3.1,2.7,ms,,,garage,flat,3.2
"stage 1 - building 3533 - 41.993505, 21.580697",3533,41.993505,21.580697,221,R,749.4,house,1,9.5,9.0,3.3,ms,,,house,gable,7.0
"stage 1 - building 3534 - 41.993333, 21.580720",3534,41.993333,21.580720,221,R,768.6,house,1,8.3,6.3,3.3,ms,,,house,gable,7.0
"stage 1 - building 3535 - 41.992393, 21.580744",3535,41.992393,21.580744,221,R,873.0,flat,1,5.5,3.1,2.7,ms,,,garage,flat,3.2
"stage 1 - building 3536 - 41.991455, 21.580814",3536,41.991455,21.580814,221,R,977.3,house,2,11.8,11.2,6.2,ms,,,house,gable,7.0
"stage 1 - building 3537 - 41.991224, 21.580812",3537,41.991224,21.580812,221,R,1002.9,house,2,15.3,13.5,6.2,ms,,,house,gable,7.0
"stage 1 - building 3538 - 41.989900, 21.580886",3538,41.989900,21.580886,221,R,1150.2,house,1,9.2,4.7,3.3,ms,,,garage,flat,3.2
"stage 1 - building 3539 - 41.989645, 21.580918",3539,41.989645,21.580918,221,R,1178.6,house,1,15.7,7.9,3.3,ms,,,house,gable,7.0
"stage 1 - building 3540 - 41.986439, 21.581042",3540,41.986439,21.581042,221,R,1534.8,house,2,14.1,4.3,6.2,ms,,,house,gable,7.0
"stage 1 - building 3541 - 41.996177, 21.580610",3541,41.996177,21.580610,222,R,452.5,house,2,15.1,13.7,6.2,ms,,,house,gable,7.0
"stage 1 - building 3542 - 41.995439, 21.580666",3542,41.995439,21.580666,222,R,534.6,flat,1,4.8,3.3,2.7,ms,,,garage,flat,3.2
"stage 1 - building 3543 - 41.994027, 21.580719",3543,41.994027,21.580719,222,R,691.6,house,1,13.6,6.1,3.3,ms,,,house,gable,7.0
"stage 1 - building 3544 - 41.993123, 21.580803",3544,41.993123,21.580803,222,R,792.2,flat,1,23.5,13.5,7.0,ms,,,house,gable,7.0
"stage 1 - building 3545 - 41.991093, 21.580916",3545,41.991093,21.580916,222,R,1017.8,house,2,12.3,5.4,6.2,ms,,,house,gable,7.0
"stage 1 - building 3546 - 41.990973, 21.580905",3546,41.990973,21.580905,222,R,1031.1,house,1,19.5,11.1,3.3,ms,,,house,gable,7.0
"stage 1 - building 3547 - 41.990133, 21.580946",3547,41.990133,21.580946,222,R,1124.5,flat,1,21.9,19.0,7.0,ms,,,row,flat,9.5
"stage 1 - building 3548 - 41.989997, 21.580996",3548,41.989997,21.580996,222,R,1139.8,flat,1,5.2,3.2,2.7,ms,,,garage,flat,3.2
"stage 1 - building 3549 - 41.989565, 21.580944",3549,41.989565,21.580944,222,R,1187.5,flat,1,4.1,4.1,2.7,ms,,,garage,flat,3.2
"stage 1 - building 3550 - 41.986708, 21.581186",3550,41.986708,21.581186,222,R,1505.5,house,1,16.3,12.1,3.3,ms,,,house,gable,7.0
"stage 1 - building 3551 - 41.995899, 21.580670",3551,41.995899,21.580670,223,R,483.7,house,2,18.8,4.9,6.2,ms,,,house,gable,7.0
"stage 1 - building 3552 - 41.995080, 21.580723",3552,41.995080,21.580723,223,R,574.7,flat,1,5.9,3.9,2.7,ms,,,garage,flat,3.2
"stage 1 - building 3553 - 41.995006, 21.580704",3553,41.995006,21.580704,223,R,582.8,flat,1,7.4,3.8,2.7,ms,,,garage,flat,3.2
"stage 1 - building 3554 - 41.994426, 21.580747",3554,41.994426,21.580747,223,R,647.4,flat,1,4.5,4.0,2.7,ms,,,garage,flat,3.2
"stage 1 - building 3555 - 41.993481, 21.580827",3555,41.993481,21.580827,223,R,752.5,house,1,12.7,8.2,3.3,ms,,,house,gable,7.0
"stage 1 - building 3556 - 41.993263, 21.580841",3556,41.993263,21.580841,223,R,776.8,house,2,13.1,13.0,6.2,ms,,,house,gable,7.0
"stage 1 - building 3557 - 41.990773, 21.580961",3557,41.990773,21.580961,223,R,1053.5,house,2,13.3,9.5,6.2,ms,,,house,gable,7.0
"stage 1 - building 3558 - 41.990481, 21.580981",3558,41.990481,21.580981,223,R,1086.0,house,1,6.9,6.0,3.3,ms,,,garage,flat,3.2
"stage 1 - building 3559 - 41.989765, 21.581048",3559,41.989765,21.581048,223,R,1165.6,house,1,14.1,9.4,3.3,ms,,,house,gable,7.0
"stage 1 - building 3560 - 41.989656, 21.581065",3560,41.989656,21.581065,223,R,1177.9,flat,1,5.5,3.9,2.7,ms,,,garage,flat,3.2
"stage 1 - building 3561 - 41.989600, 21.581053",3561,41.989600,21.581053,223,R,1184.0,house,1,6.5,5.3,3.3,ms,,,garage,flat,3.2
"stage 1 - building 3562 - 41.994493, 21.580784",3562,41.994493,21.580784,224,R,640.1,house,1,11.2,9.6,3.3,ms,,,row,flat,9.5
"stage 1 - building 3563 - 41.990941, 21.581067",3563,41.990941,21.581067,224,R,1035.3,house,2,10.0,7.7,6.2,ms,,,house,gable,7.0
"stage 1 - building 3564 - 41.990193, 21.581116",3564,41.990193,21.581116,224,R,1118.4,house,1,7.3,5.0,3.3,ms,,,garage,flat,3.2
"stage 1 - building 3565 - 41.989510, 21.581163",3565,41.989510,21.581163,224,R,1194.5,house,1,11.6,8.8,3.3,ms,,,house,gable,7.0
"stage 1 - building 3566 - 41.994279, 21.580846",3566,41.994279,21.580846,225,R,664.1,house,2,12.2,11.9,6.2,ms,,,house,gable,7.0
"stage 1 - building 3567 - 41.991547, 21.581035",3567,41.991547,21.581035,225,R,967.9,house,1,7.0,4.6,3.3,ms,,,garage,flat,3.2
"stage 1 - building 3568 - 41.989899, 21.581176",3568,41.989899,21.581176,225,R,1151.4,house,1,13.1,10.9,3.3,ms,,,house,gable,7.0
"stage 1 - building 3569 - 41.989601, 21.581210",3569,41.989601,21.581210,225,R,1184.6,house,2,13.5,9.8,6.2,ms,,,house,gable,7.0
"stage 1 - building 3570 - 41.994996, 21.580841",3570,41.994996,21.580841,226,R,584.6,house,2,16.9,16.3,6.2,ms,,,row,flat,9.5
"stage 1 - building 3571 - 41.993436, 21.580941",3571,41.993436,21.580941,226,R,758.0,house,2,11.8,10.3,6.2,ms,,,house,gable,7.0
"stage 1 - building 3572 - 41.991970, 21.581058",3572,41.991970,21.581058,226,R,921.2,house,2,16.5,10.7,6.2,ms,,,house,gable,7.0
"stage 1 - building 3573 - 41.990035, 21.581233",3573,41.990035,21.581233,226,R,1136.6,house,1,12.1,10.5,3.3,ms,,,house,gable,7.0
"stage 1 - building 3574 - 41.989834, 21.581234",3574,41.989834,21.581234,226,R,1158.9,house,1,18.6,10.1,3.3,ms,,,house,gable,7.0
"stage 1 - building 3575 - 41.989205, 21.581251",3575,41.989205,21.581251,226,R,1228.6,house,2,10.5,10.2,6.2,ms,,,house,gable,7.0
"stage 1 - building 3576 - 41.995242, 21.580828",3576,41.995242,21.580828,227,R,557.3,house,2,15.2,13.6,6.2,ms,,,house,gable,7.0
"stage 1 - building 3577 - 41.994442, 21.580922",3577,41.994442,21.580922,227,R,646.3,house,1,11.9,4.5,3.3,ms,,,house,gable,7.0
"stage 1 - building 3578 - 41.993856, 21.580937",3578,41.993856,21.580937,227,R,711.4,house,1,20.6,6.7,3.3,ms,,,house,gable,7.0
"stage 1 - building 3579 - 41.993252, 21.581012",3579,41.993252,21.581012,227,R,778.8,house,2,14.2,5.8,6.2,ms,,,house,gable,7.0
"stage 1 - building 3580 - 41.991483, 21.581133",3580,41.991483,21.581133,227,R,975.5,house,1,8.2,4.1,3.3,ms,,,garage,flat,3.2
"stage 1 - building 3581 - 41.991396, 21.581129",3581,41.991396,21.581129,227,R,985.1,house,2,11.6,10.4,6.2,ms,,,house,gable,7.0
"stage 1 - building 3582 - 41.995027, 21.580904",3582,41.995027,21.580904,228,R,581.4,flat,1,6.7,3.8,2.7,ms,,,garage,flat,3.2
"stage 1 - building 3583 - 41.992809, 21.581086",3583,41.992809,21.581086,228,R,828.3,house,1,8.0,6.7,3.3,ms,,,house,gable,7.0
"stage 1 - building 3584 - 41.992699, 21.581076",3584,41.992699,21.581076,228,R,840.4,house,2,10.8,8.3,6.2,ms,,,house,gable,7.0
"stage 1 - building 3585 - 41.992253, 21.581137",3585,41.992253,21.581137,228,R,890.2,house,2,18.1,12.7,6.2,ms,,,house,gable,7.0
"stage 1 - building 3586 - 41.989157, 21.581399",3586,41.989157,21.581399,228,R,1234.8,house,1,11.6,9.1,3.3,ms,,,house,gable,7.0
"stage 1 - building 3587 - 41.996074, 21.580837",3587,41.996074,21.580837,229,R,465.0,house,2,13.4,10.9,6.2,ms,,,row,flat,9.5
"stage 1 - building 3588 - 41.995928, 21.580860",3588,41.995928,21.580860,229,R,481.4,house,1,9.5,7.8,3.3,ms,,,house,gable,7.0
"stage 1 - building 3589 - 41.994091, 21.580996",3589,41.994091,21.580996,229,R,685.7,house,1,14.1,13.2,3.3,ms,,,house,gable,7.0
"stage 1 - building 3590 - 41.993626, 21.581037",3590,41.993626,21.581037,229,R,737.4,flat,1,26.6,12.5,7.0,ms,,,row,flat,9.5
"stage 1 - building 3591 - 41.992860, 21.581128",3591,41.992860,21.581128,229,R,822.8,flat,1,4.2,3.3,2.7,ms,,,garage,flat,3.2
"stage 1 - building 3592 - 41.992612, 21.581129",3592,41.992612,21.581129,229,R,850.3,flat,1,6.7,3.5,2.7,ms,,,garage,flat,3.2
"stage 1 - building 3593 - 41.992106, 21.581166",3593,41.992106,21.581166,229,R,906.6,flat,1,6.2,4.2,2.7,ms,,,garage,flat,3.2
"stage 1 - building 3594 - 41.989953, 21.581346",3594,41.989953,21.581346,229,R,1146.2,house,1,11.7,11.3,3.3,ms,,,house,gable,7.0
"stage 1 - building 3595 - 41.989715, 21.581415",3595,41.989715,21.581415,229,R,1173.0,house,1,13.0,7.9,3.3,ms,,,house,gable,7.0
"stage 1 - building 3596 - 41.993485, 21.581096",3596,41.993485,21.581096,230,R,753.4,house,1,18.2,7.4,3.3,ms,,,house,gable,7.0
"stage 1 - building 3597 - 41.993412, 21.581096",3597,41.993412,21.581096,230,R,761.4,house,1,11.1,4.4,3.3,ms,,,house,gable,7.0
"stage 1 - building 3598 - 41.990007, 21.581430",3598,41.990007,21.581430,230,R,1140.7,flat,1,6.7,3.7,2.7,ms,,,garage,flat,3.2
"stage 1 - building 3599 - 41.989498, 21.581501",3599,41.989498,21.581501,230,R,1197.5,house,1,10.2,5.6,3.3,ms,,,house,gable,7.0
"stage 1 - building 3600 - 41.995169, 21.581010",3600,41.995169,21.581010,231,R,566.3,house,1,12.2,10.9,3.3,ms,,,house,gable,7.0
"stage 1 - building 3601 - 41.993164, 21.581188",3601,41.993164,21.581188,231,R,789.5,flat,1,4.3,4.1,2.7,ms,,,garage,flat,3.2
"stage 1 - building 3602 - 41.992031, 21.581304",3602,41.992031,21.581304,231,R,915.8,house,1,12.9,12.4,3.3,ms,,,house,gable,7.0
"stage 1 - building 3603 - 41.991427, 21.581381",3603,41.991427,21.581381,231,R,983.1,house,1,7.8,4.7,3.3,ms,,,garage,flat,3.2
"stage 1 - building 3604 - 41.991312, 21.581370",3604,41.991312,21.581370,231,R,995.8,house,2,15.8,11.2,6.2,ms,,,house,gable,7.0
"stage 1 - building 3605 - 41.989877, 21.581508",3605,41.989877,21.581508,231,R,1155.5,house,2,16.0,11.1,6.2,ms,,,house,gable,7.0
"stage 1 - building 3606 - 41.992267, 21.581321",3606,41.992267,21.581321,232,R,889.7,flat,1,7.2,2.8,2.7,ms,,,garage,flat,3.2
"stage 1 - building 3607 - 41.990910, 21.581505",3607,41.990910,21.581505,232,R,1041.2,flat,1,20.2,16.9,7.0,ms,,,house,gable,7.0
"stage 1 - building 3608 - 41.989522, 21.581640",3608,41.989522,21.581640,232,R,1195.6,house,2,12.0,7.2,6.2,ms,,,house,gable,7.0
"stage 1 - building 3609 - 41.996055, 21.581004",3609,41.996055,21.581004,233,R,468.2,house,2,13.9,13.4,6.2,ms,,,row,flat,9.5
"stage 1 - building 3610 - 41.993839, 21.581244",3610,41.993839,21.581244,233,R,715.1,house,2,13.5,11.4,6.2,ms,,,house,gable,7.0
"stage 1 - building 3611 - 41.993754, 21.581250",3611,41.993754,21.581250,233,R,724.6,flat,1,3.9,3.3,2.7,ms,,,garage,flat,3.2
"stage 1 - building 3612 - 41.992479, 21.581399",3612,41.992479,21.581399,233,R,866.7,house,2,13.8,11.8,6.2,ms,,,house,gable,7.0
"stage 1 - building 3613 - 41.992157, 21.581441",3613,41.992157,21.581441,233,R,902.6,house,2,9.8,7.6,6.2,ms,,,house,gable,7.0
"stage 1 - building 3614 - 41.991841, 21.581473",3614,41.991841,21.581473,233,R,937.9,house,2,12.8,10.0,6.2,ms,,,row,flat,9.5
"stage 1 - building 3615 - 41.991403, 21.581539",3615,41.991403,21.581539,233,R,986.8,house,1,18.0,15.6,3.3,osm,389777790,yes,house,gable,7.0
"stage 1 - building 3616 - 41.988518, 21.581837",3616,41.988518,21.581837,233,R,1308.2,house,1,6.2,4.9,3.3,ms,,,garage,flat,3.2
"stage 1 - building 3617 - 41.995434, 21.581097",3617,41.995434,21.581097,234,R,537.6,house,2,12.4,11.8,6.2,ms,,,house,gable,7.0
"stage 1 - building 3618 - 41.995275, 21.581119",3618,41.995275,21.581119,234,R,555.3,house,1,11.3,10.5,3.3,ms,,,house,gable,7.0
"stage 1 - building 3619 - 41.995088, 21.581124",3619,41.995088,21.581124,234,R,576.0,house,1,11.8,11.7,3.3,ms,,,house,gable,7.0
"stage 1 - building 3620 - 41.994943, 21.581172",3620,41.994943,21.581172,234,R,592.4,flat,1,5.7,3.1,2.7,ms,,,garage,flat,3.2
"stage 1 - building 3621 - 41.989716, 21.581779",3621,41.989716,21.581779,234,R,1175.2,house,2,15.3,10.7,6.2,ms,,,house,gable,7.0
"stage 1 - building 3622 - 41.989316, 21.581829",3622,41.989316,21.581829,234,R,1219.9,house,2,19.3,10.9,6.2,ms,,,house,gable,7.0
"stage 1 - building 3623 - 41.988646, 21.581878",3623,41.988646,21.581878,234,R,1294.3,house,2,13.4,7.2,6.2,ms,,,house,gable,7.0
"stage 1 - building 3624 - 41.988465, 21.581933",3624,41.988465,21.581933,234,R,1314.7,house,1,9.9,4.9,3.3,ms,,,house,gable,7.0
"stage 1 - building 3625 - 41.988019, 21.582021",3625,41.988019,21.582021,234,R,1364.7,house,2,23.5,4.9,6.2,ms,,,house,gable,7.0
"stage 1 - building 3626 - 41.995914, 21.581091",3626,41.995914,21.581091,235,R,484.4,house,1,19.8,11.8,3.3,ms,,,house,gable,7.0
"stage 1 - building 3627 - 41.993764, 21.581325",3627,41.993764,21.581325,235,R,724.0,house,1,6.5,5.4,3.3,ms,,,garage,flat,3.2
"stage 1 - building 3628 - 41.992080, 21.581539",3628,41.992080,21.581539,235,R,911.9,flat,1,5.4,3.2,2.7,ms,,,garage,flat,3.2
"stage 1 - building 3629 - 41.991804, 21.581606",3629,41.991804,21.581606,235,R,942.9,house,1,13.5,10.9,3.3,ms,,,row,flat,9.5
"stage 1 - building 3630 - 41.991659, 21.581629",3630,41.991659,21.581629,235,R,959.2,house,1,7.3,6.4,3.3,ms,,,house,gable,7.0
"stage 1 - building 3631 - 41.988902, 21.581951",3631,41.988902,21.581951,235,R,1266.5,house,1,14.8,9.8,3.3,ms,,,house,gable,7.0
"stage 1 - building 3632 - 41.995192, 21.581199",3632,41.995192,21.581199,236,R,565.1,house,2,9.5,7.5,6.2,ms,,,house,gable,7.0
"stage 1 - building 3633 - 41.992492, 21.581551",3633,41.992492,21.581551,236,R,866.4,house,2,11.9,9.9,6.2,ms,,,house,gable,7.0
"stage 1 - building 3634 - 41.995669, 21.581180",3634,41.995669,21.581180,237,R,512.2,house,1,11.6,6.3,3.3,ms,,,house,gable,7.0
"stage 1 - building 3635 - 41.995509, 21.581195",3635,41.995509,21.581195,237,R,530.0,house,1,17.6,6.8,3.3,ms,,,house,gable,7.0
"stage 1 - building 3636 - 41.992185, 21.581630",3636,41.992185,21.581630,237,R,901.0,house,2,14.4,12.2,6.2,ms,,,house,gable,7.0
"stage 1 - building 3637 - 41.992012, 21.581667",3637,41.992012,21.581667,237,R,920.4,house,2,10.7,10.5,6.2,ms,,,house,gable,7.0
"stage 1 - building 3638 - 41.991719, 21.581705",3638,41.991719,21.581705,237,R,953.1,flat,1,5.1,2.4,2.7,ms,,,garage,flat,3.2
"stage 1 - building 3639 - 41.988256, 21.582169",3639,41.988256,21.582169,237,R,1339.7,house,1,7.8,5.5,3.3,ms,,,garage,flat,3.2
"stage 1 - building 3640 - 41.994415, 21.581361",3640,41.994415,21.581361,238,R,652.4,house,2,11.1,10.7,6.2,ms,,,house,gable,7.0
"stage 1 - building 3641 - 41.992348, 21.581669",3641,41.992348,21.581669,238,R,883.4,house,1,7.1,6.2,3.3,ms,,,garage,flat,3.2
"stage 1 - building 3642 - 41.988333, 21.582226",3642,41.988333,21.582226,238,R,1331.6,house,1,10.3,4.4,3.3,ms,,,house,gable,7.0
"stage 1 - building 3643 - 41.995152, 21.581301",3643,41.995152,21.581301,239,R,570.3,house,1,9.3,8.9,3.3,ms,,,house,gable,7.0
"stage 1 - building 3644 - 41.991905, 21.581748",3644,41.991905,21.581748,239,R,932.9,flat,1,4.1,4.0,2.7,ms,,,garage,flat,3.2
"stage 1 - building 3645 - 41.994283, 21.581433",3645,41.994283,21.581433,240,R,667.5,house,2,18.5,12.3,6.2,ms,,,house,gable,7.0
"stage 1 - building 3646 - 41.994082, 21.581486",3646,41.994082,21.581486,241,R,690.2,house,1,13.3,6.0,3.3,ms,,,house,gable,7.0
"stage 1 - building 3647 - 41.991939, 21.581780",3647,41.991939,21.581780,241,R,929.4,flat,1,3.8,3.5,2.7,ms,,,garage,flat,3.2
"stage 1 - building 3648 - 41.991613, 21.581833",3648,41.991613,21.581833,241,R,965.9,flat,1,5.1,5.1,2.7,ms,,,garage,flat,3.2
"stage 1 - building 3649 - 41.987402, 21.582423",3649,41.987402,21.582423,241,R,1436.2,flat,1,6.0,4.8,2.7,ms,,,garage,flat,3.2
"stage 1 - building 3650 - 41.992011, 21.581809",3650,41.992011,21.581809,243,R,921.8,house,1,9.3,4.0,3.3,ms,,,garage,flat,3.2
"stage 1 - building 3651 - 41.988752, 21.582274",3651,41.988752,21.582274,243,R,1285.8,flat,1,23.9,15.9,7.0,ms,,,house,gable,7.0
"stage 1 - building 3652 - 41.987452, 21.582502",3652,41.987452,21.582502,246,R,1431.4,house,1,6.8,5.0,3.3,ms,,,garage,flat,3.2
"stage 1 - building 3653 - 41.993805, 21.581615",3653,41.993805,21.581615,248,R,721.9,house,2,14.0,7.4,6.2,ms,,,house,gable,7.0
"stage 1 - building 3654 - 41.992167, 21.581853",3654,41.992167,21.581853,248,R,905.0,house,2,9.9,9.5,6.2,ms,,,house,gable,7.0
"stage 1 - building 3655 - 41.988086, 21.582430",3655,41.988086,21.582430,248,R,1360.8,flat,1,21.2,15.9,7.0,ms,,,house,gable,7.0
"stage 1 - building 3656 - 41.991826, 21.581917",3656,41.991826,21.581917,249,R,943.1,house,2,11.6,10.3,6.2,ms,,,house,gable,7.0
"stage 1 - building 3657 - 41.988601, 21.582383",3657,41.988601,21.582383,250,R,1303.4,flat,1,7.0,4.0,2.7,ms,,,garage,flat,3.2
"stage 1 - building 3658 - 41.995560, 21.581401",3658,41.995560,21.581401,251,R,526.2,house,2,10.6,6.3,6.2,ms,,,house,gable,7.0
"stage 1 - building 3659 - 41.994419, 21.581581",3659,41.994419,21.581581,252,R,653.8,house,2,16.2,10.0,6.2,ms,,,house,gable,7.0
"stage 1 - building 3660 - 41.991722, 21.581970",3660,41.991722,21.581970,252,R,955.0,house,1,11.5,3.4,3.3,ms,,,garage,flat,3.2
"stage 1 - building 3661 - 41.996288, 21.581331",3661,41.996288,21.581331,253,R,445.2,house,2,11.3,9.6,6.2,ms,,,house,gable,7.0
"stage 1 - building 3662 - 41.991968, 21.581940",3662,41.991968,21.581940,253,R,927.6,house,1,8.8,8.5,3.3,ms,,,house,gable,7.0
"stage 1 - building 3663 - 41.991590, 21.581998",3663,41.991590,21.581998,253,R,969.9,house,2,11.8,9.9,6.2,ms,,,house,gable,7.0
"stage 1 - building 3664 - 41.987282, 21.582629",3664,41.987282,21.582629,253,R,1451.2,house,1,15.3,9.4,3.3,ms,,,row,flat,9.5
"stage 1 - building 3665 - 41.979491, 21.583740",3665,41.979491,21.583740,253,R,2321.5,flat,1,4.9,4.2,2.7,ms,,,garage,flat,3.2
"stage 1 - building 3666 - 41.995784, 21.581416",3666,41.995784,21.581416,254,R,501.6,house,2,11.9,10.3,6.2,ms,,,house,gable,7.0
"stage 1 - building 3667 - 41.992305, 21.581917",3667,41.992305,21.581917,254,R,890.2,house,1,6.1,5.3,3.3,ms,,,garage,flat,3.2
"stage 1 - building 3668 - 41.993073, 21.581837",3668,41.993073,21.581837,255,R,804.7,flat,1,86.6,38.5,9.0,ms,,,commercial,flat,7.0
"stage 1 - building 3669 - 41.992442, 21.581912",3669,41.992442,21.581912,255,R,875.1,house,1,15.2,9.7,3.3,ms,,,house,gable,7.0
"stage 1 - building 3670 - 41.988549, 21.582502",3670,41.988549,21.582502,255,R,1310.2,house,2,13.4,11.4,6.2,ms,,,house,gable,7.0
"stage 1 - building 3671 - 41.987143, 21.582708",3671,41.987143,21.582708,255,R,1467.3,house,1,14.6,8.6,3.3,ms,,,house,gable,7.0
"stage 1 - building 3672 - 41.994956, 21.581566",3672,41.994956,21.581566,256,R,594.4,house,2,11.9,11.0,6.2,ms,,,house,gable,7.0
"stage 1 - building 3673 - 41.994846, 21.581585",3673,41.994846,21.581585,256,R,606.7,flat,1,4.7,3.9,2.7,ms,,,garage,flat,3.2
"stage 1 - building 3674 - 41.992127, 21.582010",3674,41.992127,21.582010,256,R,910.7,house,1,13.0,11.1,3.3,ms,,,house,gable,7.0
"stage 1 - building 3675 - 41.991700, 21.582072",3675,41.991700,21.582072,256,R,958.4,house,1,12.8,4.1,3.3,ms,,,row,flat,9.5
"stage 1 - building 3676 - 41.987273, 21.582734",3676,41.987273,21.582734,256,R,1453.2,house,1,9.1,4.4,3.3,ms,,,garage,flat,3.2
"stage 1 - building 3677 - 41.995644, 21.581491",3677,41.995644,21.581491,257,R,517.8,house,2,9.0,7.6,6.2,ms,,,house,gable,7.0
"stage 1 - building 3678 - 41.994222, 21.581716",3678,41.994222,21.581716,257,R,676.7,house,1,13.9,3.4,3.3,ms,,,house,gable,7.0
"stage 1 - building 3679 - 41.993691, 21.581802",3679,41.993691,21.581802,257,R,736.1,house,2,14.2,12.1,6.2,ms,,,house,gable,7.0
"stage 1 - building 3680 - 41.991563, 21.582131",3680,41.991563,21.582131,257,R,974.1,house,1,11.1,7.9,3.3,ms,,,house,gable,7.0
"stage 1 - building 3681 - 41.987527, 21.582755",3681,41.987527,21.582755,257,R,1425.3,house,2,18.2,12.7,6.2,ms,,,house,gable,7.0
"stage 1 - building 3682 - 41.987027, 21.582808",3682,41.987027,21.582808,257,R,1481.0,flat,1,6.0,4.0,2.7,ms,,,garage,flat,3.2
"stage 1 - building 3683 - 41.995488, 21.581544",3683,41.995488,21.581544,258,R,535.5,house,1,8.8,4.6,3.3,ms,,,garage,flat,3.2
"stage 1 - building 3684 - 41.991878, 21.582127",3684,41.991878,21.582127,258,R,939.3,house,1,11.8,5.0,3.3,ms,,,house,gable,7.0
"stage 1 - building 3685 - 41.991694, 21.582133",3685,41.991694,21.582133,258,R,959.6,house,1,11.7,4.9,3.3,ms,,,row,flat,9.5
"stage 1 - building 3686 - 41.988441, 21.582625",3686,41.988441,21.582625,258,R,1323.3,house,1,15.1,14.1,3.3,ms,,,house,gable,7.0
"stage 1 - building 3687 - 41.994364, 21.581765",3687,41.994364,21.581765,259,R,661.5,house,2,13.7,6.3,6.2,ms,,,house,gable,7.0
"stage 1 - building 3688 - 41.993851, 21.581882",3688,41.993851,21.581882,259,R,719.3,flat,1,28.2,11.5,7.0,ms,,,house,gable,7.0
"stage 1 - building 3689 - 41.992401, 21.582083",3689,41.992401,21.582083,259,R,881.2,house,1,17.1,14.1,3.3,ms,,,house,gable,7.0
"stage 1 - building 3690 - 41.987666, 21.582903",3690,41.987666,21.582903,259,R,1411.4,house,1,8.8,7.1,3.3,ms,,,house,gable,7.0
"stage 1 - building 3691 - 41.987153, 21.582919",3691,41.987153,21.582919,259,R,1468.2,house,1,13.3,8.4,3.3,ms,,,house,gable,7.0
"stage 1 - building 3692 - 41.986983, 21.583009",3692,41.986983,21.583009,259,R,1487.9,house,1,10.8,8.5,3.3,ms,,,house,gable,7.0
"stage 1 - building 3693 - 41.986757, 21.583001",3693,41.986757,21.583001,259,R,1512.7,house,2,12.4,9.6,6.2,ms,,,house,gable,7.0
"stage 1 - building 3694 - 41.986152, 21.583126",3694,41.986152,21.583126,259,R,1580.6,house,2,11.3,10.5,6.2,ms,,,house,gable,7.0
"stage 1 - building 3695 - 41.986019, 21.583186",3695,41.986019,21.583186,259,R,1595.9,house,1,8.8,4.7,3.3,ms,,,garage,flat,3.2
"stage 1 - building 3696 - 41.995056, 21.581710",3696,41.995056,21.581710,260,R,584.7,house,2,9.6,8.2,6.2,ms,,,house,gable,7.0
"stage 1 - building 3697 - 41.992092, 21.582204",3697,41.992092,21.582204,260,R,916.5,house,2,9.9,9.2,6.2,ms,,,house,gable,7.0
"stage 1 - building 3698 - 41.991974, 21.582222",3698,41.991974,21.582222,260,R,929.7,flat,1,7.0,3.2,2.7,ms,,,garage,flat,3.2
"stage 1 - building 3699 - 41.991642, 21.582292",3699,41.991642,21.582292,260,R,967.0,house,1,14.4,12.1,3.3,ms,,,house,gable,7.0
"stage 1 - building 3700 - 41.990993, 21.582383",3700,41.990993,21.582383,260,R,1039.4,flat,1,44.6,29.0,7.0,osm,450045681,yes,commercial,flat,7.0
"stage 1 - building 3701 - 41.989313, 21.582717",3701,41.989313,21.582717,260,R,1228.1,house,1,14.6,10.4,3.3,ms,,,house,gable,7.0
"stage 1 - building 3702 - 41.989143, 21.582703",3702,41.989143,21.582703,260,R,1246.6,house,1,7.4,5.6,3.3,ms,,,garage,flat,3.2
"stage 1 - building 3703 - 41.987559, 21.583028",3703,41.987559,21.583028,260,R,1424.5,house,2,15.4,10.3,6.2,ms,,,house,gable,7.0
"stage 1 - building 3704 - 41.987209, 21.583024",3704,41.987209,21.583024,260,R,1463.0,house,1,8.2,6.7,3.3,ms,,,house,gable,7.0
"stage 1 - building 3705 - 41.987059, 21.583105",3705,41.987059,21.583105,260,R,1480.4,house,1,9.4,6.4,3.3,ms,,,house,gable,7.0
"stage 1 - building 3706 - 41.986452, 21.583220",3706,41.986452,21.583220,260,R,1548.5,flat,1,5.4,4.3,2.7,ms,,,garage,flat,3.2
"stage 1 - building 3707 - 41.996229, 21.581548",3707,41.996229,21.581548,261,R,453.7,flat,1,6.1,3.0,2.7,ms,,,garage,flat,3.2
"stage 1 - building 3708 - 41.995800, 21.581632",3708,41.995800,21.581632,261,R,501.9,house,1,19.1,13.2,3.3,ms,,,house,gable,7.0
"stage 1 - building 3709 - 41.995570, 21.581692",3709,41.995570,21.581692,261,R,527.9,house,1,13.8,5.8,3.3,ms,,,house,gable,7.0
"stage 1 - building 3710 - 41.992445, 21.582255",3710,41.992445,21.582255,261,R,878.1,flat,1,6.2,3.7,2.7,ms,,,garage,flat,3.2
"stage 1 - building 3711 - 41.991848, 21.582350",3711,41.991848,21.582350,261,R,944.8,house,2,13.2,10.2,6.2,ms,,,house,gable,7.0
"stage 1 - building 3712 - 41.989209, 21.582818",3712,41.989209,21.582818,261,R,1240.6,house,2,14.2,9.0,6.2,ms,,,house,gable,7.0
"stage 1 - building 3713 - 41.988227, 21.582942",3713,41.988227,21.582942,261,R,1350.0,house,1,10.4,7.7,3.3,ms,,,house,gable,7.0
"stage 1 - building 3714 - 41.987555, 21.583154",3714,41.987555,21.583154,261,R,1426.3,house,1,8.1,7.2,3.3,ms,,,house,gable,7.0
"stage 1 - building 3715 - 41.987434, 21.583101",3715,41.987434,21.583101,261,R,1439.1,house,1,11.1,10.1,3.3,ms,,,house,gable,7.0
"stage 1 - building 3716 - 41.986864, 21.583215",3716,41.986864,21.583215,261,R,1503.1,house,1,14.9,9.8,3.3,ms,,,house,gable,7.0
"stage 1 - building 3717 - 41.986669, 21.583306",3717,41.986669,21.583306,261,R,1525.5,house,1,19.0,10.0,3.3,ms,,,house,gable,7.0
"stage 1 - building 3718 - 41.986510, 21.583335",3718,41.986510,21.583335,261,R,1543.3,house,1,6.5,4.8,3.3,ms,,,garage,flat,3.2
"stage 1 - building 3719 - 41.986306, 21.583279",3719,41.986306,21.583279,261,R,1565.2,house,1,6.9,6.5,3.3,ms,,,garage,flat,3.2
"stage 1 - building 3720 - 41.991574, 21.582462",3720,41.991574,21.582462,262,R,976.2,house,2,10.0,10.0,6.2,ms,,,house,gable,7.0
"stage 1 - building 3721 - 41.989346, 21.582848",3721,41.989346,21.582848,262,R,1225.8,flat,1,6.0,4.2,2.7,ms,,,garage,flat,3.2
"stage 1 - building 3722 - 41.988363, 21.583122",3722,41.988363,21.583122,262,R,1337.1,house,1,9.4,8.9,3.3,ms,,,house,gable,7.0
"stage 1 - building 3723 - 41.987465, 21.583212",3723,41.987465,21.583212,262,R,1436.9,house,2,9.9,6.6,6.2,ms,,,house,gable,7.0
"stage 1 - building 3724 - 41.987370, 21.583283",3724,41.987370,21.583283,262,R,1448.1,house,2,11.9,5.9,6.2,ms,,,house,gable,7.0
"stage 1 - building 3725 - 41.987206, 21.583261",3725,41.987206,21.583261,262,R,1465.9,house,2,11.5,10.3,6.2,ms,,,house,gable,7.0
"stage 1 - building 3726 - 41.986972, 21.583408",3726,41.986972,21.583408,262,R,1493.3,house,1,10.8,10.7,3.3,ms,,,house,gable,7.0
"stage 1 - building 3727 - 41.986351, 21.583525",3727,41.986351,21.583525,262,R,1563.0,flat,1,4.7,4.5,2.7,ms,,,garage,flat,3.2
"stage 1 - building 3728 - 41.986289, 21.583536",3728,41.986289,21.583536,262,R,1570.0,flat,1,5.6,4.8,2.7,ms,,,garage,flat,3.2
"stage 1 - building 3729 - 41.986205, 21.583460",3729,41.986205,21.583460,262,R,1578.3,house,2,13.1,12.0,6.2,ms,,,house,gable,7.0
"stage 1 - building 3730 - 41.994965, 21.581926",3730,41.994965,21.581926,263,R,597.1,house,2,12.0,11.2,6.2,ms,,,house,gable,7.0
"stage 1 - building 3731 - 41.991724, 21.582541",3731,41.991724,21.582541,263,R,960.7,house,1,13.8,11.9,3.3,ms,,,house,gable,7.0
"stage 1 - building 3732 - 41.988742, 21.583124",3732,41.988742,21.583124,263,R,1295.5,house,2,12.8,10.8,6.2,ms,,,house,gable,7.0
"stage 1 - building 3733 - 41.988516, 21.583208",3733,41.988516,21.583208,263,R,1321.2,house,1,10.4,9.2,3.3,ms,,,row,flat,9.5
"stage 1 - building 3734 - 41.987317, 21.583444",3734,41.987317,21.583444,263,R,1455.8,house,1,8.1,4.9,3.3,ms,,,garage,flat,3.2
"stage 1 - building 3735 - 41.987247, 21.583402",3735,41.987247,21.583402,263,R,1463.0,flat,1,4.7,3.4,2.7,ms,,,garage,flat,3.2
"stage 1 - building 3736 - 41.987127, 21.583429",3736,41.987127,21.583429,263,R,1476.6,house,1,12.8,12.4,3.3,ms,,,house,gable,7.0
"stage 1 - building 3737 - 41.986877, 21.583510",3737,41.986877,21.583510,263,R,1505.0,house,1,10.8,10.2,3.3,ms,,,house,gable,7.0
"stage 1 - building 3738 - 41.986341, 21.583644",3738,41.986341,21.583644,263,R,1565.5,house,2,14.0,10.6,6.2,ms,,,house,gable,7.0
"stage 1 - building 3739 - 41.995945, 21.581753",3739,41.995945,21.581753,264,R,487.4,house,1,11.0,9.6,3.3,osm,670537297,yes,house,gable,7.0
"stage 1 - building 3740 - 41.995171, 21.581953",3740,41.995171,21.581953,264,R,574.8,house,1,13.9,12.8,3.3,ms,,,house,gable,7.0
"stage 1 - building 3741 - 41.991938, 21.582580",3741,41.991938,21.582580,264,R,937.7,house,1,11.7,9.8,3.3,ms,,,house,gable,7.0
"stage 1 - building 3742 - 41.988580, 21.583302",3742,41.988580,21.583302,264,R,1315.5,house,2,12.4,9.5,6.2,ms,,,row,flat,9.5
"stage 1 - building 3743 - 41.986753, 21.583636",3743,41.986753,21.583636,264,R,1520.2,house,2,21.0,12.9,6.2,ms,,,house,gable,7.0
"stage 1 - building 3744 - 41.979956, 21.585148",3744,41.979956,21.585148,264,R,2285.4,flat,1,5.9,5.1,2.7,ms,,,garage,flat,3.2
"stage 1 - building 3745 - 41.995903, 21.581840",3745,41.995903,21.581840,265,R,493.0,house,1,11.7,10.4,3.3,ms,,,house,gable,7.0
"stage 1 - building 3746 - 41.992166, 21.582667",3746,41.992166,21.582667,265,R,913.8,house,2,16.7,14.1,6.2,ms,,,house,gable,7.0
"stage 1 - building 3747 - 41.991952, 21.582677",3747,41.991952,21.582677,265,R,937.3,flat,1,5.7,4.4,2.7,ms,,,garage,flat,3.2
"stage 1 - building 3748 - 41.991760, 21.582746",3748,41.991760,21.582746,265,R,959.3,flat,1,6.8,4.1,2.7,ms,,,garage,flat,3.2
"stage 1 - building 3749 - 41.991473, 21.582781",3749,41.991473,21.582781,265,R,991.2,house,1,14.8,14.2,3.3,ms,,,house,gable,7.0
"stage 1 - building 3750 - 41.987101, 21.583742",3750,41.987101,21.583742,265,R,1483.3,house,1,5.6,5.5,3.3,ms,,,garage,flat,3.2
"stage 1 - building 3751 - 41.986958, 21.583780",3751,41.986958,21.583780,265,R,1499.5,house,2,15.8,12.4,6.2,ms,,,house,gable,7.0
"stage 1 - building 3752 - 41.986649, 21.583753",3752,41.986649,21.583753,265,R,1533.0,house,2,14.3,9.1,6.2,ms,,,house,gable,7.0
"stage 1 - building 3753 - 41.986476, 21.583883",3753,41.986476,21.583883,265,R,1553.8,house,1,13.8,12.9,3.3,ms,,,house,gable,7.0
"stage 1 - building 3754 - 41.986083, 21.583956",3754,41.986083,21.583956,265,R,1597.8,flat,1,4.8,4.6,2.7,ms,,,garage,flat,3.2
"stage 1 - building 3755 - 41.994539, 21.582156",3755,41.994539,21.582156,266,R,646.8,house,2,15.3,4.1,6.2,ms,,,house,gable,7.0
"stage 1 - building 3756 - 41.993526, 21.582408",3756,41.993526,21.582408,266,R,761.2,flat,1,6.6,4.4,2.7,ms,,,garage,flat,3.2
"stage 1 - building 3757 - 41.992279, 21.582675",3757,41.992279,21.582675,266,R,901.5,house,2,9.1,8.4,6.2,ms,,,house,gable,7.0
"stage 1 - building 3758 - 41.991676, 21.582843",3758,41.991676,21.582843,266,R,969.9,flat,1,20.5,15.7,7.0,ms,,,row,flat,9.5
"stage 1 - building 3759 - 41.995343, 21.582051",3759,41.995343,21.582051,267,R,557.3,house,2,15.4,14.6,6.2,ms,,,house,gable,7.0
"stage 1 - building 3760 - 41.991824, 21.582866",3760,41.991824,21.582866,267,R,953.9,house,1,11.8,9.7,3.3,ms,,,house,gable,7.0
"stage 1 - building 3761 - 41.986672, 21.583995",3761,41.986672,21.583995,267,R,1533.7,house,2,15.0,12.0,6.2,ms,,,house,gable,7.0
"stage 1 - building 3762 - 41.986463, 21.584024",3762,41.986463,21.584024,267,R,1557.0,flat,1,4.6,3.3,2.7,ms,,,garage,flat,3.2
"stage 1 - building 3763 - 41.986291, 21.584114",3763,41.986291,21.584114,267,R,1577.1,house,1,16.4,11.1,3.3,ms,,,house,gable,7.0
"stage 1 - building 3764 - 41.985733, 21.584247",3764,41.985733,21.584247,267,R,1640.1,flat,1,5.1,3.1,2.7,ms,,,garage,flat,3.2
"stage 1 - building 3765 - 41.995003, 21.582145",3765,41.995003,21.582145,268,R,595.9,house,2,12.3,11.1,6.2,ms,,,house,gable,7.0
"stage 1 - building 3766 - 41.994830, 21.582185",3766,41.994830,21.582185,268,R,615.4,house,2,12.6,11.7,6.2,ms,,,house,gable,7.0
"stage 1 - building 3767 - 41.994646, 21.582222",3767,41.994646,21.582222,268,R,636.0,house,2,12.1,8.1,6.2,ms,,,house,gable,7.0
"stage 1 - building 3768 - 41.987056, 21.584017",3768,41.987056,21.584017,268,R,1492.1,house,1,12.6,12.4,3.3,ms,,,house,gable,7.0
"stage 1 - building 3769 - 41.986552, 21.584083",3769,41.986552,21.584083,268,R,1548.1,house,1,15.0,11.6,3.3,ms,,,house,gable,7.0
"stage 1 - building 3770 - 41.987493, 21.583939",3770,41.987493,21.583939,269,R,1443.1,flat,1,20.6,19.1,7.0,ms,,,house,gable,7.0
"stage 1 - building 3771 - 41.986796, 21.584126",3771,41.986796,21.584126,269,R,1522.0,flat,1,4.1,3.4,2.7,ms,,,garage,flat,3.2
"stage 1 - building 3772 - 41.986203, 21.584232",3772,41.986203,21.584232,269,R,1588.5,house,2,11.2,7.8,6.2,ms,,,row,flat,9.5
"stage 1 - building 3773 - 41.993673, 21.582510",3773,41.993673,21.582510,270,R,746.5,house,2,15.5,13.4,6.2,ms,,,house,gable,7.0
"stage 1 - building 3774 - 41.992013, 21.582921",3774,41.992013,21.582921,270,R,934.0,house,2,12.7,10.9,6.2,ms,,,house,gable,7.0
"stage 1 - building 3775 - 41.986129, 21.584289",3775,41.986129,21.584289,270,R,1597.3,house,2,12.3,8.6,6.2,ms,,,row,flat,9.5
"stage 1 - building 3776 - 41.994688, 21.582307",3776,41.994688,21.582307,271,R,632.6,flat,1,5.3,2.4,2.7,ms,,,garage,flat,3.2
"stage 1 - building 3777 - 41.994557, 21.582324",3777,41.994557,21.582324,271,R,647.2,house,1,8.6,5.0,3.3,ms,,,garage,flat,3.2
"stage 1 - building 3778 - 41.986904, 21.584156",3778,41.986904,21.584156,271,R,1510.6,house,1,12.1,4.0,3.3,ms,,,house,gable,7.0
"stage 1 - building 3779 - 41.986048, 21.584375",3779,41.986048,21.584375,272,R,1607.5,house,1,12.2,11.2,3.3,ms,,,house,gable,7.0
"stage 1 - building 3780 - 41.985639, 21.584474",3780,41.985639,21.584474,272,R,1653.6,house,1,15.5,8.8,3.3,ms,,,house,gable,7.0
"stage 1 - building 3781 - 41.989417, 21.583595",3781,41.989417,21.583595,273,R,1227.7,flat,1,35.2,34.4,7.0,osm,491653970,yes,commercial,flat,7.0
"stage 1 - building 3782 - 41.986821, 21.584218",3782,41.986821,21.584218,273,R,1520.6,house,2,12.1,12.0,6.2,ms,,,house,gable,7.0
"stage 1 - building 3783 - 41.994922, 21.582297",3783,41.994922,21.582297,274,R,606.9,flat,1,7.5,3.2,2.7,ms,,,garage,flat,3.2
"stage 1 - building 3784 - 41.992908, 21.582776",3784,41.992908,21.582776,274,R,834.0,flat,1,6.1,3.3,2.7,ms,,,garage,flat,3.2
"stage 1 - building 3785 - 41.995196, 21.582236",3785,41.995196,21.582236,275,R,576.1,house,1,8.6,7.1,3.3,ms,,,house,gable,7.0
"stage 1 - building 3786 - 41.993275, 21.582711",3786,41.993275,21.582711,276,R,793.0,house,2,13.2,11.3,6.2,ms,,,house,gable,7.0
"stage 1 - building 3787 - 41.992973, 21.582798",3787,41.992973,21.582798,277,R,827.2,house,1,7.7,5.8,3.3,ms,,,garage,flat,3.2
"stage 1 - building 3788 - 41.993878, 21.582585",3788,41.993878,21.582585,278,R,725.3,house,1,11.6,10.9,3.3,ms,,,house,gable,7.0
"stage 1 - building 3789 - 41.993991, 21.582570",3789,41.993991,21.582570,279,R,712.7,house,1,9.3,5.2,3.3,ms,,,house,gable,7.0
"stage 1 - building 3790 - 41.995686, 21.582184",3790,41.995686,21.582184,280,R,521.7,house,1,8.7,4.1,3.3,ms,,,garage,flat,3.2
"stage 1 - building 3791 - 41.989184, 21.583741",3791,41.989184,21.583741,280,R,1255.3,house,1,6.3,5.3,3.3,ms,,,garage,flat,3.2
"stage 1 - building 3792 - 41.996297, 21.582064",3792,41.996297,21.582064,282,R,453.1,house,2,13.2,11.9,6.2,ms,,,house,gable,7.0
"stage 1 - building 3793 - 41.996127, 21.582117",3793,41.996127,21.582117,283,R,472.5,house,1,7.0,6.0,3.3,ms,,,garage,flat,3.2
"stage 1 - building 3794 - 41.995281, 21.582316",3794,41.995281,21.582316,283,R,567.8,house,2,11.1,7.5,6.2,ms,,,house,gable,7.0
"stage 1 - building 3795 - 41.995078, 21.582371",3795,41.995078,21.582371,283,R,590.9,house,2,10.0,8.5,6.2,ms,,,house,gable,7.0
"stage 1 - building 3796 - 41.990503, 21.583467",3796,41.990503,21.583467,284,R,1107.1,flat,1,21.8,18.7,7.0,ms,,,house,gable,7.0
"stage 1 - building 3797 - 41.994627, 21.582501",3797,41.994627,21.582501,285,R,642.1,house,2,14.6,9.8,6.2,ms,,,row,flat,9.5
"stage 1 - building 3798 - 41.994025, 21.582648",3798,41.994025,21.582648,286,R,710.0,flat,1,4.8,3.1,2.7,ms,,,garage,flat,3.2
"stage 1 - building 3799 - 41.995383, 21.582345",3799,41.995383,21.582345,287,R,557.1,house,1,9.8,8.3,3.3,ms,,,house,gable,7.0
"stage 1 - building 3800 - 41.993111, 21.582887",3800,41.993111,21.582887,287,R,813.5,house,2,9.4,7.6,6.2,ms,,,house,gable,7.0
"stage 1 - building 3801 - 41.992882, 21.582952",3801,41.992882,21.582952,288,R,839.5,house,2,18.1,8.8,6.2,ms,,,house,gable,7.0
"stage 1 - building 3802 - 41.995796, 21.582271",3802,41.995796,21.582271,289,R,510.9,house,1,12.2,9.1,3.3,ms,,,house,gable,7.0
"stage 1 - building 3803 - 41.994546, 21.582576",3803,41.994546,21.582576,290,R,652.1,house,1,8.0,4.8,3.3,ms,,,garage,flat,3.2
"stage 1 - building 3804 - 41.994113, 21.582684",3804,41.994113,21.582684,290,R,701.0,house,1,9.4,4.2,3.3,ms,,,garage,flat,3.2
"stage 1 - building 3805 - 41.993446, 21.582842",3805,41.993446,21.582842,290,R,776.2,house,1,11.5,10.5,3.3,ms,,,house,gable,7.0
"stage 1 - building 3806 - 41.995224, 21.582478",3806,41.995224,21.582478,318,R,576.5,flat,1,6.1,3.3,2.7,ms,,,garage,flat,3.2
"stage 1 - building 3807 - 41.994795, 21.582574",3807,41.994795,21.582574,320,R,624.7,house,2,13.2,10.3,6.2,ms,,,house,gable,7.0
"stage 1 - building 3808 - 41.994694, 21.582592",3808,41.994694,21.582592,320,R,636.1,house,1,6.2,5.2,3.3,ms,,,garage,flat,3.2
"stage 1 - building 3809 - 41.995526, 21.582466",3809,41.995526,21.582466,322,R,543.1,house,2,19.2,12.5,6.2,ms,,,house,gable,7.0
"stage 1 - building 3810 - 41.995290, 21.582538",3810,41.995290,21.582538,325,R,569.8,house,1,7.4,4.3,3.3,ms,,,garage,flat,3.2
"stage 1 - building 3811 - 41.993548, 21.582868",3811,41.993548,21.582868,325,R,765.3,house,1,10.8,3.5,3.3,ms,,,garage,flat,3.2
"stage 1 - building 3812 - 41.995347, 21.582559",3812,41.995347,21.582559,327,R,563.8,flat,1,5.2,3.0,2.7,ms,,,garage,flat,3.2
"stage 1 - building 3813 - 41.994939, 21.582642",3813,41.994939,21.582642,328,R,609.7,house,1,12.1,9.4,3.3,ms,,,house,gable,7.0
"stage 1 - building 3814 - 41.992983, 21.583008",3814,41.992983,21.583008,328,R,829.0,house,1,14.3,13.3,3.3,ms,,,house,gable,7.0
"stage 1 - building 3815 - 41.995744, 21.582505",3815,41.995744,21.582505,329,R,519.5,flat,1,9.5,3.0,2.7,ms,,,garage,flat,3.2
"stage 1 - building 3816 - 41.995162, 21.582613",3816,41.995162,21.582613,329,R,584.8,flat,1,5.9,2.6,2.7,ms,,,garage,flat,3.2
"stage 1 - building 3817 - 41.993845, 21.582864",3817,41.993845,21.582864,329,R,732.5,house,2,12.1,9.8,6.2,osm,670503117,house,house,gable,7.0
"stage 1 - building 3818 - 41.993619, 21.582897",3818,41.993619,21.582897,329,R,757.8,house,1,10.0,9.8,3.3,ms,,,house,gable,7.0
"stage 1 - building 3819 - 41.991894, 21.583235",3819,41.991894,21.583235,331,R,951.4,flat,1,8.5,2.8,2.7,ms,,,garage,flat,3.2
"stage 1 - building 3820 - 41.995104, 21.582681",3820,41.995104,21.582681,333,R,591.9,house,1,13.0,11.4,3.3,ms,,,house,gable,7.0
"stage 1 - building 3821 - 41.993372, 21.582999",3821,41.993372,21.582999,333,R,786.1,house,2,11.9,10.2,6.2,ms,,,house,gable,7.0
"stage 1 - building 3822 - 41.992235, 21.583208",3822,41.992235,21.583208,333,R,913.6,house,1,8.9,7.4,3.3,ms,,,house,gable,7.0
"stage 1 - building 3823 - 41.994613, 21.582806",3823,41.994613,21.582806,336,R,647.4,house,2,11.2,9.7,6.2,ms,,,house,gable,7.0
"stage 1 - building 3824 - 41.995508, 21.582654",3824,41.995508,21.582654,337,R,547.2,house,1,7.8,6.1,3.3,ms,,,house,gable,7.0
"stage 1 - building 3825 - 41.993949, 21.582937",3825,41.993949,21.582937,337,R,721.9,house,2,11.8,7.1,6.2,ms,,,house,gable,7.0
"stage 1 - building 3826 - 41.996234, 21.582530",3826,41.996234,21.582530,338,R,465.9,house,1,18.0,15.3,3.3,ms,,,house,gable,7.0
"stage 1 - building 3827 - 41.995745, 21.582617",3827,41.995745,21.582617,338,R,520.7,house,2,9.3,8.6,6.2,ms,,,house,gable,7.0
"stage 1 - building 3828 - 41.991899, 21.583329",3828,41.991899,21.583329,338,R,952.0,house,1,12.5,11.8,3.3,ms,,,row,flat,9.5
"stage 1 - building 3829 - 41.987102, 21.584205",3829,41.987102,21.584205,338,R,1489.7,house,2,18.0,13.9,6.2,ms,,,house,gable,7.0
"stage 1 - building 3830 - 41.986665, 21.584292",3830,41.986665,21.584292,338,R,1538.7,house,1,12.6,8.7,3.3,ms,,,house,gable,7.0
"stage 1 - building 3831 - 41.995213, 21.582725",3831,41.995213,21.582725,339,R,580.4,house,2,11.4,9.4,6.2,ms,,,house,gable,7.0
"stage 1 - building 3832 - 41.993792, 21.582986",3832,41.993792,21.582986,339,R,739.8,house,2,13.5,7.2,6.2,ms,,,house,gable,7.0
"stage 1 - building 3833 - 41.993258, 21.583095",3833,41.993258,21.583095,339,R,799.7,house,1,13.5,10.1,3.3,ms,,,house,gable,7.0
"stage 1 - building 3834 - 41.990055, 21.583684",3834,41.990055,21.583684,339,R,1158.9,house,1,9.3,6.2,3.3,ms,,,house,gable,7.0
"stage 1 - building 3835 - 41.988302, 21.583995",3835,41.988302,21.583995,339,R,1355.3,house,2,12.7,8.6,6.2,ms,,,house,gable,7.0
"stage 1 - building 3836 - 41.987654, 21.584128",3836,41.987654,21.584128,339,R,1428.0,house,1,12.5,10.7,3.3,ms,,,house,gable,7.0
"stage 1 - building 3837 - 41.995603, 21.582677",3837,41.995603,21.582677,340,R,537.0,house,1,10.9,9.1,3.3,ms,,,house,gable,7.0
"stage 1 - building 3838 - 41.993502, 21.583053",3838,41.993502,21.583053,340,R,772.5,house,1,15.1,11.7,3.3,ms,,,house,gable,7.0
"stage 1 - building 3839 - 41.988444, 21.583997",3839,41.988444,21.583997,340,R,1339.6,house,2,13.3,6.9,6.2,ms,,,house,gable,7.0
"stage 1 - building 3840 - 41.986940, 21.584273",3840,41.986940,21.584273,340,R,1508.3,flat,1,5.4,4.9,2.7,ms,,,garage,flat,3.2
"stage 1 - building 3841 - 41.985934, 21.584464",3841,41.985934,21.584464,341,R,1621.2,house,1,14.3,11.4,3.3,ms,,,house,gable,7.0
"stage 1 - building 3842 - 41.993938, 21.583002",3842,41.993938,21.583002,342,R,723.9,flat,1,8.1,3.5,2.7,ms,,,garage,flat,3.2
"stage 1 - building 3843 - 41.991442, 21.583466",3843,41.991442,21.583466,342,R,1003.8,flat,1,25.6,13.8,7.0,ms,,,house,gable,7.0
"stage 1 - building 3844 - 41.986815, 21.584336",3844,41.986815,21.584336,342,R,1522.8,flat,1,6.0,3.3,2.7,ms,,,garage,flat,3.2
"stage 1 - building 3845 - 41.986400, 21.584408",3845,41.986400,21.584408,342,R,1569.2,flat,1,22.2,21.7,7.0,ms,,,house,gable,7.0
"stage 1 - building 3846 - 41.990812, 21.583604",3846,41.990812,21.583604,343,R,1074.6,flat,1,33.7,19.6,7.0,osm,450045680,yes,commercial,flat,7.0
"stage 1 - building 3847 - 41.990343, 21.583685",3847,41.990343,21.583685,343,R,1127.2,house,1,12.3,10.6,3.3,ms,,,house,gable,7.0
"stage 1 - building 3848 - 41.994909, 21.582867",3848,41.994909,21.582867,344,R,615.5,house,1,15.7,10.5,3.3,ms,,,house,gable,7.0
"stage 1 - building 3849 - 41.987884, 21.584178",3849,41.987884,21.584178,344,R,1403.3,house,1,13.0,10.6,3.3,ms,,,house,gable,7.0
"stage 1 - building 3850 - 41.987473, 21.584252",3850,41.987473,21.584252,344,R,1449.4,house,2,11.4,7.4,6.2,ms,,,house,gable,7.0
"stage 1 - building 3851 - 41.985831, 21.584546",3851,41.985831,21.584546,344,R,1633.4,house,2,11.6,10.6,6.2,ms,,,house,gable,7.0
"stage 1 - building 3852 - 41.994578, 21.582940",3852,41.994578,21.582940,345,R,652.7,flat,1,6.0,3.8,2.7,ms,,,garage,flat,3.2
"stage 1 - building 3853 - 41.988348, 21.584116",3853,41.988348,21.584116,345,R,1351.6,house,1,12.3,5.8,3.3,osm,670762405,house,house,gable,7.0
"stage 1 - building 3854 - 41.988157, 21.584148",3854,41.988157,21.584148,345,R,1372.9,house,1,12.8,11.5,3.3,ms,,,house,gable,7.0
"stage 1 - building 3855 - 41.986763, 21.584409",3855,41.986763,21.584409,345,R,1529.3,flat,1,4.1,3.6,2.7,ms,,,garage,flat,3.2
"stage 1 - building 3856 - 41.985541, 21.584652",3856,41.985541,21.584652,345,R,1666.5,house,2,16.5,10.3,6.2,ms,,,row,flat,9.5
"stage 1 - building 3857 - 41.993060, 21.583240",3857,41.993060,21.583240,346,R,823.1,flat,1,6.2,2.0,2.7,ms,,,garage,flat,3.2
"stage 1 - building 3858 - 41.992815, 21.583296",3858,41.992815,21.583296,346,R,850.8,house,2,17.1,10.6,6.2,ms,,,house,gable,7.0
"stage 1 - building 3859 - 41.992213, 21.583423",3859,41.992213,21.583423,347,R,918.5,house,1,10.9,10.6,3.3,ms,,,house,gable,7.0
"stage 1 - building 3860 - 41.987330, 21.584352",3860,41.987330,21.584352,347,R,1466.3,house,2,11.3,10.5,6.2,ms,,,house,gable,7.0
"stage 1 - building 3861 - 41.986848, 21.584453",3861,41.986848,21.584453,347,R,1520.4,flat,1,29.3,12.1,7.0,ms,,,house,gable,7.0
"stage 1 - building 3862 - 41.986702, 21.584467",3862,41.986702,21.584467,347,R,1536.6,house,1,7.0,5.7,3.3,ms,,,garage,flat,3.2
"stage 1 - building 3863 - 41.996246, 21.582685",3863,41.996246,21.582685,348,R,466.4,house,1,9.7,3.9,3.3,ms,,,garage,flat,3.2
"stage 1 - building 3864 - 41.992329, 21.583429",3864,41.992329,21.583429,348,R,905.8,house,2,16.7,8.9,6.2,ms,,,house,gable,7.0
"stage 1 - building 3865 - 41.991290, 21.583624",3865,41.991290,21.583624,348,R,1022.2,house,2,16.1,10.4,6.2,ms,,,house,gable,7.0
"stage 1 - building 3866 - 41.987717, 21.584300",3866,41.987717,21.584300,348,R,1423.1,house,2,16.2,8.5,6.2,ms,,,house,gable,7.0
"stage 1 - building 3867 - 41.986185, 21.584615",3867,41.986185,21.584615,348,R,1595.2,flat,1,21.7,21.6,7.0,ms,,,house,gable,7.0
"stage 1 - building 3868 - 41.994672, 21.583000",3868,41.994672,21.583000,349,R,643.1,flat,1,5.4,2.6,2.7,ms,,,garage,flat,3.2
"stage 1 - building 3869 - 41.991749, 21.583574",3869,41.991749,21.583574,349,R,971.3,flat,1,6.7,2.8,2.7,ms,,,garage,flat,3.2
"stage 1 - building 3870 - 41.985715, 21.584718",3870,41.985715,21.584718,349,R,1648.1,house,1,8.9,6.3,3.3,ms,,,house,gable,7.0
"stage 1 - building 3871 - 41.995453, 21.582862",3871,41.995453,21.582862,350,R,555.6,house,2,10.8,8.2,6.2,ms,,,house,gable,7.0
"stage 1 - building 3872 - 41.995071, 21.582936",3872,41.995071,21.582936,350,R,598.5,house,2,11.3,9.8,6.2,ms,,,house,gable,7.0
"stage 1 - building 3873 - 41.993654, 21.583209",3873,41.993654,21.583209,350,R,757.5,house,1,14.8,11.7,3.3,ms,,,house,gable,7.0
"stage 1 - building 3874 - 41.986577, 21.584587",3874,41.986577,21.584587,350,R,1551.8,house,1,8.5,5.9,3.3,ms,,,house,gable,7.0
"stage 1 - building 3875 - 41.994579, 21.583059",3875,41.994579,21.583059,351,R,654.0,house,1,7.3,5.1,3.3,ms,,,garage,flat,3.2
"stage 1 - building 3876 - 41.991471, 21.583661",3876,41.991471,21.583661,351,R,1002.9,flat,1,5.3,3.6,2.7,ms,,,garage,flat,3.2
"stage 1 - building 3877 - 41.985510, 21.584820",3877,41.985510,21.584820,351,R,1671.9,house,1,13.3,9.9,3.3,ms,,,row,flat,9.5
"stage 1 - building 3878 - 41.994922, 21.582996",3878,41.994922,21.582996,352,R,615.6,flat,1,7.7,3.2,2.7,ms,,,garage,flat,3.2
"stage 1 - building 3879 - 41.993091, 21.583375",3879,41.993091,21.583375,353,R,821.3,house,2,11.3,7.5,6.2,ms,,,house,gable,7.0
"stage 1 - building 3880 - 41.992241, 21.583538",3880,41.992241,21.583538,353,R,916.7,flat,1,6.0,4.9,2.7,ms,,,garage,flat,3.2
"stage 1 - building 3881 - 41.987114, 21.584544",3881,41.987114,21.584544,353,R,1492.3,house,2,12.2,11.7,6.2,ms,,,house,gable,7.0
"stage 1 - building 3882 - 41.993211, 21.583358",3882,41.993211,21.583358,354,R,807.9,house,1,11.9,11.7,3.3,ms,,,house,gable,7.0
"stage 1 - building 3883 - 41.992968, 21.583411",3883,41.992968,21.583411,354,R,835.3,house,1,12.8,10.7,3.3,ms,,,house,gable,7.0
"stage 1 - building 3884 - 41.987813, 21.584426",3884,41.987813,21.584426,354,R,1414.0,house,1,10.6,9.5,3.3,osm,670762404,house,house,gable,7.0
"stage 1 - building 3885 - 41.987469, 21.584481",3885,41.987469,21.584481,354,R,1452.5,house,1,8.4,4.1,3.3,ms,,,garage,flat,3.2
"stage 1 - building 3886 - 41.991819, 21.583651",3886,41.991819,21.583651,355,R,964.5,house,1,15.3,13.1,3.3,ms,,,row,flat,9.5
"stage 1 - building 3887 - 41.986998, 21.584599",3887,41.986998,21.584599,355,R,1505.6,house,1,12.8,8.1,3.3,ms,,,house,gable,7.0
"stage 1 - building 3888 - 41.992496, 21.583534",3888,41.992496,21.583534,356,R,888.6,house,1,10.3,9.9,3.3,ms,,,house,gable,7.0
"stage 1 - building 3889 - 41.994792, 21.583099",3889,41.994792,21.583099,357,R,631.1,house,2,14.9,12.1,6.2,ms,,,house,gable,7.0
"stage 1 - building 3890 - 41.991949, 21.583649",3890,41.991949,21.583649,357,R,950.2,house,1,13.1,6.3,3.3,ms,,,house,gable,7.0
"stage 1 - building 3891 - 41.991462, 21.583746",3891,41.991462,21.583746,357,R,1004.9,flat,1,7.8,2.5,2.7,ms,,,garage,flat,3.2
"stage 1 - building 3892 - 41.991359, 21.583770",3892,41.991359,21.583770,357,R,1016.5,house,2,12.1,10.9,6.2,ms,,,house,gable,7.0
"stage 1 - building 3893 - 41.993435, 21.583374",3893,41.993435,21.583374,358,R,783.5,house,1,7.5,5.9,3.3,ms,,,garage,flat,3.2
"stage 1 - building 3894 - 41.987353, 21.584567",3894,41.987353,21.584567,358,R,1466.2,house,1,10.0,5.6,3.3,ms,,,house,gable,7.0
"stage 1 - building 3895 - 41.986059, 21.584822",3895,41.986059,21.584822,358,R,1611.5,house,2,12.3,5.8,6.2,ms,,,house,gable,7.0
"stage 1 - building 3896 - 41.994891, 21.583104",3896,41.994891,21.583104,359,R,620.2,flat,1,7.3,4.0,2.7,ms,,,garage,flat,3.2
"stage 1 - building 3897 - 41.993349, 21.583403",3897,41.993349,21.583403,359,R,793.3,house,1,13.1,9.7,3.3,ms,,,house,gable,7.0
"stage 1 - building 3898 - 41.992806, 21.583511",3898,41.992806,21.583511,359,R,854.3,house,2,13.6,10.6,6.2,osm,670517411,yes,house,gable,7.0
"stage 1 - building 3899 - 41.986638, 21.584717",3899,41.986638,21.584717,359,R,1546.7,house,1,11.5,8.6,3.3,ms,,,house,gable,7.0
"stage 1 - building 3900 - 41.995608, 21.582972",3900,41.995608,21.582972,360,R,539.9,house,2,11.1,9.8,6.2,ms,,,house,gable,7.0
"stage 1 - building 3901 - 41.995057, 21.583081",3901,41.995057,21.583081,360,R,601.8,flat,1,6.3,4.4,2.7,ms,,,garage,flat,3.2
"stage 1 - building 3902 - 41.993980, 21.583287",3902,41.993980,21.583287,360,R,722.6,house,1,16.0,11.5,3.3,ms,,,house,gable,7.0
"stage 1 - building 3903 - 41.985824, 21.584883",3903,41.985824,21.584883,360,R,1638.1,house,1,14.8,11.3,3.3,ms,,,house,gable,7.0
"stage 1 - building 3904 - 41.987668, 21.584537",3904,41.987668,21.584537,361,R,1431.3,house,1,8.6,4.3,3.3,ms,,,garage,flat,3.2
"stage 1 - building 3905 - 41.995241, 21.583075",3905,41.995241,21.583075,363,R,581.4,house,1,14.1,11.3,3.3,ms,,,house,gable,7.0
"stage 1 - building 3906 - 41.992073, 21.583715",3906,41.992073,21.583715,364,R,937.3,house,1,12.8,11.0,3.3,ms,,,house,gable,7.0
"stage 1 - building 3907 - 41.988322, 21.584443",3907,41.988322,21.584443,364,R,1358.3,house,1,8.2,4.6,3.3,ms,,,garage,flat,3.2
"stage 1 - building 3908 - 41.987583, 21.584587",3908,41.987583,21.584587,364,R,1441.2,house,2,10.4,9.5,6.2,ms,,,house,gable,7.0
"stage 1 - building 3909 - 41.987191, 21.584670",3909,41.987191,21.584670,364,R,1485.4,house,2,11.2,7.3,6.2,ms,,,house,gable,7.0
"stage 1 - building 3910 - 41.995051, 21.583147",3910,41.995051,21.583147,365,R,603.2,flat,1,3.7,3.5,2.7,ms,,,garage,flat,3.2
"stage 1 - building 3911 - 41.991588, 21.583833",3911,41.991588,21.583833,366,R,992.1,house,2,11.3,11.2,6.2,ms,,,house,gable,7.0
"stage 1 - building 3912 - 41.986909, 21.584745",3912,41.986909,21.584745,366,R,1517.2,house,1,16.3,11.2,3.3,osm,670762402,residential,house,gable,7.0
"stage 1 - building 3913 - 41.987484, 21.584660",3913,41.987484,21.584660,368,R,1453.0,house,1,12.6,10.2,3.3,osm,670755304,residential,house,gable,7.0
"stage 1 - building 3914 - 41.986272, 21.584898",3914,41.986272,21.584898,368,R,1589.1,house,2,11.6,9.8,6.2,ms,,,house,gable,7.0
"stage 1 - building 3915 - 41.996034, 21.583003",3915,41.996034,21.583003,369,R,493.4,house,2,13.1,10.7,6.2,ms,,,house,gable,7.0
"stage 1 - building 3916 - 41.993281, 21.583536",3916,41.993281,21.583536,369,R,802.4,house,1,7.3,7.3,3.3,ms,,,house,gable,7.0
"stage 1 - building 3917 - 41.991937, 21.583817",3917,41.991937,21.583817,370,R,953.5,flat,1,5.8,2.9,2.7,ms,,,garage,flat,3.2
"stage 1 - building 3918 - 41.994136, 21.583388",3918,41.994136,21.583388,371,R,706.7,house,2,9.1,9.0,6.2,ms,,,house,gable,7.0
"stage 1 - building 3919 - 41.993463, 21.583542",3919,41.993463,21.583542,372,R,782.5,house,2,17.3,10.0,6.2,ms,,,house,gable,7.0
"stage 1 - building 3920 - 41.987373, 21.584735",3920,41.987373,21.584735,372,R,1466.1,house,2,11.5,7.1,6.2,osm,670755301,house,house,gable,7.0
"stage 1 - building 3921 - 41.986141, 21.584973",3921,41.986141,21.584973,372,R,1604.4,flat,1,5.8,4.4,2.7,ms,,,garage,flat,3.2
"stage 1 - building 3922 - 41.985620, 21.585081",3922,41.985620,21.585081,373,R,1662.9,house,2,12.5,11.9,6.2,ms,,,house,gable,7.0
"stage 1 - building 3923 - 41.986511, 21.584928",3923,41.986511,21.584928,374,R,1563.1,flat,1,4.9,3.0,2.7,ms,,,garage,flat,3.2
"stage 1 - building 3924 - 41.991913, 21.583895",3924,41.991913,21.583895,376,R,957.0,flat,1,6.1,4.2,2.7,ms,,,garage,flat,3.2
"stage 1 - building 3925 - 41.991832, 21.583904",3925,41.991832,21.583904,376,R,966.1,house,2,16.5,6.8,6.2,ms,,,house,gable,7.0
"stage 1 - building 3926 - 41.993713, 21.583545",3926,41.993713,21.583545,377,R,755.0,house,2,15.0,11.4,6.2,ms,,,house,gable,7.0
"stage 1 - building 3927 - 41.988374, 21.584598",3927,41.988374,21.584598,377,R,1354.4,house,2,12.4,10.4,6.2,ms,,,house,gable,7.0
"stage 1 - building 3928 - 41.994753, 21.583356",3928,41.994753,21.583356,378,R,638.4,house,2,9.3,7.7,6.2,ms,,,house,gable,7.0
"stage 1 - building 3929 - 41.991463, 21.584013",3929,41.991463,21.584013,379,R,1007.9,house,2,12.6,6.2,6.2,ms,,,house,gable,7.0
"stage 1 - building 3930 - 41.987979, 21.584700",3930,41.987979,21.584700,379,R,1399.1,house,1,7.7,6.2,3.3,ms,,,house,gable,7.0
"stage 1 - building 3931 - 41.986935, 21.584897",3931,41.986935,21.584897,379,R,1516.2,house,2,12.4,9.9,6.2,ms,,,house,gable,7.0
"stage 1 - building 3932 - 41.995184, 21.583296",3932,41.995184,21.583296,380,R,590.4,house,1,9.3,9.1,3.3,ms,,,house,gable,7.0
"stage 1 - building 3933 - 41.985743, 21.585149",3933,41.985743,21.585149,380,R,1650.2,house,2,11.8,8.5,6.2,ms,,,house,gable,7.0
"stage 1 - building 3934 - 41.993570, 21.583621",3934,41.993570,21.583621,381,R,771.6,house,2,12.5,10.9,6.2,ms,,,house,gable,7.0
"stage 1 - building 3935 - 41.988130, 21.584687",3935,41.988130,21.584687,381,R,1382.3,house,2,13.8,10.1,6.2,ms,,,house,gable,7.0
"stage 1 - building 3936 - 41.987675, 21.584783",3936,41.987675,21.584783,381,R,1433.5,house,1,10.6,9.8,3.3,ms,,,house,gable,7.0
"stage 1 - building 3937 - 41.987189, 21.584876",3937,41.987189,21.584876,381,R,1488.0,house,1,10.3,6.4,3.3,osm,670762403,house,house,gable,7.0
"stage 1 - building 3938 - 41.995575, 21.583251",3938,41.995575,21.583251,382,R,546.9,house,2,15.3,9.3,6.2,osm,670537296,residential,house,gable,7.0
"stage 1 - building 3939 - 41.992519, 21.583846",3939,41.992519,21.583846,382,R,889.9,house,1,10.4,10.3,3.3,ms,,,house,gable,7.0
"stage 1 - building 3940 - 41.992019, 21.583939",3940,41.992019,21.583939,382,R,945.9,house,2,18.1,13.1,6.2,ms,,,house,gable,7.0
"stage 1 - building 3941 - 41.995316, 21.583306",3941,41.995316,21.583306,383,R,576.0,house,1,15.4,11.5,3.3,ms,,,house,gable,7.0
"stage 1 - building 3942 - 41.994027, 21.583562",3942,41.994027,21.583562,383,R,720.7,house,1,6.7,5.8,3.3,ms,,,garage,flat,3.2
"stage 1 - building 3943 - 41.991331, 21.584084",3943,41.991331,21.584084,383,R,1023.3,house,2,13.3,12.0,6.2,ms,,,house,gable,7.0
"stage 1 - building 3944 - 41.986044, 21.585121",3944,41.986044,21.585121,383,R,1616.8,house,1,20.9,12.1,3.3,ms,,,house,gable,7.0
"stage 1 - building 3945 - 41.992189, 21.583936",3945,41.992189,21.583936,384,R,927.2,house,1,6.4,5.7,3.3,ms,,,garage,flat,3.2
"stage 1 - building 3946 - 41.986291, 21.585087",3946,41.986291,21.585087,384,R,1589.2,house,2,15.4,13.9,6.2,ms,,,house,gable,7.0
"stage 1 - building 3947 - 41.994879, 21.583422",3947,41.994879,21.583422,385,R,625.5,house,1,11.2,9.7,3.3,ms,,,house,gable,7.0
"stage 1 - building 3948 - 41.987054, 21.584950",3948,41.987054,21.584950,385,R,1503.7,house,2,13.5,13.3,6.2,ms,,,house,gable,7.0
"stage 1 - building 3949 - 41.991181, 21.584150",3949,41.991181,21.584150,386,R,1040.6,flat,1,7.1,3.5,2.7,ms,,,garage,flat,3.2
"stage 1 - building 3950 - 41.996109, 21.583218",3950,41.996109,21.583218,388,R,487.8,house,2,13.0,6.3,6.2,ms,,,house,gable,7.0
"stage 1 - building 3951 - 41.985433, 21.585310",3951,41.985433,21.585310,388,R,1686.2,house,1,7.5,5.3,3.3,ms,,,garage,flat,3.2
"stage 1 - building 3952 - 41.993731, 21.583696",3952,41.993731,21.583696,389,R,754.8,house,1,8.0,6.4,3.3,ms,,,house,gable,7.0
"stage 1 - building 3953 - 41.992628, 21.583934",3953,41.992628,21.583934,391,R,878.9,house,1,13.6,11.9,3.3,ms,,,house,gable,7.0
"stage 1 - building 3954 - 41.991578, 21.584142",3954,41.991578,21.584142,391,R,996.9,house,2,12.4,11.5,6.2,ms,,,house,gable,7.0
"stage 1 - building 3955 - 41.993988, 21.583682",3955,41.993988,21.583682,392,R,726.5,house,1,13.2,9.9,3.3,ms,,,house,gable,7.0
"stage 1 - building 3956 - 41.995537, 21.583389",3956,41.995537,21.583389,393,R,552.7,house,2,12.8,10.0,6.2,ms,,,house,gable,7.0
"stage 1 - building 3957 - 41.993861, 21.583713",3957,41.993861,21.583713,393,R,740.8,flat,1,6.3,4.6,2.7,ms,,,garage,flat,3.2
"stage 1 - building 3958 - 41.987287, 21.585006",3958,41.987287,21.585006,393,R,1478.8,house,1,7.4,6.5,3.3,ms,,,house,gable,7.0
"stage 1 - building 3959 - 41.985470, 21.585364",3959,41.985470,21.585364,393,R,1682.8,flat,1,4.3,3.6,2.7,ms,,,garage,flat,3.2
"stage 1 - building 3960 - 41.994871, 21.583531",3960,41.994871,21.583531,394,R,627.6,flat,1,5.7,3.8,2.7,ms,,,garage,flat,3.2
"stage 1 - building 3961 - 41.987764, 21.584935",3961,41.987764,21.584935,395,R,1425.5,house,2,10.2,9.6,6.2,ms,,,house,gable,7.0
"stage 1 - building 3962 - 41.995057, 21.583520",3962,41.995057,21.583520,396,R,607.1,house,2,17.8,11.3,6.2,ms,,,house,gable,7.0
"stage 1 - building 3963 - 41.992268, 21.584068",3963,41.992268,21.584068,396,R,920.1,house,2,10.0,9.3,6.2,osm,670507526,residential,house,gable,7.0
"stage 1 - building 3964 - 41.987630, 21.584976",3964,41.987630,21.584976,396,R,1440.7,house,1,7.9,5.6,3.3,ms,,,garage,flat,3.2
"stage 1 - building 3965 - 41.984343, 21.585615",3965,41.984343,21.585615,396,R,1809.7,house,2,18.9,5.5,6.2,ms,,,house,gable,7.0
"stage 1 - building 3966 - 41.991317, 21.584279",3966,41.991317,21.584279,398,R,1027.2,house,2,16.0,11.7,6.2,ms,,,house,gable,7.0
"stage 1 - building 3967 - 41.987921, 21.584949",3967,41.987921,21.584949,399,R,1408.4,house,2,15.3,11.2,6.2,ms,,,house,gable,7.0
"stage 1 - building 3968 - 41.992977, 21.583969",3968,41.992977,21.583969,400,R,841.0,house,1,8.4,6.5,3.3,ms,,,house,gable,7.0
"stage 1 - building 3969 - 41.992868, 21.583994",3969,41.992868,21.583994,400,R,853.2,house,1,14.4,3.8,3.3,ms,,,house,gable,7.0
"stage 1 - building 3970 - 41.992468, 21.584068",3970,41.992468,21.584068,400,R,898.2,house,2,18.1,13.9,6.2,ms,,,house,gable,7.0
"stage 1 - building 3971 - 41.991754, 21.584209",3971,41.991754,21.584209,400,R,978.3,house,1,11.6,11.5,3.3,ms,,,house,gable,7.0
"stage 1 - building 3972 - 41.994307, 21.583740",3972,41.994307,21.583740,402,R,692.0,house,2,13.7,9.4,6.2,ms,,,house,gable,7.0
"stage 1 - building 3973 - 41.993744, 21.583850",3973,41.993744,21.583850,402,R,755.3,house,1,16.6,9.7,3.3,ms,,,house,gable,7.0
"stage 1 - building 3974 - 41.992797, 21.584028",3974,41.992797,21.584028,402,R,861.4,flat,1,5.2,3.3,2.7,ms,,,garage,flat,3.2
"stage 1 - building 3975 - 41.987273, 21.585118",3975,41.987273,21.585118,402,R,1481.6,house,1,6.8,4.8,3.3,ms,,,garage,flat,3.2
"stage 1 - building 3976 - 41.992362, 21.584136",3976,41.992362,21.584136,403,R,910.6,flat,1,4.0,3.9,2.7,ms,,,garage,flat,3.2
"stage 1 - building 3977 - 41.991897, 21.584227",3977,41.991897,21.584227,403,R,962.8,house,2,11.8,6.0,6.2,ms,,,house,gable,7.0
"stage 1 - building 3978 - 41.985370, 21.585496",3978,41.985370,21.585496,403,R,1695.3,house,1,9.8,8.9,3.3,ms,,,house,gable,7.0
"stage 1 - building 3979 - 41.996136, 21.583402",3979,41.996136,21.583402,404,R,487.0,house,1,10.7,8.3,3.3,ms,,,house,gable,7.0
"stage 1 - building 3980 - 41.995928, 21.583444",3980,41.995928,21.583444,404,R,510.4,flat,1,29.7,27.1,7.0,ms,,,commercial,flat,7.0
"stage 1 - building 3981 - 41.993597, 21.583898",3981,41.993597,21.583898,404,R,772.0,flat,1,5.1,4.4,2.7,ms,,,garage,flat,3.2
"stage 1 - building 3982 - 41.988222, 21.584969",3982,41.988222,21.584969,405,R,1375.5,house,2,13.5,11.3,6.2,ms,,,house,gable,7.0
"stage 1 - building 3983 - 41.993066, 21.584043",3983,41.993066,21.584043,407,R,832.1,house,2,11.8,10.4,6.2,ms,,,house,gable,7.0
"stage 1 - building 3984 - 41.995209, 21.583636",3984,41.995209,21.583636,408,R,591.7,house,2,12.6,10.2,6.2,ms,,,house,gable,7.0
"stage 1 - building 3985 - 41.992026, 21.584253",3985,41.992026,21.584253,408,R,949.0,house,1,11.3,4.9,3.3,ms,,,house,gable,7.0
"stage 1 - building 3986 - 41.988595, 21.584930",3986,41.988595,21.584930,408,R,1334.1,flat,1,5.4,4.2,2.7,ms,,,garage,flat,3.2
"stage 1 - building 3987 - 41.985906, 21.585457",3987,41.985906,21.585457,408,R,1635.9,house,1,13.3,12.1,3.3,ms,,,house,gable,7.0
"stage 1 - building 3988 - 41.985658, 21.585504",3988,41.985658,21.585504,408,R,1663.8,house,2,11.0,10.8,6.2,ms,,,house,gable,7.0
"stage 1 - building 3989 - 41.993181, 21.584049",3989,41.993181,21.584049,409,R,819.5,house,2,12.3,7.3,6.2,ms,,,house,gable,7.0
"stage 1 - building 3990 - 41.996308, 21.583454",3990,41.996308,21.583454,411,R,468.7,house,2,14.3,9.7,6.2,ms,,,house,gable,7.0
"stage 1 - building 3991 - 41.994950, 21.583719",3991,41.994950,21.583719,411,R,621.1,house,2,12.2,12.1,6.2,ms,,,house,gable,7.0
"stage 1 - building 3992 - 41.991340, 21.584448",3992,41.991340,21.584448,412,R,1026.7,flat,1,20.6,18.7,7.0,ms,,,house,gable,7.0
"stage 1 - building 3993 - 41.987321, 21.585229",3993,41.987321,21.585229,412,R,1477.7,house,2,11.6,5.7,6.2,ms,,,house,gable,7.0
"stage 1 - building 3994 - 41.984988, 21.585688",3994,41.984988,21.585688,412,R,1739.7,house,1,16.1,12.1,3.3,ms,,,house,gable,7.0
"stage 1 - building 3995 - 41.992086, 21.584325",3995,41.992086,21.584325,414,R,943.2,house,2,16.0,5.1,6.2,ms,,,house,gable,7.0
"stage 1 - building 3996 - 41.985467, 21.585628",3996,41.985467,21.585628,414,R,1686.3,house,1,6.4,4.8,3.3,ms,,,garage,flat,3.2
"stage 1 - building 3997 - 41.989981, 21.584756",3997,41.989981,21.584756,415,R,1179.7,house,1,11.3,7.3,3.3,ms,,,house,gable,7.0
"stage 1 - building 3998 - 41.987611, 21.585217",3998,41.987611,21.585217,415,R,1445.7,house,1,6.4,5.0,3.3,ms,,,garage,flat,3.2
"stage 1 - building 3999 - 41.984398, 21.585845",3999,41.984398,21.585845,415,R,1806.3,house,2,10.8,9.8,6.2,ms,,,house,gable,7.0
"stage 1 - building 4000 - 41.977383, 21.587222",4000,41.977383,21.587222,415,R,2593.8,flat,1,55.3,13.0,7.0,osm,491653972,greenhouse,garage,flat,3.2
"stage 1 - building 4001 - 41.992713, 21.584230",4001,41.992713,21.584230,416,R,873.1,house,2,9.2,8.7,6.2,ms,,,house,gable,7.0
"stage 1 - building 4002 - 41.988028, 21.585160",4002,41.988028,21.585160,416,R,1399.2,house,2,14.9,11.4,6.2,ms,,,house,gable,7.0
"stage 1 - building 4003 - 41.996141, 21.583566",4003,41.996141,21.583566,417,R,488.4,house,2,11.2,11.0,6.2,ms,,,house,gable,7.0
"stage 1 - building 4004 - 41.992236, 21.584341",4004,41.992236,21.584341,417,R,926.9,house,1,14.7,13.1,3.3,ms,,,house,gable,7.0
"stage 1 - building 4005 - 41.985525, 21.585659",4005,41.985525,21.585659,417,R,1680.2,flat,1,7.8,2.9,2.7,ms,,,garage,flat,3.2
"stage 1 - building 4006 - 41.985426, 21.585687",4006,41.985426,21.585687,417,R,1691.5,house,1,8.8,3.7,3.3,ms,,,garage,flat,3.2
"stage 1 - building 4007 - 41.995453, 21.583718",4007,41.995453,21.583718,418,R,565.9,house,2,12.2,11.7,6.2,ms,,,house,gable,7.0
"stage 1 - building 4008 - 41.991836, 21.584427",4008,41.991836,21.584427,418,R,971.9,house,1,9.3,4.4,3.3,ms,,,garage,flat,3.2
"stage 1 - building 4009 - 41.991949, 21.584420",4009,41.991949,21.584420,419,R,959.3,house,2,13.0,11.5,6.2,osm,670517406,yes,house,gable,7.0
"stage 1 - building 4010 - 41.993811, 21.584071",4010,41.993811,21.584071,420,R,750.5,flat,1,7.1,3.9,2.7,ms,,,garage,flat,3.2
"stage 1 - building 4011 - 41.992852, 21.584258",4011,41.992852,21.584258,420,R,858.2,house,1,13.3,8.6,3.3,ms,,,house,gable,7.0
"stage 1 - building 4012 - 41.984504, 21.585923",4012,41.984504,21.585923,420,R,1795.7,flat,1,7.9,3.3,2.7,ms,,,garage,flat,3.2
"stage 1 - building 4013 - 41.995059, 21.583842",4013,41.995059,21.583842,421,R,610.7,flat,1,6.5,4.3,2.7,ms,,,garage,flat,3.2
"stage 1 - building 4014 - 41.988545, 21.585132",4014,41.988545,21.585132,421,R,1342.0,house,1,17.0,14.6,3.3,ms,,,house,gable,7.0
"stage 1 - building 4015 - 41.988290, 21.585188",4015,41.988290,21.585188,421,R,1370.8,house,2,9.3,7.7,6.2,ms,,,house,gable,7.0
"stage 1 - building 4016 - 41.987966, 21.585244",4016,41.987966,21.585244,421,R,1407.0,house,1,6.5,4.8,3.3,ms,,,garage,flat,3.2
"stage 1 - building 4017 - 41.987357, 21.585361",4017,41.987357,21.585361,421,R,1475.4,flat,1,4.6,3.8,2.7,ms,,,garage,flat,3.2
"stage 1 - building 4018 - 41.992950, 21.584288",4018,41.992950,21.584288,423,R,847.8,house,2,11.1,9.0,6.2,ms,,,house,gable,7.0
"stage 1 - building 4019 - 41.995232, 21.583846",4019,41.995232,21.583846,424,R,591.7,house,1,13.4,11.6,3.3,ms,,,house,gable,7.0
"stage 1 - building 4020 - 41.993547, 21.584175",4020,41.993547,21.584175,424,R,780.8,house,1,11.1,7.1,3.3,ms,,,house,gable,7.0
"stage 1 - building 4021 - 41.993283, 21.584225",4021,41.993283,21.584225,424,R,810.5,house,2,9.7,6.8,6.2,ms,,,house,gable,7.0
"stage 1 - building 4022 - 41.987822, 21.585323",4022,41.987822,21.585323,424,R,1423.8,house,2,10.6,8.6,6.2,ms,,,house,gable,7.0
"stage 1 - building 4023 - 41.991876, 21.584523",4023,41.991876,21.584523,425,R,968.7,house,1,10.3,5.8,3.3,ms,,,house,gable,7.0
"stage 1 - building 4024 - 41.992425, 21.584433",4024,41.992425,21.584433,426,R,907.2,house,1,12.8,12.1,3.3,osm,670517407,residential,house,gable,7.0
"stage 1 - building 4025 - 41.992055, 21.584507",4025,41.992055,21.584507,426,R,948.8,house,1,7.5,5.2,3.3,ms,,,garage,flat,3.2
"stage 1 - building 4026 - 41.988415, 21.585221",4026,41.988415,21.585221,426,R,1357.4,house,2,13.5,6.6,6.2,ms,,,house,gable,7.0
"stage 1 - building 4027 - 41.982663, 21.586375",4027,41.982663,21.586375,426,R,2003.4,flat,1,4.4,3.9,2.7,ms,,,garage,flat,3.2
"stage 1 - building 4028 - 41.986937, 21.585539",4028,41.986937,21.585539,427,R,1523.7,house,2,17.7,13.4,6.2,ms,,,house,gable,7.0
"stage 1 - building 4029 - 41.991639, 21.584610",4029,41.991639,21.584610,428,R,995.8,house,2,16.9,9.1,6.2,ms,,,house,gable,7.0
"stage 1 - building 4030 - 41.993113, 21.584327",4030,41.993113,21.584327,429,R,830.4,flat,1,23.8,13.8,7.0,ms,,,house,gable,7.0
"stage 1 - building 4031 - 41.995927, 21.583779",4031,41.995927,21.583779,430,R,514.5,house,1,14.6,13.5,3.3,ms,,,house,gable,7.0
"stage 1 - building 4032 - 41.993392, 21.584301",4032,41.993392,21.584301,431,R,799.4,house,2,12.6,11.2,6.2,ms,,,house,gable,7.0
"stage 1 - building 4033 - 41.988702, 21.585234",4033,41.988702,21.585234,431,R,1326.0,house,2,11.3,10.6,6.2,ms,,,house,gable,7.0
"stage 1 - building 4034 - 41.987474, 21.585475",4034,41.987474,21.585475,431,R,1463.9,flat,1,24.2,13.3,7.0,ms,,,house,gable,7.0
"stage 1 - building 4035 - 41.995055, 21.583994",4035,41.995055,21.583994,433,R,613.0,flat,1,6.5,3.9,2.7,ms,,,garage,flat,3.2
"stage 1 - building 4036 - 41.995428, 21.583928",4036,41.995428,21.583928,434,R,571.1,house,1,10.3,9.5,3.3,ms,,,house,gable,7.0
"stage 1 - building 4037 - 41.988259, 21.585361",4037,41.988259,21.585361,434,R,1376.2,house,1,13.5,13.2,3.3,ms,,,house,gable,7.0
"stage 1 - building 4038 - 41.987296, 21.585544",4038,41.987296,21.585544,434,R,1484.3,flat,1,5.2,3.4,2.7,ms,,,garage,flat,3.2
"stage 1 - building 4039 - 41.986782, 21.585647",4039,41.986782,21.585647,434,R,1542.0,house,1,15.3,11.0,3.3,osm,1122596910,yes,house,gable,7.0
"stage 1 - building 4040 - 41.992003, 21.584619",4040,41.992003,21.584619,435,R,955.8,house,2,9.4,7.7,6.2,ms,,,house,gable,7.0
"stage 1 - building 4041 - 41.991236, 21.584793",4041,41.991236,21.584793,436,R,1042.2,flat,1,22.8,17.5,7.0,ms,,,house,gable,7.0
"stage 1 - building 4042 - 41.988538, 21.585339",4042,41.988538,21.585339,437,R,1345.3,house,2,12.6,10.8,6.2,ms,,,house,gable,7.0
"stage 1 - building 4043 - 41.992665, 21.584526",4043,41.992665,21.584526,438,R,882.0,house,1,16.1,12.4,3.3,ms,,,house,gable,7.0
"stage 1 - building 4044 - 41.991800, 21.584694",4044,41.991800,21.584694,438,R,979.1,house,1,11.7,11.7,3.3,ms,,,house,gable,7.0
"stage 1 - building 4045 - 41.996264, 21.583821",4045,41.996264,21.583821,439,R,478.0,house,2,14.8,10.7,6.2,ms,,,house,gable,7.0
"stage 1 - building 4046 - 41.993849, 21.584301",4046,41.993849,21.584301,439,R,749.2,house,2,9.9,7.5,6.2,ms,,,house,gable,7.0
"stage 1 - building 4047 - 41.991429, 21.584787",4047,41.991429,21.584787,439,R,1021.0,house,2,16.5,11.3,6.2,ms,,,house,gable,7.0
"stage 1 - building 4048 - 41.988065, 21.585456",4048,41.988065,21.585456,439,R,1398.7,house,1,11.7,11.1,3.3,ms,,,house,gable,7.0
"stage 1 - building 4049 - 41.996129, 21.583863",4049,41.996129,21.583863,440,R,493.3,house,1,14.2,11.4,3.3,ms,,,house,gable,7.0
"stage 1 - building 4050 - 41.986671, 21.585751",4050,41.986671,21.585751,440,R,1555.5,house,1,12.4,9.2,3.3,osm,1122596911,yes,house,gable,7.0
"stage 1 - building 4051 - 41.992170, 21.584665",4051,41.992170,21.584665,441,R,938.0,house,2,13.4,11.7,6.2,ms,,,house,gable,7.0
"stage 1 - building 4052 - 41.995718, 21.583966",4052,41.995718,21.583966,442,R,539.8,house,2,10.8,6.6,6.2,ms,,,house,gable,7.0
"stage 1 - building 4053 - 41.987380, 21.585633",4053,41.987380,21.585633,442,R,1476.1,house,1,15.2,10.2,3.3,ms,,,house,gable,7.0
"stage 1 - building 4054 - 41.992520, 21.584620",4054,41.992520,21.584620,443,R,899.0,house,2,13.9,9.5,6.2,osm,670517408,house,house,gable,7.0
"stage 1 - building 4055 - 41.992350, 21.584652",4055,41.992350,21.584652,443,R,918.1,flat,1,11.0,2.3,2.7,ms,,,garage,flat,3.2
"stage 1 - building 4056 - 41.985279, 21.586063",4056,41.985279,21.586063,443,R,1712.2,house,2,15.6,9.6,6.2,ms,,,house,gable,7.0
"stage 1 - building 4057 - 41.995205, 21.584098",4057,41.995205,21.584098,444,R,597.7,house,2,26.6,10.7,6.2,ms,,,house,gable,7.0
"stage 1 - building 4058 - 41.992058, 21.584725",4058,41.992058,21.584725,444,R,951.1,flat,1,4.7,4.3,2.7,ms,,,garage,flat,3.2
"stage 1 - building 4059 - 41.991673, 21.584794",4059,41.991673,21.584794,444,R,994.3,house,2,13.6,13.5,6.2,ms,,,house,gable,7.0
"stage 1 - building 4060 - 41.994871, 21.584171",4060,41.994871,21.584171,445,R,635.4,house,1,11.3,9.5,3.3,ms,,,house,gable,7.0
"stage 1 - building 4061 - 41.993371, 21.584476",4061,41.993371,21.584476,445,R,803.9,house,1,10.3,5.5,3.3,osm,670507528,house,house,gable,7.0
"stage 1 - building 4062 - 41.991972, 21.584752",4062,41.991972,21.584752,445,R,960.9,house,2,10.9,10.0,6.2,ms,,,house,gable,7.0
"stage 1 - building 4063 - 41.995020, 21.584178",4063,41.995020,21.584178,448,R,619.0,flat,1,5.7,4.2,2.7,ms,,,garage,flat,3.2
"stage 1 - building 4064 - 41.993544, 21.584501",4064,41.993544,21.584501,450,R,785.1,flat,1,21.9,18.3,7.0,ms,,,house,gable,7.0
"stage 1 - building 4065 - 41.992859, 21.584632",4065,41.992859,21.584632,450,R,862.0,house,1,12.6,6.9,3.3,ms,,,house,gable,7.0
"stage 1 - building 4066 - 41.995933, 21.584034",4066,41.995933,21.584034,451,R,516.9,house,1,25.9,10.8,3.3,ms,,,house,gable,7.0
"stage 1 - building 4067 - 41.988754, 21.585472",4067,41.988754,21.585472,451,R,1323.2,house,1,14.8,9.4,3.3,ms,,,house,gable,7.0
"stage 1 - building 4068 - 41.993993, 21.584429",4068,41.993993,21.584429,452,R,734.9,flat,1,5.1,4.2,2.7,ms,,,garage,flat,3.2
"stage 1 - building 4069 - 41.988657, 21.585507",4069,41.988657,21.585507,453,R,1334.3,flat,1,5.7,3.2,2.7,ms,,,garage,flat,3.2
"stage 1 - building 4070 - 41.995384, 21.584194",4070,41.995384,21.584194,455,R,579.2,house,1,16.1,13.6,3.3,ms,,,house,gable,7.0
"stage 1 - building 4071 - 41.993858, 21.584500",4071,41.993858,21.584500,455,R,750.6,house,1,7.3,4.4,3.3,ms,,,garage,flat,3.2
"stage 1 - building 4072 - 41.995101, 21.584256",4072,41.995101,21.584256,456,R,611.1,house,2,12.0,10.9,6.2,ms,,,house,gable,7.0
"stage 1 - building 4073 - 41.993081, 21.584666",4073,41.993081,21.584666,456,R,838.0,house,1,10.5,9.6,3.3,osm,670517409,house,house,gable,7.0
"stage 1 - building 4074 - 41.991181, 21.585039",4074,41.991181,21.585039,456,R,1051.3,flat,1,5.9,3.5,2.7,ms,,,garage,flat,3.2
"stage 1 - building 4075 - 41.992531, 21.584785",4075,41.992531,21.584785,457,R,899.9,flat,1,25.4,15.1,7.0,ms,,,house,gable,7.0
"stage 1 - building 4076 - 41.985046, 21.586302",4076,41.985046,21.586302,459,R,1740.8,house,1,8.2,4.5,3.3,ms,,,garage,flat,3.2
"stage 1 - building 4077 - 41.992841, 21.584755",4077,41.992841,21.584755,460,R,865.4,house,2,10.6,10.2,6.2,ms,,,house,gable,7.0
"stage 1 - building 4078 - 41.986931, 21.585943",4078,41.986931,21.585943,460,R,1529.2,house,2,16.4,11.7,6.2,osm,1122596912,yes,house,gable,7.0
"stage 1 - building 4079 - 41.993190, 21.584702",4079,41.993190,21.584702,461,R,826.4,house,2,11.5,9.4,6.2,ms,,,house,gable,7.0
"stage 1 - building 4080 - 41.992292, 21.584891",4080,41.992292,21.584891,462,R,927.4,house,2,19.0,11.5,6.2,ms,,,house,gable,7.0
"stage 1 - building 4081 - 41.987623, 21.585826",4081,41.987623,21.585826,462,R,1451.8,house,1,6.7,6.6,3.3,ms,,,garage,flat,3.2
"stage 1 - building 4082 - 41.995323, 21.584304",4082,41.995323,21.584304,463,R,587.3,house,1,17.1,6.8,3.3,ms,,,row,flat,9.5
"stage 1 - building 4083 - 41.987381, 21.585882",4083,41.987381,21.585882,463,R,1479.1,house,2,9.1,7.8,6.2,ms,,,house,gable,7.0
"stage 1 - building 4084 - 41.977638, 21.587830",4084,41.977638,21.587830,463,R,2573.2,flat,1,55.3,13.0,7.0,osm,406840626,greenhouse,garage,flat,3.2
"stage 1 - building 4085 - 41.991764, 21.585027",4085,41.991764,21.585027,464,R,987.1,house,2,21.7,10.6,6.2,ms,,,house,gable,7.0
"stage 1 - building 4086 - 41.991131, 21.585148",4086,41.991131,21.585148,464,R,1058.1,house,2,11.4,10.9,6.2,ms,,,house,gable,7.0
"stage 1 - building 4087 - 41.993805, 21.584626",4087,41.993805,21.584626,465,R,758.0,house,2,12.6,11.6,6.2,ms,,,row,flat,9.5
"stage 1 - building 4088 - 41.988730, 21.585639",4088,41.988730,21.585639,465,R,1327.9,flat,1,7.2,3.0,2.7,ms,,,garage,flat,3.2
"stage 1 - building 4089 - 41.986183, 21.586154",4089,41.986183,21.586154,465,R,1614.0,house,1,10.1,9.2,3.3,ms,,,house,gable,7.0
"stage 1 - building 4090 - 41.995783, 21.584246",4090,41.995783,21.584246,466,R,536.0,house,1,15.9,9.9,3.3,ms,,,house,gable,7.0
"stage 1 - building 4091 - 41.993316, 21.584744",4091,41.993316,21.584744,466,R,813.1,house,2,9.3,8.2,6.2,ms,,,house,gable,7.0
"stage 1 - building 4092 - 41.992411, 21.584915",4092,41.992411,21.584915,466,R,914.7,house,1,7.5,4.8,3.3,ms,,,garage,flat,3.2
"stage 1 - building 4093 - 41.988875, 21.585638",4093,41.988875,21.585638,467,R,1312.0,house,2,12.4,7.5,6.2,ms,,,house,gable,7.0
"stage 1 - building 4094 - 41.995929, 21.584238",4094,41.995929,21.584238,468,R,519.9,house,2,14.5,13.7,6.2,ms,,,house,gable,7.0
"stage 1 - building 4095 - 41.986822, 21.586064",4095,41.986822,21.586064,468,R,1542.7,house,2,11.2,10.7,6.2,osm,1122596913,yes,house,gable,7.0
"stage 1 - building 4096 - 41.995334, 21.584379",4096,41.995334,21.584379,469,R,587.0,house,1,7.3,6.1,3.3,osm,670537295,residential,row,flat,9.5
"stage 1 - building 4097 - 41.992771, 21.584886",4097,41.992771,21.584886,469,R,874.8,house,1,14.3,8.8,3.3,ms,,,house,gable,7.0
"stage 1 - building 4098 - 41.988523, 21.585735",4098,41.988523,21.585735,469,R,1351.8,house,1,15.3,15.0,3.3,ms,,,house,gable,7.0
"stage 1 - building 4099 - 41.993886, 21.584684",4099,41.993886,21.584684,471,R,749.8,house,1,7.6,7.0,3.3,ms,,,row,flat,9.5
"stage 1 - building 4100 - 41.990193, 21.585452",4100,41.990193,21.585452,473,R,1164.8,flat,1,46.3,27.3,7.0,osm,450045539,apartments,apartment,flat,16.0
"stage 1 - building 4101 - 41.986690, 21.586151",4101,41.986690,21.586151,473,R,1558.3,house,1,15.7,9.4,3.3,osm,1122596915,yes,house,gable,7.0
"stage 1 - building 4102 - 41.994047, 21.584693",4102,41.994047,21.584693,474,R,732.2,house,2,12.7,8.6,6.2,ms,,,house,gable,7.0
"stage 1 - building 4103 - 41.986072, 21.586280",4103,41.986072,21.586280,474,R,1627.8,house,2,12.8,11.5,6.2,osm,1122596917,yes,house,gable,7.0
"stage 1 - building 4104 - 41.995399, 21.584436",4104,41.995399,21.584436,475,R,580.6,house,2,10.6,7.3,6.2,ms,,,house,gable,7.0
"stage 1 - building 4105 - 41.993389, 21.584851",4105,41.993389,21.584851,476,R,806.4,house,2,14.1,9.8,6.2,osm,670517410,house,row,flat,9.5
"stage 1 - building 4106 - 41.985189, 21.586480",4106,41.985189,21.586480,476,R,1727.2,house,1,12.3,4.6,3.3,ms,,,house,gable,7.0
"stage 1 - building 4107 - 41.996149, 21.584312",4107,41.996149,21.584312,477,R,496.6,house,2,11.0,9.4,6.2,ms,,,house,gable,7.0
"stage 1 - building 4108 - 41.991294, 21.585279",4108,41.991294,21.585279,477,R,1041.8,flat,1,28.4,24.4,7.0,ms,,,commercial,flat,7.0
"stage 1 - building 4109 - 41.994959, 21.584557",4109,41.994959,21.584557,478,R,630.3,flat,1,26.5,15.8,7.0,osm,176184208,manufacture,industrial,flat,8.5
"stage 1 - building 4110 - 41.986566, 21.586228",4110,41.986566,21.586228,478,R,1572.8,house,1,14.3,11.1,3.3,osm,1122596914,yes,house,gable,7.0
"stage 1 - building 4111 - 41.988711, 21.585826",4111,41.988711,21.585826,480,R,1332.3,house,2,13.8,11.1,6.2,ms,,,house,gable,7.0
"stage 1 - building 4112 - 41.985953, 21.586383",4112,41.985953,21.586383,480,R,1642.1,house,2,12.7,10.8,6.2,osm,1122596918,yes,house,gable,7.0
"stage 1 - building 4113 - 41.993051, 21.584982",4113,41.993051,21.584982,482,R,845.1,house,2,8.9,7.5,6.2,ms,,,house,gable,7.0
"stage 1 - building 4114 - 41.992752, 21.585045",4114,41.992752,21.585045,482,R,878.8,house,1,14.5,10.8,3.3,ms,,,house,gable,7.0
"stage 1 - building 4115 - 41.991091, 21.585392",4115,41.991091,21.585392,483,R,1065.5,house,1,11.2,10.6,3.3,ms,,,house,gable,7.0
"stage 1 - building 4116 - 41.988463, 21.585915",4116,41.988463,21.585915,483,R,1360.5,house,1,7.6,6.9,3.3,ms,,,house,gable,7.0
"stage 1 - building 4117 - 41.984380, 21.586730",4117,41.984380,21.586730,483,R,1819.1,flat,1,35.4,12.6,7.0,ms,,,industrial,flat,8.5
"stage 1 - building 4118 - 41.986444, 21.586343",4118,41.986444,21.586343,485,R,1587.6,house,1,13.3,10.5,3.3,osm,1122596916,yes,house,gable,7.0
"stage 1 - building 4119 - 41.993752, 21.584907",4119,41.993752,21.584907,487,R,767.3,house,1,11.9,11.7,3.3,ms,,,house,gable,7.0
"stage 1 - building 4120 - 41.988606, 21.585938",4120,41.988606,21.585938,487,R,1345.2,house,1,12.4,9.9,3.3,ms,,,house,gable,7.0
"stage 1 - building 4121 - 41.993114, 21.585048",4121,41.993114,21.585048,488,R,839.0,house,1,7.2,4.3,3.3,ms,,,garage,flat,3.2
"stage 1 - building 4122 - 41.991576, 21.585360",4122,41.991576,21.585360,488,R,1011.8,house,2,11.2,9.5,6.2,ms,,,house,gable,7.0
"stage 1 - building 4123 - 41.985818, 21.586519",4123,41.985818,21.586519,489,R,1658.5,house,2,14.8,11.5,6.2,osm,1122596919,yes,house,gable,7.0
"stage 1 - building 4124 - 41.995305, 21.584632",4124,41.995305,21.584632,490,R,593.2,flat,1,22.8,11.0,3.4,ms,,,industrial,flat,8.5
"stage 1 - building 4125 - 41.986317, 21.586444",4125,41.986317,21.586444,491,R,1602.8,house,1,11.6,10.3,3.3,osm,1122596923,yes,house,gable,7.0
"stage 1 - building 4126 - 41.989012, 21.585908",4126,41.989012,21.585908,492,R,1300.2,house,2,13.9,8.9,6.2,ms,,,house,gable,7.0
"stage 1 - building 4127 - 41.993285, 21.585080",4127,41.993285,21.585080,493,R,820.7,house,1,7.1,6.9,3.3,ms,,,house,gable,7.0
"stage 1 - building 4128 - 41.992558, 21.585220",4128,41.992558,21.585220,493,R,902.2,flat,1,43.6,16.3,7.0,ms,,,commercial,flat,7.0
"stage 1 - building 4129 - 41.991777, 21.585376",4129,41.991777,21.585376,493,R,989.9,house,1,13.7,13.3,3.3,ms,,,house,gable,7.0
"stage 1 - building 4130 - 41.995690, 21.584618",4130,41.995690,21.584618,495,R,550.8,house,2,13.3,12.4,6.2,ms,,,house,gable,7.0
"stage 1 - building 4131 - 41.988973, 21.585965",4131,41.988973,21.585965,495,R,1305.1,house,1,13.3,8.3,3.3,osm,670765866,house,house,gable,7.0
"stage 1 - building 4132 - 41.985709, 21.586610",4132,41.985709,21.586610,495,R,1671.7,house,2,11.1,11.0,6.2,osm,1122596922,yes,house,gable,7.0
"stage 1 - building 4133 - 41.988601, 21.586062",4133,41.988601,21.586062,497,R,1347.2,flat,1,5.2,5.1,2.7,ms,,,garage,flat,3.2
"stage 1 - building 4134 - 41.991135, 21.585583",4134,41.991135,21.585583,498,R,1063.0,house,1,7.8,5.9,3.3,ms,,,house,gable,7.0
"stage 1 - building 4135 - 41.994012, 21.585022",4135,41.994012,21.585022,499,R,740.1,house,1,14.9,7.1,3.3,ms,,,house,gable,7.0
"stage 1 - building 4136 - 41.993454, 21.585133",4136,41.993454,21.585133,499,R,802.7,house,2,15.3,11.1,6.2,ms,,,house,gable,7.0
"stage 1 - building 4137 - 41.991951, 21.585446",4137,41.991951,21.585446,499,R,971.7,house,1,12.3,12.3,3.3,ms,,,house,gable,7.0
"stage 1 - building 4138 - 41.991032, 21.585616",4138,41.991032,21.585616,499,R,1074.7,house,2,12.6,10.1,6.2,ms,,,house,gable,7.0
"stage 1 - building 4139 - 41.990369, 21.585765",4139,41.990369,21.585765,499,R,1149.4,flat,1,51.8,23.5,7.0,osm,448857913,apartments,apartment,flat,16.0
"stage 1 - building 4140 - 41.994137, 21.585026",4140,41.994137,21.585026,500,R,726.4,house,1,8.9,6.7,3.3,ms,,,house,gable,7.0
"stage 1 - building 4141 - 41.989791, 21.585888",4141,41.989791,21.585888,500,R,1214.4,flat,1,56.6,33.3,9.0,osm,155686286,yes,commercial,flat,7.0
"stage 1 - building 4142 - 41.986092, 21.586664",4142,41.986092,21.586664,500,R,1630.2,house,2,11.9,10.4,6.2,osm,1122596924,yes,house,gable,7.0
"stage 1 - building 4143 - 41.972953, 21.589297",4143,41.972953,21.589297,500,R,3105.8,house,1,9.1,7.7,3.3,ms,,,house,gable,7.0
"stage 1 - building 4144 - 41.993915, 21.585084",4144,41.993915,21.585084,501,R,751.5,flat,1,5.0,4.3,2.7,ms,,,garage,flat,3.2
"stage 1 - building 4145 - 41.993610, 21.585149",4145,41.993610,21.585149,501,R,785.8,house,2,12.3,10.0,6.2,ms,,,house,gable,7.0
"stage 1 - building 4146 - 41.988798, 21.586129",4146,41.988798,21.586129,501,R,1326.4,house,1,12.7,10.3,3.3,ms,,,house,gable,7.0
"stage 1 - building 4147 - 41.988416, 21.586216",4147,41.988416,21.586216,501,R,1369.5,house,1,11.9,10.8,3.3,ms,,,house,gable,7.0
"stage 1 - building 4148 - 41.977871, 21.588344",4148,41.977871,21.588344,501,R,2553.9,house,1,11.7,8.8,3.3,ms,,,house,gable,7.0
"stage 1 - building 4149 - 41.992112, 21.585496",4149,41.992112,21.585496,502,R,954.6,house,2,12.9,12.2,6.2,ms,,,house,gable,7.0
"stage 1 - building 4150 - 41.989000, 21.586132",4150,41.989000,21.586132,502,R,1304.3,flat,1,6.9,3.1,2.7,ms,,,garage,flat,3.2
"stage 1 - building 4151 - 41.985953, 21.586762",4151,41.985953,21.586762,502,R,1646.7,house,2,12.9,10.5,6.2,osm,1122596920,yes,house,gable,7.0
"stage 1 - building 4152 - 41.985739, 21.586778",4152,41.985739,21.586778,502,R,1670.4,house,1,7.2,4.2,3.3,ms,,,garage,flat,3.2
"stage 1 - building 4153 - 41.983788, 21.587185",4153,41.983788,21.587185,502,R,1889.7,house,2,12.8,5.4,6.2,ms,,,house,gable,7.0
"stage 1 - building 4154 - 41.982566, 21.587462",4154,41.982566,21.587462,502,R,2027.3,flat,1,40.4,24.0,7.0,osm,389881384,yes,industrial,flat,8.5
"stage 1 - building 4155 - 41.973684, 21.589286",4155,41.973684,21.589286,502,R,3025.5,house,1,7.9,7.7,3.3,ms,,,house,gable,7.0
"stage 1 - building 4156 - 41.992852, 21.585354",4156,41.992852,21.585354,503,R,871.6,house,1,12.3,8.5,3.3,ms,,,house,gable,7.0
"stage 1 - building 4157 - 41.991414, 21.585642",4157,41.991414,21.585642,503,R,1033.1,house,1,8.9,4.7,3.3,ms,,,garage,flat,3.2
"stage 1 - building 4158 - 41.990862, 21.585767",4158,41.990862,21.585767,503,R,1095.3,house,1,18.8,9.1,3.3,ms,,,house,gable,7.0
"stage 1 - building 4159 - 41.984624, 21.587088",4159,41.984624,21.587088,503,R,1796.7,house,2,11.8,9.4,6.2,ms,,,house,gable,7.0
"stage 1 - building 4160 - 41.972974, 21.589535",4160,41.972974,21.589535,503,R,3106.5,house,1,6.9,4.5,3.3,ms,,,garage,flat,3.2
"stage 1 - building 4161 - 41.988991, 21.586219",4161,41.988991,21.586219,504,R,1306.3,flat,1,4.8,4.7,2.7,ms,,,garage,flat,3.2
"stage 1 - building 4162 - 41.988704, 21.586261",4162,41.988704,21.586261,504,R,1338.4,house,2,10.2,10.2,6.2,ms,,,house,gable,7.0
"stage 1 - building 4163 - 41.985852, 21.586870",4163,41.985852,21.586870,504,R,1659.2,house,1,12.9,11.4,3.3,osm,1122596921,yes,house,gable,7.0
"stage 1 - building 4164 - 41.984157, 21.587209",4164,41.984157,21.587209,504,R,1849.5,flat,1,41.3,35.1,7.0,ms,,,industrial,flat,8.5
"stage 1 - building 4165 - 41.983561, 21.587354",4165,41.983561,21.587354,504,R,1916.8,flat,2,20.7,6.3,6.4,ms,,,house,gable,7.0
"stage 1 - building 4166 - 41.994726, 21.585015",4166,41.994726,21.585015,505,R,661.6,house,1,6.4,4.7,3.3,ms,,,garage,flat,3.2
"stage 1 - building 4167 - 41.993554, 21.585289",4167,41.993554,21.585289,506,R,793.7,house,2,10.4,6.2,6.2,ms,,,house,gable,7.0
"stage 1 - building 4168 - 41.991256, 21.585784",4168,41.991256,21.585784,506,R,1052.3,house,1,11.8,11.4,3.3,ms,,,house,gable,7.0
"stage 1 - building 4169 - 41.990996, 21.585840",4169,41.990996,21.585840,506,R,1081.5,house,2,15.0,13.0,6.2,ms,,,house,gable,7.0
"stage 1 - building 4170 - 41.996191, 21.584736",4170,41.996191,21.584736,507,R,497.2,house,1,16.7,12.3,3.3,ms,,,house,gable,7.0
"stage 1 - building 4171 - 41.995660, 21.584877",4171,41.995660,21.584877,508,R,557.3,house,1,16.9,16.1,3.3,ms,,,house,gable,7.0
"stage 1 - building 4172 - 41.993876, 21.585274",4172,41.993876,21.585274,508,R,758.2,house,1,9.3,7.2,3.3,ms,,,house,gable,7.0
"stage 1 - building 4173 - 41.992004, 21.585672",4173,41.992004,21.585672,508,R,968.7,flat,1,7.7,3.5,2.7,ms,,,garage,flat,3.2
"stage 1 - building 4174 - 41.995520, 21.584923",4174,41.995520,21.584923,509,R,573.3,flat,1,6.2,4.2,2.7,ms,,,garage,flat,3.2
"stage 1 - building 4175 - 41.993163, 21.585456",4175,41.993163,21.585456,509,R,838.9,house,2,11.5,10.8,6.2,ms,,,house,gable,7.0
"stage 1 - building 4176 - 41.991160, 21.585891",4176,41.991160,21.585891,509,R,1064.2,house,2,15.8,9.6,6.2,ms,,,house,gable,7.0
"stage 1 - building 4177 - 41.982699, 21.587760",4177,41.982699,21.587760,509,R,2016.7,flat,1,43.3,26.0,7.0,osm,732475308,house,industrial,flat,8.5
"stage 1 - building 4178 - 41.972579, 21.589957",4178,41.972579,21.589957,509,R,3155.3,house,2,11.2,10.2,6.2,ms,,,house,gable,7.0
"stage 1 - building 4179 - 41.988427, 21.586514",4179,41.988427,21.586514,510,R,1372.1,house,2,12.2,8.9,6.2,ms,,,house,gable,7.0
"stage 1 - building 4180 - 41.983843, 21.587515",4180,41.983843,21.587515,510,R,1887.9,flat,1,43.1,25.4,7.0,osm,389881388,industrial,industrial,flat,8.5
"stage 1 - building 4181 - 41.982421, 21.587830",4181,41.982421,21.587830,510,R,2048.1,flat,1,5.6,2.6,2.7,ms,,,garage,flat,3.2
"stage 1 - building 4182 - 41.992487, 21.585629",4182,41.992487,21.585629,511,R,915.2,flat,1,26.9,14.3,7.0,ms,,,house,gable,7.0
"stage 1 - building 4183 - 41.991486, 21.585847",4183,41.991486,21.585847,511,R,1027.9,house,2,12.5,11.6,6.2,ms,,,house,gable,7.0
"stage 1 - building 4184 - 41.992758, 21.585605",4184,41.992758,21.585605,513,R,885.2,flat,1,4.2,3.1,2.7,ms,,,garage,flat,3.2
"stage 1 - building 4185 - 41.992109, 21.585741",4185,41.992109,21.585741,513,R,958.2,flat,1,5.4,4.5,2.7,ms,,,garage,flat,3.2
"stage 1 - building 4186 - 41.989014, 21.586441",4186,41.989014,21.586441,514,R,1306.8,flat,1,5.0,3.8,2.7,ms,,,garage,flat,3.2
"stage 1 - building 4187 - 41.988813, 21.586493",4187,41.988813,21.586493,514,R,1329.6,house,1,12.2,11.4,3.3,ms,,,house,gable,7.0
"stage 1 - building 4188 - 41.991357, 21.585953",4188,41.991357,21.585953,516,R,1043.5,house,2,11.8,9.6,6.2,ms,,,house,gable,7.0
"stage 1 - building 4189 - 41.995893, 21.584951",4189,41.995893,21.584951,517,R,532.8,house,2,12.0,10.6,6.2,ms,,,house,gable,7.0
"stage 1 - building 4190 - 41.992685, 21.585683",4190,41.992685,21.585683,518,R,894.3,house,2,12.6,10.2,6.2,ms,,,house,gable,7.0
"stage 1 - building 4191 - 41.990784, 21.586103",4191,41.990784,21.586103,518,R,1108.2,house,1,8.4,6.3,3.3,ms,,,house,gable,7.0
"stage 1 - building 4192 - 41.972484, 21.590161",4192,41.972484,21.590161,518,R,3168.6,house,1,6.4,6.3,3.3,ms,,,garage,flat,3.2
"stage 1 - building 4193 - 41.972615, 21.590150",4193,41.972615,21.590150,519,R,3154.0,house,2,11.3,7.5,6.2,ms,,,house,gable,7.0
"stage 1 - building 4194 - 41.990916, 21.586094",4194,41.990916,21.586094,520,R,1093.7,house,1,14.3,7.7,3.3,ms,,,house,gable,7.0
"stage 1 - building 4195 - 41.993519, 21.585545",4195,41.993519,21.585545,522,R,801.0,house,1,11.8,10.7,3.3,ms,,,house,gable,7.0
"stage 1 - building 4196 - 41.994956, 21.585239",4196,41.994956,21.585239,523,R,639.4,flat,1,53.8,40.4,9.0,ms,,,industrial,flat,8.5
"stage 1 - building 4197 - 41.995612, 21.585101",4197,41.995612,21.585101,524,R,565.7,house,1,13.3,9.6,3.3,ms,,,house,gable,7.0
"stage 1 - building 4198 - 41.992782, 21.585729",4198,41.992782,21.585729,524,R,884.3,house,2,11.6,9.5,6.2,ms,,,house,gable,7.0
"stage 1 - building 4199 - 41.988572, 21.586682",4199,41.988572,21.586682,525,R,1358.5,flat,1,7.6,3.9,2.7,ms,,,garage,flat,3.2
"stage 1 - building 4200 - 41.993643, 21.585571",4200,41.993643,21.585571,526,R,787.7,house,2,16.4,11.5,6.2,ms,,,house,gable,7.0
"stage 1 - building 4201 - 41.989039, 21.586591",4201,41.989039,21.586591,526,R,1306.1,house,1,17.0,14.1,3.3,ms,,,house,gable,7.0
"stage 1 - building 4202 - 41.996138, 21.585023",4202,41.996138,21.585023,527,R,506.9,house,1,12.0,11.9,3.3,ms,,,house,gable,7.0
"stage 1 - building 4203 - 41.988667, 21.586682",4203,41.988667,21.586682,527,R,1348.1,house,1,11.8,10.2,3.3,ms,,,house,gable,7.0
"stage 1 - building 4204 - 41.989229, 21.586579",4204,41.989229,21.586579,528,R,1285.1,house,1,9.8,9.2,3.3,ms,,,house,gable,7.0
"stage 1 - building 4205 - 41.992173, 21.585946",4205,41.992173,21.585946,529,R,954.0,house,1,15.7,12.2,3.3,ms,,,house,gable,7.0
"stage 1 - building 4206 - 41.990895, 21.586227",4206,41.990895,21.586227,529,R,1097.8,house,2,16.4,7.4,6.2,ms,,,house,gable,7.0
"stage 1 - building 4207 - 41.994764, 21.585385",4207,41.994764,21.585385,530,R,662.4,house,1,10.1,5.2,3.3,ms,,,house,gable,7.0
"stage 1 - building 4208 - 41.991010, 21.586220",4208,41.991010,21.586220,530,R,1085.1,house,1,11.4,6.4,3.3,ms,,,house,gable,7.0
"stage 1 - building 4209 - 41.973088, 21.590267",4209,41.973088,21.590267,530,R,3103.7,house,1,9.3,3.7,3.3,ms,,,garage,flat,3.2
"stage 1 - building 4210 - 41.996316, 21.585064",4210,41.996316,21.585064,531,R,488.0,house,2,12.4,11.6,6.2,ms,,,house,gable,7.0
"stage 1 - building 4211 - 41.991774, 21.586075",4211,41.991774,21.586075,531,R,999.4,flat,1,45.7,18.9,7.0,ms,,,commercial,flat,7.0
"stage 1 - building 4212 - 41.978178, 21.589183",4212,41.978178,21.589183,531,R,2531.3,flat,1,57.3,13.2,7.0,osm,242288852,yes,commercial,flat,7.0
"stage 1 - building 4213 - 41.972625, 21.590422",4213,41.972625,21.590422,531,R,3156.6,flat,1,6.6,3.5,2.7,ms,,,garage,flat,3.2
"stage 1 - building 4214 - 41.992884, 21.585856",4214,41.992884,21.585856,532,R,874.8,house,1,14.8,9.2,3.3,ms,,,house,gable,7.0
"stage 1 - building 4215 - 41.992517, 21.585967",4215,41.992517,21.585967,532,R,916.6,flat,1,5.4,2.6,2.7,ms,,,garage,flat,3.2
"stage 1 - building 4216 - 41.991136, 21.586270",4216,41.991136,21.586270,532,R,1072.0,house,1,16.3,10.7,3.3,ms,,,house,gable,7.0
"stage 1 - building 4217 - 41.989139, 21.586725",4217,41.989139,21.586725,532,R,1297.0,house,1,10.7,9.4,3.3,ms,,,house,gable,7.0
"stage 1 - building 4218 - 41.984738, 21.587746",4218,41.984738,21.587746,532,R,1793.1,flat,1,43.2,34.7,9.0,ms,,,industrial,flat,8.5
"stage 1 - building 4219 - 41.973135, 21.590445",4219,41.973135,21.590445,532,R,3101.1,house,2,8.7,7.1,6.2,ms,,,house,gable,7.0
"stage 1 - building 4220 - 41.972923, 21.590509",4220,41.972923,21.590509,532,R,3125.2,flat,1,4.1,3.9,2.7,ms,,,garage,flat,3.2
"stage 1 - building 4221 - 41.972662, 21.590554",4221,41.972662,21.590554,532,R,3154.4,house,1,11.6,10.4,3.3,ms,,,house,gable,7.0
"stage 1 - building 4222 - 41.972045, 21.590740",4222,41.972045,21.590740,532,R,3224.5,flat,1,6.6,4.3,2.7,ms,,,garage,flat,3.2
"stage 1 - building 4223 - 41.995619, 21.585290",4223,41.995619,21.585290,533,R,567.5,house,1,10.8,10.2,3.3,ms,,,house,gable,7.0
"stage 1 - building 4224 - 41.993845, 21.585693",4224,41.993845,21.585693,533,R,767.4,house,2,14.0,11.4,6.2,ms,,,house,gable,7.0
"stage 1 - building 4225 - 41.993103, 21.585884",4225,41.993103,21.585884,533,R,851.3,house,2,12.6,12.3,6.2,ms,,,house,gable,7.0
"stage 1 - building 4226 - 41.992489, 21.586050",4226,41.992489,21.586050,533,R,920.8,house,2,9.6,9.4,6.2,ms,,,house,gable,7.0
"stage 1 - building 4227 - 41.992343, 21.586033",4227,41.992343,21.586033,533,R,936.5,house,2,15.7,12.8,6.2,ms,,,house,gable,7.0
"stage 1 - building 4228 - 41.992089, 21.586108",4228,41.992089,21.586108,533,R,965.4,house,1,16.0,12.5,3.3,ms,,,house,gable,7.0
"stage 1 - building 4229 - 41.990905, 21.586362",4229,41.990905,21.586362,533,R,1098.5,house,2,11.2,8.4,6.2,ms,,,house,gable,7.0
"stage 1 - building 4230 - 41.988959, 21.586833",4230,41.988959,21.586833,533,R,1318.2,house,2,11.7,10.1,6.2,ms,,,house,gable,7.0
"stage 1 - building 4231 - 41.988507, 21.586921",4231,41.988507,21.586921,533,R,1368.9,house,1,7.5,6.7,3.3,ms,,,house,gable,7.0
"stage 1 - building 4232 - 41.994062, 21.585712",4232,41.994062,21.585712,534,R,743.9,house,2,13.5,10.2,6.2,ms,,,house,gable,7.0
"stage 1 - building 4233 - 41.992740, 21.586022",4233,41.992740,21.586022,534,R,893.0,house,1,7.5,6.3,3.3,ms,,,house,gable,7.0
"stage 1 - building 4234 - 41.992234, 21.586150",4234,41.992234,21.586150,534,R,950.1,house,1,8.7,8.1,3.3,ms,,,house,gable,7.0
"stage 1 - building 4235 - 41.984327, 21.588176",4235,41.984327,21.588176,534,R,1844.2,flat,1,44.3,30.2,7.0,ms,,,industrial,flat,8.5
"stage 1 - building 4236 - 41.972652, 21.591082",4236,41.972652,21.591082,534,R,3163.2,house,1,7.0,5.2,3.3,ms,,,garage,flat,3.2
"stage 1 - building 4237 - 41.993445, 21.585998",4237,41.993445,21.585998,535,R,815.6,house,1,11.1,10.6,3.3,ms,,,house,gable,7.0
"stage 1 - building 4238 - 41.993289, 21.586011",4238,41.993289,21.586011,535,R,832.9,house,2,15.0,11.0,6.2,ms,,,house,gable,7.0
"stage 1 - building 4239 - 41.993099, 21.586021",4239,41.993099,21.586021,535,R,853.7,house,1,7.3,5.1,3.3,ms,,,garage,flat,3.2
"stage 1 - building 4240 - 41.992666, 21.586123",4240,41.992666,21.586123,535,R,902.5,house,2,12.6,10.1,6.2,ms,,,house,gable,7.0
"stage 1 - building 4241 - 41.992309, 21.586289",4241,41.992309,21.586289,535,R,944.1,house,2,12.3,10.7,6.2,ms,,,house,gable,7.0
"stage 1 - building 4242 - 41.989600, 21.586991",4242,41.989600,21.586991,535,R,1250.6,house,2,14.0,13.4,6.2,ms,,,house,gable,7.0
"stage 1 - building 4243 - 41.989334, 21.587099",4243,41.989334,21.587099,535,R,1281.3,flat,1,5.7,4.6,2.7,ms,,,garage,flat,3.2
"stage 1 - building 4244 - 41.988878, 21.587084",4244,41.988878,21.587084,535,R,1330.8,house,1,13.9,10.5,3.3,osm,670748416,house,house,gable,7.0
"stage 1 - building 4245 - 41.988810, 21.587179",4245,41.988810,21.587179,535,R,1339.6,flat,1,6.2,4.7,2.7,ms,,,garage,flat,3.2
"stage 1 - building 4246 - 41.988610, 21.587148",4246,41.988610,21.587148,535,R,1361.0,house,1,8.6,5.1,3.3,ms,,,garage,flat,3.2
"stage 1 - building 4247 - 41.988369, 21.587179",4247,41.988369,21.587179,535,R,1387.8,house,2,16.3,7.9,6.2,osm,1453574507,yes,house,gable,7.0
"stage 1 - building 4248 - 41.988266, 21.587282",4248,41.988266,21.587282,535,R,1400.6,house,1,15.5,12.1,3.3,osm,1453574508,yes,house,gable,7.0
"stage 1 - building 4249 - 41.972778, 21.591174",4249,41.972778,21.591174,535,R,3150.9,house,1,10.1,9.7,3.3,ms,,,house,gable,7.0
"stage 1 - building 4250 - 41.972794, 21.591370",4250,41.972794,21.591370,535,R,3152.1,house,2,16.4,11.4,6.2,ms,,,house,gable,7.0
"stage 1 - building 4251 - 41.972453, 21.591520",4251,41.972453,21.591520,535,R,3191.7,flat,1,7.3,3.4,2.7,ms,,,garage,flat,3.2
"stage 1 - building 4252 - 41.972072, 21.591493",4252,41.972072,21.591493,535,R,3232.8,house,1,17.0,15.1,3.3,ms,,,house,gable,7.0
"stage 1 - building 4253 - 41.996262, 21.585352",4253,41.996262,21.585352,536,R,498.3,house,1,13.5,10.8,3.3,ms,,,house,gable,7.0
"stage 1 - building 4254 - 41.995531, 21.585560",4254,41.995531,21.585560,536,R,581.3,house,1,7.9,5.0,3.3,ms,,,garage,flat,3.2
"stage 1 - building 4255 - 41.995401, 21.585506",4255,41.995401,21.585506,536,R,594.6,house,1,12.5,11.3,3.3,ms,,,house,gable,7.0
"stage 1 - building 4256 - 41.995101, 21.585636",4256,41.995101,21.585636,536,R,629.4,flat,1,21.6,10.7,3.4,ms,,,industrial,flat,8.5
"stage 1 - building 4257 - 41.994870, 21.585734",4257,41.994870,21.585734,536,R,656.1,flat,1,35.9,12.8,7.0,ms,,,industrial,flat,8.5
"stage 1 - building 4258 - 41.993604, 21.586050",4258,41.993604,21.586050,536,R,799.1,flat,1,22.8,13.2,7.0,ms,,,house,gable,7.0
"stage 1 - building 4259 - 41.992947, 21.586264",4259,41.992947,21.586264,536,R,874.2,house,2,18.6,6.8,6.2,ms,,,house,gable,7.0
"stage 1 - building 4260 - 41.992872, 21.586195",4260,41.992872,21.586195,536,R,881.2,house,1,12.2,4.3,3.3,ms,,,house,gable,7.0
"stage 1 - building 4261 - 41.992759, 21.586295",4261,41.992759,21.586295,536,R,895.1,house,1,13.3,11.5,3.3,ms,,,house,gable,7.0
"stage 1 - building 4262 - 41.992460, 21.586387",4262,41.992460,21.586387,536,R,929.2,house,2,12.0,10.3,6.2,ms,,,house,gable,7.0
"stage 1 - building 4263 - 41.989545, 21.587058",4263,41.989545,21.587058,536,R,1257.6,house,2,12.4,12.1,6.2,osm,670765865,yes,house,gable,7.0
"stage 1 - building 4264 - 41.989304, 21.587212",4264,41.989304,21.587212,536,R,1286.4,house,1,16.8,15.3,3.3,ms,,,house,gable,7.0
"stage 1 - building 4265 - 41.988848, 21.587388",4265,41.988848,21.587388,536,R,1338.9,flat,1,5.5,4.4,2.7,ms,,,garage,flat,3.2
"stage 1 - building 4266 - 41.986166, 21.588053",4266,41.986166,21.588053,536,R,1641.8,house,1,21.8,8.6,3.3,ms,,,house,gable,7.0
"stage 1 - building 4267 - 41.985042, 21.588384",4267,41.985042,21.588384,536,R,1769.6,flat,1,83.3,56.3,9.0,osm,389881383,industrial,industrial,flat,8.5
"stage 1 - building 4268 - 41.984283, 21.588570",4268,41.984283,21.588570,536,R,1855.3,house,1,6.1,5.9,3.3,ms,,,garage,flat,3.2
"stage 1 - building 4269 - 41.983737, 21.588804",4269,41.983737,21.588804,536,R,1918.5,flat,1,73.9,46.9,9.0,ms,,,industrial,flat,8.5
"stage 1 - building 4270 - 41.981103, 21.589577",4270,41.981103,21.589577,536,R,2218.0,flat,1,39.6,17.2,7.0,ms,,,industrial,flat,8.5
"stage 1 - building 4271 - 41.979590, 21.589781",4271,41.979590,21.589781,536,R,2386.1,flat,1,5.5,5.2,2.7,ms,,,garage,flat,3.2
"stage 1 - building 4272 - 41.978496, 21.589964",4272,41.978496,21.589964,536,R,2508.3,house,1,11.9,11.4,3.3,osm,242288851,yes,house,gable,7.0
"stage 1 - building 4273 - 41.972857, 21.591740",4273,41.972857,21.591740,536,R,3151.3,house,2,14.6,10.1,6.2,ms,,,house,gable,7.0
"stage 1 - building 4274 - 41.972573, 21.591734",4274,41.972573,21.591734,536,R,3182.1,house,1,10.5,9.2,3.3,ms,,,house,gable,7.0
"stage 1 - building 4275 - 41.972603, 21.591979",4275,41.972603,21.591979,536,R,3182.9,house,2,22.2,12.8,6.2,ms,,,row,flat,9.5
"stage 1 - building 4276 - 41.972481, 21.591791",4276,41.972481,21.591791,536,R,3193.1,house,2,12.0,10.3,6.2,ms,,,house,gable,7.0
"stage 1 - building 4277 - 41.972504, 21.592008",4277,41.972504,21.592008,536,R,3194.2,house,1,12.7,12.0,3.3,ms,,,row,flat,9.5
"stage 1 - building 4278 - 41.972376, 21.591653",4278,41.972376,21.591653,536,R,3202.2,house,1,6.9,4.5,3.3,ms,,,garage,flat,3.2
"stage 1 - building 4279 - 41.996060, 21.585430",4279,41.996060,21.585430,537,R,521.6,house,1,5.9,5.8,3.3,ms,,,garage,flat,3.2
"stage 1 - building 4280 - 41.995679, 21.585550",4280,41.995679,21.585550,537,R,565.1,house,2,11.7,10.1,6.2,ms,,,house,gable,7.0
"stage 1 - building 4281 - 41.995373, 21.585646",4281,41.995373,21.585646,537,R,599.9,house,1,8.6,6.7,3.3,ms,,,house,gable,7.0
"stage 1 - building 4282 - 41.994766, 21.585857",4282,41.994766,21.585857,537,R,669.5,house,2,14.7,6.2,6.2,ms,,,row,flat,9.5
"stage 1 - building 4283 - 41.993896, 21.586177",4283,41.993896,21.586177,537,R,769.6,house,1,15.9,14.3,3.3,ms,,,house,gable,7.0
"stage 1 - building 4284 - 41.993761, 21.586126",4284,41.993761,21.586126,537,R,783.4,house,2,13.1,10.1,6.2,ms,,,house,gable,7.0
"stage 1 - building 4285 - 41.993537, 21.586167",4285,41.993537,21.586167,537,R,808.4,house,1,7.1,4.9,3.3,ms,,,garage,flat,3.2
"stage 1 - building 4286 - 41.992888, 21.586477",4286,41.992888,21.586477,537,R,884.2,house,1,13.2,13.0,3.3,ms,,,house,gable,7.0
"stage 1 - building 4287 - 41.992746, 21.586436",4287,41.992746,21.586436,537,R,898.9,house,1,10.3,9.0,3.3,ms,,,house,gable,7.0
"stage 1 - building 4288 - 41.992606, 21.586402",4288,41.992606,21.586402,537,R,913.6,flat,1,7.4,3.3,2.7,ms,,,garage,flat,3.2
"stage 1 - building 4289 - 41.991410, 21.586916",4289,41.991410,21.586916,537,R,1052.4,flat,1,110.4,32.7,9.0,ms,,,commercial,flat,7.0
"stage 1 - building 4290 - 41.990957, 21.587020",4290,41.990957,21.587020,537,R,1103.4,house,2,10.1,6.8,6.2,ms,,,house,gable,7.0
"stage 1 - building 4291 - 41.990720, 21.586975",4291,41.990720,21.586975,537,R,1128.4,house,1,7.6,6.2,3.3,ms,,,row,flat,9.5
"stage 1 - building 4292 - 41.990698, 21.587139",4292,41.990698,21.587139,537,R,1133.7,house,1,7.7,6.6,3.3,osm,670528261,yes,house,gable,7.0
"stage 1 - building 4293 - 41.990674, 21.587056",4293,41.990674,21.587056,537,R,1134.8,house,1,17.7,8.3,3.3,ms,,,row,flat,9.5
"stage 1 - building 4294 - 41.990614, 21.587126",4294,41.990614,21.587126,537,R,1142.5,flat,2,11.0,9.0,6.4,osm,670528264,roof,garage,flat,3.2
"stage 1 - building 4295 - 41.990317, 21.587149",4295,41.990317,21.587149,537,R,1175.1,flat,1,4.6,3.7,2.7,ms,,,garage,flat,3.2
"stage 1 - building 4296 - 41.990290, 21.587240",4296,41.990290,21.587240,537,R,1179.7,house,1,23.9,7.5,3.3,ms,,,house,gable,7.0
"stage 1 - building 4297 - 41.989677, 21.587221",4297,41.989677,21.587221,537,R,1246.0,house,2,13.9,11.9,6.2,ms,,,house,gable,7.0
"stage 1 - building 4298 - 41.989432, 21.587451",4298,41.989432,21.587451,537,R,1276.6,house,1,6.6,6.0,3.3,ms,,,garage,flat,3.2
"stage 1 - building 4299 - 41.989173, 21.587377",4299,41.989173,21.587377,537,R,1303.4,house,1,18.2,12.8,3.3,ms,,,house,gable,7.0
"stage 1 - building 4300 - 41.989072, 21.587501",4300,41.989072,21.587501,537,R,1316.4,house,2,13.3,12.0,6.2,ms,,,row,flat,9.5
"stage 1 - building 4301 - 41.988976, 21.587421",4301,41.988976,21.587421,537,R,1325.5,house,2,11.9,10.0,6.2,osm,670735189,house,row,flat,9.5
"stage 1 - building 4302 - 41.988977, 21.587628",4302,41.988977,21.587628,537,R,1329.1,flat,1,6.4,3.7,2.7,ms,,,garage,flat,3.2
"stage 1 - building 4303 - 41.988884, 21.587465",4303,41.988884,21.587465,537,R,1336.2,flat,1,7.1,3.8,2.7,ms,,,garage,flat,3.2
"stage 1 - building 4304 - 41.988787, 21.587572",4304,41.988787,21.587572,537,R,1348.7,house,1,9.3,8.0,3.3,osm,670735190,house,house,gable,7.0
"stage 1 - building 4305 - 41.988673, 21.587613",4305,41.988673,21.587613,537,R,1361.8,flat,1,6.5,3.8,2.7,ms,,,garage,flat,3.2
"stage 1 - building 4306 - 41.988608, 21.587695",4306,41.988608,21.587695,537,R,1370.3,house,1,12.2,10.8,3.3,ms,,,house,gable,7.0
"stage 1 - building 4307 - 41.988545, 21.587620",4307,41.988545,21.587620,537,R,1375.8,flat,1,5.9,4.1,2.7,ms,,,garage,flat,3.2
"stage 1 - building 4308 - 41.988359, 21.587806",4308,41.988359,21.587806,537,R,1399.3,house,2,11.1,10.5,6.2,osm,491653957,yes,house,gable,7.0
"stage 1 - building 4309 - 41.987089, 21.588047",4309,41.987089,21.588047,537,R,1541.3,house,2,17.8,6.4,6.2,osm,1453574505,yes,house,gable,7.0
"stage 1 - building 4310 - 41.984440, 21.589015",4310,41.984440,21.589015,537,R,1845.9,flat,1,5.9,4.8,2.7,ms,,,garage,flat,3.2
"stage 1 - building 4311 - 41.983232, 21.589067",4311,41.983232,21.589067,537,R,1977.9,flat,1,42.3,31.2,7.0,ms,,,industrial,flat,8.5
"stage 1 - building 4312 - 41.982749, 21.589279",4312,41.982749,21.589279,537,R,2034.1,flat,1,31.2,23.9,7.0,osm,447905343,industrial,industrial,flat,8.5
"stage 1 - building 4313 - 41.981798, 21.589442",4313,41.981798,21.589442,537,R,2140.3,flat,2,11.9,11.1,6.4,osm,491653976,yes,house,gable,7.0
"stage 1 - building 4314 - 41.979115, 21.590244",4314,41.979115,21.590244,537,R,2445.5,flat,1,5.4,3.4,2.7,ms,,,garage,flat,3.2
"stage 1 - building 4315 - 41.976784, 21.591053",4315,41.976784,21.591053,537,R,2712.7,house,1,11.3,4.6,3.3,ms,,,house,gable,7.0
"stage 1 - building 4316 - 41.974040, 21.591901",4316,41.974040,21.591901,537,R,3025.4,house,1,9.1,8.1,3.3,ms,,,house,gable,7.0
"stage 1 - building 4317 - 41.973812, 21.592013",4317,41.973812,21.592013,537,R,3052.2,flat,1,7.4,3.6,2.7,ms,,,garage,flat,3.2
"stage 1 - building 4318 - 41.973656, 21.592137",4318,41.973656,21.592137,537,R,3071.3,house,2,15.7,12.6,6.2,ms,,,house,gable,7.0
"stage 1 - building 4319 - 41.973354, 21.592132",4319,41.973354,21.592132,537,R,3104.0,flat,1,23.9,14.8,7.0,ms,,,house,gable,7.0
"stage 1 - building 4320 - 41.973284, 21.592052",4320,41.973284,21.592052,537,R,3110.1,house,1,8.8,5.1,3.3,ms,,,garage,flat,3.2
"stage 1 - building 4321 - 41.973050, 21.591966",4321,41.973050,21.591966,537,R,3134.1,house,1,21.3,4.2,3.3,ms,,,house,gable,7.0
"stage 1 - building 4322 - 41.973106, 21.592308",4322,41.973106,21.592308,537,R,3134.0,house,2,14.5,6.2,6.2,ms,,,house,gable,7.0
"stage 1 - building 4323 - 41.972919, 21.592119",4323,41.972919,21.592119,537,R,3151.0,house,1,11.7,9.1,3.3,ms,,,house,gable,7.0
"stage 1 - building 4324 - 41.972937, 21.592331",4324,41.972937,21.592331,537,R,3152.7,house,1,10.2,10.0,3.3,ms,,,house,gable,7.0
"stage 1 - building 4325 - 41.972795, 21.592043",4325,41.972795,21.592043,537,R,3163.1,house,1,8.7,3.9,3.3,ms,,,garage,flat,3.2
"stage 1 - building 4326 - 41.972783, 21.591975",4326,41.972783,21.591975,537,R,3163.3,flat,1,4.8,4.7,2.7,ms,,,garage,flat,3.2
"stage 1 - building 4327 - 41.972551, 21.592301",4327,41.972551,21.592301,537,R,3194.1,house,2,13.5,11.8,6.2,ms,,,house,gable,7.0
"stage 1 - building 4328 - 41.972564, 21.592550",4328,41.972564,21.592550,537,R,3197.1,house,2,14.8,9.3,6.2,ms,,,house,gable,7.0
"stage 1 - building 4329 - 41.972223, 21.592454",4329,41.972223,21.592454,537,R,3232.4,house,1,14.0,11.9,3.3,ms,,,house,gable,7.0
"stage 1 - building 4330 - 41.996009, 21.585633",4330,41.996009,21.585633,538,R,530.7,house,1,13.5,12.6,3.3,ms,,,house,gable,7.0
"stage 1 - building 4331 - 41.995827, 21.585608",4331,41.995827,21.585608,538,R,550.1,house,2,12.3,8.6,6.2,ms,,,house,gable,7.0
"stage 1 - building 4332 - 41.995079, 21.585831",4332,41.995079,21.585831,538,R,635.1,flat,1,4.1,3.6,2.7,ms,,,garage,flat,3.2
"stage 1 - building 4333 - 41.995017, 21.585981",4333,41.995017,21.585981,538,R,644.7,house,1,10.9,10.3,3.3,ms,,,house,gable,7.0
"stage 1 - building 4334 - 41.994746, 21.585963",4334,41.994746,21.585963,538,R,673.6,flat,2,17.3,7.5,6.4,ms,,,house,gable,7.0
"stage 1 - building 4335 - 41.994734, 21.586068",4335,41.994734,21.586068,538,R,676.9,flat,1,6.6,4.4,2.7,ms,,,garage,flat,3.2
"stage 1 - building 4336 - 41.994122, 21.586115",4336,41.994122,21.586115,538,R,744.0,house,1,6.9,4.4,3.3,ms,,,garage,flat,3.2
"stage 1 - building 4337 - 41.994121, 21.586196",4337,41.994121,21.586196,538,R,745.6,flat,1,4.4,2.7,2.7,ms,,,garage,flat,3.2
"stage 1 - building 4338 - 41.993811, 21.586311",4338,41.993811,21.586311,538,R,781.3,flat,1,5.4,4.9,2.7,ms,,,garage,flat,3.2
"stage 1 - building 4339 - 41.993604, 21.586345",4339,41.993604,21.586345,538,R,804.3,house,1,9.9,3.3,3.3,ms,,,garage,flat,3.2
"stage 1 - building 4340 - 41.993497, 21.586309",4340,41.993497,21.586309,538,R,815.3,house,2,11.8,6.0,6.2,ms,,,house,gable,7.0
"stage 1 - building 4341 - 41.993333, 21.586425",4341,41.993333,21.586425,538,R,835.2,house,1,13.4,12.4,3.3,ms,,,house,gable,7.0
"stage 1 - building 4342 - 41.990896, 21.587150",4342,41.990896,21.587150,538,R,1112.4,house,1,9.3,5.2,3.3,ms,,,house,gable,7.0
"stage 1 - building 4343 - 41.989970, 21.587622",4343,41.989970,21.587622,538,R,1221.5,flat,1,4.4,4.4,2.7,ms,,,garage,flat,3.2
"stage 1 - building 4344 - 41.989474, 21.587600",4344,41.989474,21.587600,538,R,1274.6,house,2,14.6,11.3,6.2,ms,,,house,gable,7.0
"stage 1 - building 4345 - 41.989188, 21.587662",4345,41.989188,21.587662,538,R,1306.8,flat,1,21.8,18.4,7.0,ms,,,house,gable,7.0
"stage 1 - building 4346 - 41.988863, 21.587757",4346,41.988863,21.587757,538,R,1343.8,house,2,10.1,9.9,6.2,ms,,,house,gable,7.0
"stage 1 - building 4347 - 41.988874, 21.587891",4347,41.988874,21.587891,538,R,1345.0,house,2,18.1,11.0,6.2,ms,,,house,gable,7.0
"stage 1 - building 4348 - 41.988831, 21.587982",4348,41.988831,21.587982,538,R,1351.5,flat,1,4.8,4.7,2.7,ms,,,garage,flat,3.2
"stage 1 - building 4349 - 41.988423, 21.587992",4349,41.988423,21.587992,538,R,1395.7,flat,1,4.8,4.6,2.7,ms,,,garage,flat,3.2
"stage 1 - building 4350 - 41.988234, 21.587965",4350,41.988234,21.587965,538,R,1415.7,house,2,11.9,7.2,6.2,osm,491653959,yes,house,gable,7.0
"stage 1 - building 4351 - 41.988250, 21.588127",4351,41.988250,21.588127,538,R,1417.0,house,2,13.3,9.9,6.2,osm,670742941,house,house,gable,7.0
"stage 1 - building 4352 - 41.988153, 21.587924",4352,41.988153,21.587924,538,R,1423.7,flat,1,5.2,3.8,2.7,ms,,,garage,flat,3.2
"stage 1 - building 4353 - 41.988102, 21.588033",4353,41.988102,21.588033,538,R,1431.2,house,1,9.3,8.3,3.3,osm,435873911,yes,house,gable,7.0
"stage 1 - building 4354 - 41.988010, 21.588102",4354,41.988010,21.588102,538,R,1442.5,house,2,8.9,8.5,6.2,osm,435873906,yes,house,gable,7.0
"stage 1 - building 4355 - 41.987927, 21.588217",4355,41.987927,21.588217,538,R,1453.6,house,2,9.0,8.2,6.2,osm,435873904,house,house,gable,7.0
"stage 1 - building 4356 - 41.987542, 21.588111",4356,41.987542,21.588111,538,R,1493.3,flat,1,5.8,3.3,2.7,ms,,,garage,flat,3.2
"stage 1 - building 4357 - 41.986333, 21.588550",4357,41.986333,21.588550,538,R,1632.3,flat,1,22.8,20.5,7.0,ms,,,house,gable,7.0
"stage 1 - building 4358 - 41.984622, 21.589312",4358,41.984622,21.589312,538,R,1831.8,flat,1,3.9,3.5,2.7,ms,,,garage,flat,3.2
"stage 1 - building 4359 - 41.982865, 21.589690",4359,41.982865,21.589690,538,R,2028.9,flat,1,19.4,18.3,7.0,osm,732476062,house,industrial,flat,8.5
"stage 1 - building 4360 - 41.982225, 21.589844",4360,41.982225,21.589844,538,R,2101.0,flat,1,50.4,23.1,7.0,osm,447905344,industrial,industrial,flat,8.5
"stage 1 - building 4361 - 41.981980, 21.590054",4361,41.981980,21.590054,538,R,2131.5,flat,1,48.0,32.0,9.0,ms,,,industrial,flat,8.5
"stage 1 - building 4362 - 41.981502, 21.590281",4362,41.981502,21.590281,538,R,2187.4,flat,1,34.9,21.0,7.0,ms,,,industrial,flat,8.5
"stage 1 - building 4363 - 41.978586, 21.591053",4363,41.978586,21.591053,538,R,2517.4,flat,1,48.3,44.7,9.0,ms,,,industrial,flat,8.5
"stage 1 - building 4364 - 41.976379, 21.591479",4364,41.976379,21.591479,538,R,2764.3,flat,1,5.5,4.2,2.7,ms,,,garage,flat,3.2
"stage 1 - building 4365 - 41.976299, 21.591508",4365,41.976299,21.591508,538,R,2773.4,flat,1,7.0,4.1,2.7,ms,,,garage,flat,3.2
"stage 1 - building 4366 - 41.975677, 21.591894",4366,41.975677,21.591894,538,R,2847.9,house,2,12.2,8.5,6.2,ms,,,house,gable,7.0
"stage 1 - building 4367 - 41.974787, 21.592011",4367,41.974787,21.592011,538,R,2946.4,flat,1,4.6,4.2,2.7,ms,,,garage,flat,3.2
"stage 1 - building 4368 - 41.974399, 21.592551",4368,41.974399,21.592551,538,R,2998.5,house,2,14.7,11.3,6.2,ms,,,house,gable,7.0
"stage 1 - building 4369 - 41.974234, 21.592263",4369,41.974234,21.592263,538,R,3011.0,house,1,14.3,13.5,3.3,ms,,,house,gable,7.0
"stage 1 - building 4370 - 41.974247, 21.592589",4370,41.974247,21.592589,538,R,3015.7,house,2,10.6,9.9,6.2,ms,,,house,gable,7.0
"stage 1 - building 4371 - 41.973995, 21.592675",4371,41.973995,21.592675,538,R,3044.6,house,1,14.4,10.8,3.3,ms,,,house,gable,7.0
"stage 1 - building 4372 - 41.973858, 21.592398",4372,41.973858,21.592398,538,R,3054.2,house,1,11.0,10.6,3.3,ms,,,house,gable,7.0
"stage 1 - building 4373 - 41.973774, 21.592754",4373,41.973774,21.592754,538,R,3069.9,house,2,17.0,9.7,6.2,ms,,,house,gable,7.0
"stage 1 - building 4374 - 41.973693, 21.592423",4374,41.973693,21.592423,538,R,3072.5,flat,1,20.6,16.3,7.0,ms,,,house,gable,7.0
"stage 1 - building 4375 - 41.973453, 21.592848",4375,41.973453,21.592848,538,R,3106.5,house,2,10.0,9.7,6.2,ms,,,house,gable,7.0
"stage 1 - building 4376 - 41.973281, 21.592748",4376,41.973281,21.592748,538,R,3123.1,house,1,14.6,12.0,3.3,ms,,,row,flat,9.5
"stage 1 - building 4377 - 41.973208, 21.592605",4377,41.973208,21.592605,538,R,3128.4,house,2,13.4,13.2,6.2,ms,,,row,flat,9.5
"stage 1 - building 4378 - 41.973234, 21.592824",4378,41.973234,21.592824,538,R,3129.7,house,1,11.4,5.7,3.3,ms,,,house,gable,7.0
"stage 1 - building 4379 - 41.973039, 21.592753",4379,41.973039,21.592753,538,R,3149.5,house,1,11.3,3.7,3.3,ms,,,garage,flat,3.2
"stage 1 - building 4380 - 41.973069, 21.593080",4380,41.973069,21.593080,538,R,3152.4,house,1,14.0,11.4,3.3,ms,,,house,gable,7.0
"stage 1 - building 4381 - 41.973013, 21.592870",4381,41.973013,21.592870,538,R,3154.5,house,2,10.7,8.4,6.2,ms,,,house,gable,7.0
"stage 1 - building 4382 - 41.972923, 21.592616",4382,41.972923,21.592616,538,R,3159.4,house,1,11.6,2.9,3.3,ms,,,garage,flat,3.2
"stage 1 - building 4383 - 41.972915, 21.592971",4383,41.972915,21.592971,538,R,3167.0,house,2,13.0,12.2,6.2,ms,,,house,gable,7.0
"stage 1 - building 4384 - 41.972737, 21.592679",4384,41.972737,21.592679,538,R,3180.8,house,1,13.7,3.4,3.3,ms,,,house,gable,7.0
"stage 1 - building 4385 - 41.972627, 21.593154",4385,41.972627,21.593154,538,R,3201.6,house,2,10.3,8.1,6.2,ms,,,house,gable,7.0
"stage 1 - building 4386 - 41.972291, 21.592675",4386,41.972291,21.592675,538,R,3228.9,house,1,7.4,5.8,3.3,ms,,,garage,flat,3.2
"stage 1 - building 4387 - 41.972308, 21.593035",4387,41.972308,21.593035,538,R,3233.7,house,1,20.3,14.5,3.3,ms,,,house,gable,7.0
"stage 1 - building 4388 - 41.972218, 21.592705",4388,41.972218,21.592705,538,R,3237.4,house,1,7.6,5.2,3.3,ms,,,garage,flat,3.2
"stage 1 - building 4389 - 41.996131, 21.585709",4389,41.996131,21.585709,539,R,519.1,house,1,14.1,11.3,3.3,ms,,,house,gable,7.0
"stage 1 - building 4390 - 41.995826, 21.585843",4390,41.995826,21.585843,539,R,554.7,house,1,7.7,4.4,3.3,ms,,,garage,flat,3.2
"stage 1 - building 4391 - 41.995644, 21.585918",4391,41.995644,21.585918,539,R,575.8,house,2,8.6,8.5,6.2,ms,,,house,gable,7.0
"stage 1 - building 4392 - 41.995483, 21.585867",4392,41.995483,21.585867,539,R,592.1,house,2,16.3,15.0,6.2,ms,,,house,gable,7.0
"stage 1 - building 4393 - 41.993301, 21.586616",4393,41.993301,21.586616,539,R,842.3,house,1,14.0,11.7,3.3,ms,,,house,gable,7.0
"stage 1 - building 4394 - 41.992295, 21.587020",4394,41.992295,21.587020,539,R,958.8,house,1,8.2,5.3,3.3,ms,,,garage,flat,3.2
"stage 1 - building 4395 - 41.990856, 21.587341",4395,41.990856,21.587341,539,R,1120.3,flat,1,31.7,13.6,7.0,ms,,,house,gable,7.0
"stage 1 - building 4396 - 41.990097, 21.587816",4396,41.990097,21.587816,539,R,1211.7,house,1,6.6,5.5,3.3,ms,,,garage,flat,3.2
"stage 1 - building 4397 - 41.989981, 21.587744",4397,41.989981,21.587744,539,R,1222.7,house,1,6.1,5.9,3.3,ms,,,garage,flat,3.2
"stage 1 - building 4398 - 41.989811, 21.587762",4398,41.989811,21.587762,539,R,1241.4,house,1,10.8,9.7,3.3,ms,,,house,gable,7.0
"stage 1 - building 4399 - 41.989525, 21.587965",4399,41.989525,21.587965,539,R,1276.3,flat,1,7.6,3.1,2.7,ms,,,garage,flat,3.2
"stage 1 - building 4400 - 41.989356, 21.587855",4400,41.989356,21.587855,539,R,1292.3,house,2,25.0,10.6,6.2,ms,,,house,gable,7.0
"stage 1 - building 4401 - 41.989334, 21.588075",4401,41.989334,21.588075,539,R,1299.1,house,1,12.2,10.9,3.3,ms,,,house,gable,7.0
"stage 1 - building 4402 - 41.989257, 21.587932",4402,41.989257,21.587932,539,R,1304.5,house,2,13.5,10.7,6.2,ms,,,house,gable,7.0
"stage 1 - building 4403 - 41.989123, 21.587934",4403,41.989123,21.587934,539,R,1319.0,flat,1,8.7,3.3,2.7,ms,,,garage,flat,3.2
"stage 1 - building 4404 - 41.988906, 21.588273",4404,41.988906,21.588273,539,R,1349.2,house,2,14.3,10.1,6.2,ms,,,house,gable,7.0
"stage 1 - building 4405 - 41.988766, 21.588021",4405,41.988766,21.588021,539,R,1359.2,house,2,10.3,9.3,6.2,ms,,,house,gable,7.0
"stage 1 - building 4406 - 41.988606, 21.588377",4406,41.988606,21.588377,539,R,1383.6,house,1,10.5,9.4,3.3,ms,,,house,gable,7.0
"stage 1 - building 4407 - 41.988475, 21.588231",4407,41.988475,21.588231,539,R,1394.8,house,2,12.5,10.4,6.2,osm,491653973,residential,row,flat,9.5
"stage 1 - building 4408 - 41.988374, 21.588238",4408,41.988374,21.588238,539,R,1405.8,house,2,10.9,8.8,6.2,osm,491653962,yes,row,flat,9.5
"stage 1 - building 4409 - 41.988264, 21.588306",4409,41.988264,21.588306,539,R,1419.0,house,2,11.6,11.1,6.2,osm,435873913,yes,house,gable,7.0
"stage 1 - building 4410 - 41.988154, 21.588379",4410,41.988154,21.588379,539,R,1432.4,house,2,10.6,9.0,6.2,osm,435873902,yes,house,gable,7.0
"stage 1 - building 4411 - 41.988099, 21.588245",4411,41.988099,21.588245,539,R,1435.6,flat,1,5.0,4.0,2.7,ms,,,garage,flat,3.2
"stage 1 - building 4412 - 41.988053, 21.588440",4412,41.988053,21.588440,539,R,1444.4,house,2,9.5,9.1,6.2,osm,435873903,yes,house,gable,7.0
"stage 1 - building 4413 - 41.987955, 21.588518",4413,41.987955,21.588518,539,R,1456.6,house,1,10.0,9.8,3.3,osm,435873908,yes,house,gable,7.0
"stage 1 - building 4414 - 41.987843, 21.588388",4414,41.987843,21.588388,539,R,1466.1,house,2,15.7,10.9,6.2,osm,435873910,yes,house,gable,7.0
"stage 1 - building 4415 - 41.987781, 21.588552",4415,41.987781,21.588552,539,R,1476.0,house,2,12.1,8.4,6.2,osm,491653967,yes,house,gable,7.0
"stage 1 - building 4416 - 41.987686, 21.588613",4416,41.987686,21.588613,539,R,1487.5,house,1,8.8,8.5,3.3,osm,491653968,yes,house,gable,7.0
"stage 1 - building 4417 - 41.987637, 21.588479",4417,41.987637,21.588479,539,R,1490.0,house,1,11.3,9.2,3.3,osm,491653963,yes,house,gable,7.0
"stage 1 - building 4418 - 41.987537, 21.588633",4418,41.987537,21.588633,539,R,1503.9,house,2,9.9,9.3,6.2,ms,,,house,gable,7.0
"stage 1 - building 4419 - 41.987234, 21.588835",4419,41.987234,21.588835,539,R,1540.7,house,2,12.6,8.9,6.2,osm,435873909,yes,house,gable,7.0
"stage 1 - building 4420 - 41.987040, 21.588760",4420,41.987040,21.588760,539,R,1560.0,house,1,10.9,6.0,3.3,osm,435873900,yes,house,gable,7.0
"stage 1 - building 4421 - 41.986879, 21.588924",4421,41.986879,21.588924,539,R,1580.7,house,1,8.0,6.4,3.3,ms,,,house,gable,7.0
"stage 1 - building 4422 - 41.986377, 21.588929",4422,41.986377,21.588929,539,R,1634.9,house,2,12.1,9.6,6.2,osm,732476063,house,house,gable,7.0
"stage 1 - building 4423 - 41.983967, 21.589599",4423,41.983967,21.589599,539,R,1908.1,flat,1,31.7,28.9,7.0,ms,,,industrial,flat,8.5
"stage 1 - building 4424 - 41.981866, 21.590341",4424,41.981866,21.590341,539,R,2149.4,flat,1,15.3,9.4,3.4,ms,,,row,flat,9.5
"stage 1 - building 4425 - 41.980615, 21.590820",4425,41.980615,21.590820,539,R,2293.8,house,2,11.1,9.6,6.2,ms,,,house,gable,7.0
"stage 1 - building 4426 - 41.980134, 21.591249",4426,41.980134,21.591249,539,R,2354.2,flat,1,12.9,12.7,3.4,osm,491653977,industrial,industrial,flat,8.5
"stage 1 - building 4427 - 41.980007, 21.590942",4427,41.980007,21.590942,539,R,2361.8,flat,1,13.1,12.6,3.4,osm,491653964,industrial,industrial,flat,8.5
"stage 1 - building 4428 - 41.979363, 21.591171",4428,41.979363,21.591171,539,R,2435.7,flat,1,46.1,37.7,9.0,osm,433111695,industrial,industrial,flat,8.5
"stage 1 - building 4429 - 41.979129, 21.591446",4429,41.979129,21.591446,539,R,2466.5,house,1,15.8,6.8,3.3,osm,732473558,house,house,gable,7.0
"stage 1 - building 4430 - 41.977964, 21.591757",4430,41.977964,21.591757,539,R,2598.3,flat,1,50.0,21.0,7.0,ms,,,industrial,flat,8.5
"stage 1 - building 4431 - 41.975796, 21.592732",4431,41.975796,21.592732,539,R,2851.5,flat,1,168.3,116.6,9.0,ms,,,industrial,flat,8.5
"stage 1 - building 4432 - 41.975120, 21.592944",4432,41.975120,21.592944,539,R,2928.7,house,1,13.6,5.1,3.3,ms,,,house,gable,7.0
"stage 1 - building 4433 - 41.974756, 21.593083",4433,41.974756,21.593083,539,R,2970.6,house,1,10.7,10.2,3.3,ms,,,house,gable,7.0
"stage 1 - building 4434 - 41.974426, 21.592702",4434,41.974426,21.592702,539,R,2998.6,house,1,12.3,9.6,3.3,ms,,,house,gable,7.0
"stage 1 - building 4435 - 41.974351, 21.592889",4435,41.974351,21.592889,539,R,3010.4,flat,1,28.4,11.6,7.0,ms,,,house,gable,7.0
"stage 1 - building 4436 - 41.974107, 21.592926",4436,41.974107,21.592926,539,R,3037.4,flat,1,4.7,4.2,2.7,ms,,,garage,flat,3.2
"stage 1 - building 4437 - 41.974047, 21.592879",4437,41.974047,21.592879,539,R,3043.0,house,1,9.2,8.5,3.3,ms,,,row,flat,9.5
"stage 1 - building 4438 - 41.974044, 21.593004",4438,41.974044,21.593004,539,R,3045.7,house,1,11.4,10.3,3.3,ms,,,row,flat,9.5
"stage 1 - building 4439 - 41.973846, 21.593000",4439,41.973846,21.593000,539,R,3067.0,house,2,12.0,11.5,6.2,ms,,,house,gable,7.0
"stage 1 - building 4440 - 41.973766, 21.593127",4440,41.973766,21.593127,539,R,3078.2,flat,1,6.8,4.3,2.7,ms,,,garage,flat,3.2
"stage 1 - building 4441 - 41.973724, 21.593489",4441,41.973724,21.593489,539,R,3090.1,house,2,19.4,7.2,6.2,ms,,,house,gable,7.0
"stage 1 - building 4442 - 41.973594, 21.593178",4442,41.973594,21.593178,539,R,3097.8,house,2,23.9,8.7,6.2,ms,,,house,gable,7.0
"stage 1 - building 4443 - 41.973522, 21.593060",4443,41.973522,21.593060,539,R,3103.1,house,1,24.1,8.7,3.3,ms,,,house,gable,7.0
"stage 1 - building 4444 - 41.973413, 21.593567",4444,41.973413,21.593567,539,R,3125.1,house,1,30.9,8.5,3.3,ms,,,house,gable,7.0
"stage 1 - building 4445 - 41.973262, 21.593283",4445,41.973262,21.593283,539,R,3135.6,house,1,9.0,6.2,3.3,ms,,,house,gable,7.0
"stage 1 - building 4446 - 41.973135, 21.593522",4446,41.973135,21.593522,539,R,3154.1,house,2,12.4,9.6,6.2,ms,,,house,gable,7.0
"stage 1 - building 4447 - 41.972954, 21.593234",4447,41.972954,21.593234,539,R,3167.9,house,1,7.4,7.2,3.3,ms,,,house,gable,7.0
"stage 1 - building 4448 - 41.972880, 21.593173",4448,41.972880,21.593173,539,R,3174.7,house,1,7.3,6.1,3.3,ms,,,garage,flat,3.2
"stage 1 - building 4449 - 41.972845, 21.593241",4449,41.972845,21.593241,539,R,3179.8,house,2,15.7,11.0,6.2,ms,,,house,gable,7.0
"stage 1 - building 4450 - 41.972854, 21.593440",4450,41.972854,21.593440,539,R,3182.7,house,2,19.5,11.1,6.2,ms,,,house,gable,7.0
"stage 1 - building 4451 - 41.972929, 21.593852",4451,41.972929,21.593852,539,R,3183.0,house,1,10.7,4.1,3.3,ms,,,garage,flat,3.2
"stage 1 - building 4452 - 41.972810, 21.593630",4452,41.972810,21.593630,539,R,3191.3,house,1,6.2,5.6,3.3,ms,,,garage,flat,3.2
"stage 1 - building 4453 - 41.972763, 21.593738",4453,41.972763,21.593738,539,R,3198.5,house,2,15.7,9.5,6.2,ms,,,house,gable,7.0
"stage 1 - building 4454 - 41.972620, 21.593775",4454,41.972620,21.593775,539,R,3214.7,flat,1,4.4,4.1,2.7,ms,,,garage,flat,3.2
"stage 1 - building 4455 - 41.972629, 21.593886",4455,41.972629,21.593886,539,R,3216.0,house,2,11.8,11.4,6.2,ms,,,house,gable,7.0
"stage 1 - building 4456 - 41.972513, 21.593657",4456,41.972513,21.593657,539,R,3223.8,flat,1,4.2,3.9,2.7,ms,,,garage,flat,3.2
"stage 1 - building 4457 - 41.972517, 21.593737",4457,41.972517,21.593737,539,R,3225.1,flat,1,4.8,4.6,2.7,ms,,,garage,flat,3.2
"stage 1 - building 4458 - 41.972433, 21.593511",4458,41.972433,21.593511,539,R,3229.5,house,1,11.7,8.4,3.3,ms,,,house,gable,7.0
"stage 1 - building 4459 - 41.972396, 21.593368",4459,41.972396,21.593368,539,R,3230.7,house,1,11.8,11.4,3.3,ms,,,house,gable,7.0
"stage 1 - building 4460 - 41.972207, 21.593708",4460,41.972207,21.593708,539,R,3257.8,house,1,8.0,4.6,3.3,ms,,,garage,flat,3.2
"stage 1 - building 4461 - 41.972047, 21.593865",4461,41.972047,21.593865,539,R,3278.3,house,1,11.0,8.8,3.3,ms,,,house,gable,7.0
"stage 1 - building 4462 - 41.972068, 21.594058",4462,41.972068,21.594058,539,R,3279.9,house,2,12.0,10.2,6.2,ms,,,row,flat,9.5
"stage 1 - building 4463 - 41.996294, 21.585805",4463,41.996294,21.585805,540,R,503.6,flat,1,5.3,3.7,2.7,ms,,,garage,flat,3.2
"stage 1 - building 4464 - 41.996252, 21.585758",4464,41.996252,21.585758,540,R,507.1,house,1,10.9,5.3,3.3,ms,,,row,flat,9.5
"stage 1 - building 4465 - 41.996018, 21.585907",4465,41.996018,21.585907,540,R,535.4,house,1,6.9,5.6,3.3,ms,,,garage,flat,3.2
"stage 1 - building 4466 - 41.995784, 21.585951",4466,41.995784,21.585951,540,R,561.5,house,1,9.9,9.0,3.3,ms,,,house,gable,7.0
"stage 1 - building 4467 - 41.995703, 21.585943",4467,41.995703,21.585943,540,R,570.0,flat,1,4.4,3.8,2.7,ms,,,garage,flat,3.2
"stage 1 - building 4468 - 41.995413, 21.586110",4468,41.995413,21.586110,540,R,604.7,house,1,11.0,7.7,3.3,ms,,,house,gable,7.0
"stage 1 - building 4469 - 41.994938, 21.586226",4469,41.994938,21.586226,540,R,658.1,house,2,14.2,12.1,6.2,osm,670537294,house,house,gable,7.0
"stage 1 - building 4470 - 41.993400, 21.586756",4470,41.993400,21.586756,540,R,834.5,house,1,8.2,7.6,3.3,ms,,,house,gable,7.0
"stage 1 - building 4471 - 41.992098, 21.587295",4471,41.992098,21.587295,540,R,985.8,house,2,11.6,8.6,6.2,ms,,,house,gable,7.0
"stage 1 - building 4472 - 41.990152, 21.587901",4472,41.990152,21.587901,540,R,1207.6,house,2,11.0,6.6,6.2,ms,,,house,gable,7.0
"stage 1 - building 4473 - 41.990162, 21.588117",4473,41.990162,21.588117,540,R,1211.2,house,1,11.7,11.1,3.3,ms,,,house,gable,7.0
"stage 1 - building 4474 - 41.990068, 21.587908",4474,41.990068,21.587908,540,R,1216.7,flat,1,8.3,3.2,2.7,ms,,,garage,flat,3.2
"stage 1 - building 4475 - 41.990036, 21.587974",4475,41.990036,21.587974,540,R,1221.6,house,1,9.6,9.0,3.3,ms,,,row,flat,9.5
"stage 1 - building 4476 - 41.989817, 21.587971",4476,41.989817,21.587971,540,R,1245.0,house,1,11.8,7.0,3.3,ms,,,house,gable,7.0
"stage 1 - building 4477 - 41.989737, 21.588249",4477,41.989737,21.588249,540,R,1259.6,house,2,12.5,10.8,6.2,ms,,,house,gable,7.0
"stage 1 - building 4478 - 41.989437, 21.588330",4478,41.989437,21.588330,540,R,1293.5,house,2,14.7,11.5,6.2,ms,,,house,gable,7.0
"stage 1 - building 4479 - 41.989386, 21.588200",4479,41.989386,21.588200,540,R,1296.1,house,1,11.2,10.3,3.3,ms,,,row,flat,9.5
"stage 1 - building 4480 - 41.989314, 21.588377",4480,41.989314,21.588377,540,R,1307.6,house,1,6.5,6.1,3.3,ms,,,garage,flat,3.2
"stage 1 - building 4481 - 41.989023, 21.588536",4481,41.989023,21.588536,540,R,1342.4,house,1,10.5,8.5,3.3,ms,,,house,gable,7.0
"stage 1 - building 4482 - 41.988967, 21.588433",4482,41.988967,21.588433,540,R,1346.1,house,1,7.5,5.0,3.3,ms,,,garage,flat,3.2
"stage 1 - building 4483 - 41.988715, 21.588651",4483,41.988715,21.588651,540,R,1377.8,house,1,11.6,10.7,3.3,ms,,,house,gable,7.0
"stage 1 - building 4484 - 41.988658, 21.588447",4484,41.988658,21.588447,540,R,1379.5,house,1,7.1,5.9,3.3,ms,,,garage,flat,3.2
"stage 1 - building 4485 - 41.988679, 21.588554",4485,41.988679,21.588554,540,R,1379.6,house,1,11.0,4.2,3.3,ms,,,house,gable,7.0
"stage 1 - building 4486 - 41.988505, 21.588453",4486,41.988505,21.588453,540,R,1396.1,house,1,9.0,6.0,3.3,ms,,,house,gable,7.0
"stage 1 - building 4487 - 41.988537, 21.588612",4487,41.988537,21.588612,540,R,1396.1,house,1,16.6,13.0,3.3,ms,,,house,gable,7.0
"stage 1 - building 4488 - 41.988389, 21.588702",4488,41.988389,21.588702,540,R,1413.9,house,2,9.4,9.4,6.2,osm,491653971,yes,house,gable,7.0
"stage 1 - building 4489 - 41.988293, 21.588566",4489,41.988293,21.588566,540,R,1421.2,house,1,8.2,4.8,3.3,ms,,,garage,flat,3.2
"stage 1 - building 4490 - 41.988293, 21.588742",4490,41.988293,21.588742,540,R,1425.1,house,1,14.0,9.5,3.3,osm,491653975,yes,house,gable,7.0
"stage 1 - building 4491 - 41.988197, 21.588653",4491,41.988197,21.588653,540,R,1433.4,house,1,7.5,6.2,3.3,ms,,,house,gable,7.0
"stage 1 - building 4492 - 41.987991, 21.588797",4492,41.987991,21.588797,540,R,1458.6,flat,1,5.5,3.9,2.7,ms,,,garage,flat,3.2
"stage 1 - building 4493 - 41.987795, 21.588774",4493,41.987795,21.588774,540,R,1479.2,house,1,13.4,6.7,3.3,ms,,,house,gable,7.0
"stage 1 - building 4494 - 41.987743, 21.588800",4494,41.987743,21.588800,540,R,1485.3,flat,1,4.4,4.2,2.7,ms,,,garage,flat,3.2
"stage 1 - building 4495 - 41.987601, 21.588850",4495,41.987601,21.588850,540,R,1501.5,house,2,11.2,10.7,6.2,osm,491653960,yes,house,gable,7.0
"stage 1 - building 4496 - 41.987535, 21.588767",4496,41.987535,21.588767,540,R,1507.0,house,1,8.6,3.9,3.3,ms,,,garage,flat,3.2
"stage 1 - building 4497 - 41.987468, 21.588782",4497,41.987468,21.588782,540,R,1514.4,house,1,8.7,4.9,3.3,ms,,,garage,flat,3.2
"stage 1 - building 4498 - 41.987428, 21.588970",4498,41.987428,21.588970,540,R,1522.7,house,1,12.4,11.5,3.3,osm,435873912,yes,house,gable,7.0
"stage 1 - building 4499 - 41.987298, 21.589091",4499,41.987298,21.589091,540,R,1539.3,house,1,11.0,9.8,3.3,osm,435873901,yes,house,gable,7.0
"stage 1 - building 4500 - 41.987239, 21.588965",4500,41.987239,21.588965,540,R,1542.9,house,2,13.4,5.5,6.2,ms,,,house,gable,7.0
"stage 1 - building 4501 - 41.987139, 21.589189",4501,41.987139,21.589189,540,R,1558.5,house,1,13.6,10.6,3.3,osm,435873907,yes,house,gable,7.0
"stage 1 - building 4502 - 41.987081, 21.588964",4502,41.987081,21.588964,540,R,1559.8,house,1,12.6,7.3,3.3,osm,435873905,yes,house,gable,7.0
"stage 1 - building 4503 - 41.987008, 21.589188",4503,41.987008,21.589188,540,R,1572.5,house,1,9.5,8.4,3.3,ms,,,house,gable,7.0
"stage 1 - building 4504 - 41.987003, 21.589272",4504,41.987003,21.589272,540,R,1574.9,house,2,9.1,7.5,6.2,osm,435873914,yes,house,gable,7.0
"stage 1 - building 4505 - 41.986902, 21.589120",4505,41.986902,21.589120,540,R,1582.3,house,2,14.1,7.1,6.2,osm,435873899,house,house,gable,7.0
"stage 1 - building 4506 - 41.986617, 21.589234",4506,41.986617,21.589234,540,R,1615.4,house,2,14.5,12.5,6.2,ms,,,house,gable,7.0
"stage 1 - building 4507 - 41.986350, 21.589452",4507,41.986350,21.589452,540,R,1648.8,flat,1,20.7,18.8,7.0,ms,,,house,gable,7.0
"stage 1 - building 4508 - 41.981740, 21.591297",4508,41.981740,21.591297,540,R,2183.0,flat,1,18.6,8.4,3.4,ms,,,industrial,flat,8.5
"stage 1 - building 4509 - 41.981548, 21.590881",4509,41.981548,21.590881,540,R,2194.6,house,1,13.8,2.9,3.3,ms,,,garage,flat,3.2
"stage 1 - building 4510 - 41.981380, 21.591307",4510,41.981380,21.591307,540,R,2221.8,flat,1,45.0,37.7,9.0,ms,,,industrial,flat,8.5
"stage 1 - building 4511 - 41.980930, 21.591511",4511,41.980930,21.591511,540,R,2274.5,flat,1,39.8,35.9,7.0,osm,406840628,industrial,industrial,flat,8.5
"stage 1 - building 4512 - 41.980517, 21.591544",4512,41.980517,21.591544,540,R,2319.4,house,1,11.9,3.2,3.3,ms,,,garage,flat,3.2
"stage 1 - building 4513 - 41.979656, 21.591943",4513,41.979656,21.591943,540,R,2420.4,flat,1,34.5,14.9,7.0,ms,,,industrial,flat,8.5
"stage 1 - building 4514 - 41.978150, 21.592239",4514,41.978150,21.592239,540,R,2588.2,flat,1,26.7,24.7,7.0,ms,,,industrial,flat,8.5
"stage 1 - building 4515 - 41.975354, 21.593433",4515,41.975354,21.593433,540,R,2913.9,flat,1,4.8,2.7,2.7,ms,,,garage,flat,3.2
"stage 1 - building 4516 - 41.975143, 21.593102",4516,41.975143,21.593102,540,R,2929.4,house,1,11.2,9.5,3.3,ms,,,house,gable,7.0
"stage 1 - building 4517 - 41.975240, 21.593668",4517,41.975240,21.593668,540,R,2931.2,flat,1,4.8,3.7,2.7,ms,,,garage,flat,3.2
"stage 1 - building 4518 - 41.975130, 21.593719",4518,41.975130,21.593719,540,R,2944.1,flat,1,6.9,3.9,2.7,ms,,,garage,flat,3.2
"stage 1 - building 4519 - 41.975073, 21.593645",4519,41.975073,21.593645,540,R,2948.6,flat,1,5.7,5.0,2.7,ms,,,garage,flat,3.2
"stage 1 - building 4520 - 41.975023, 21.593783",4520,41.975023,21.593783,540,R,2957.0,flat,1,4.9,4.3,2.7,ms,,,garage,flat,3.2
"stage 1 - building 4521 - 41.974936, 21.593633",4521,41.974936,21.593633,540,R,2963.0,house,1,6.2,5.0,3.3,ms,,,garage,flat,3.2
"stage 1 - building 4522 - 41.974828, 21.593305",4522,41.974828,21.593305,540,R,2967.5,flat,1,17.3,15.4,3.4,ms,,,industrial,flat,8.5
"stage 1 - building 4523 - 41.974771, 21.593507",4523,41.974771,21.593507,540,R,2977.9,house,1,6.4,5.4,3.3,ms,,,garage,flat,3.2
"stage 1 - building 4524 - 41.974742, 21.593907",4524,41.974742,21.593907,540,R,2989.8,house,1,14.1,3.6,3.3,ms,,,house,gable,7.0
"stage 1 - building 4525 - 41.974675, 21.593699",4525,41.974675,21.593699,540,R,2992.4,house,1,9.1,4.6,3.3,ms,,,garage,flat,3.2
"stage 1 - building 4526 - 41.974648, 21.593790",4526,41.974648,21.593790,540,R,2997.3,flat,1,5.7,2.9,2.7,ms,,,garage,flat,3.2
"stage 1 - building 4527 - 41.974522, 21.593750",4527,41.974522,21.593750,540,R,3009.9,house,1,7.5,5.1,3.3,ms,,,garage,flat,3.2
"stage 1 - building 4528 - 41.974465, 21.593653",4528,41.974465,21.593653,540,R,3013.9,house,2,13.9,12.7,6.2,osm,732474289,house,house,gable,7.0
"stage 1 - building 4529 - 41.974176, 21.593856",4529,41.974176,21.593856,540,R,3049.3,flat,1,41.3,32.4,7.0,osm,732474288,house,commercial,flat,7.0
"stage 1 - building 4530 - 41.973573, 21.594009",4530,41.973573,21.594009,540,R,3117.3,house,1,7.3,5.1,3.3,ms,,,garage,flat,3.2
"stage 1 - building 4531 - 41.973580, 21.594185",4531,41.973580,21.594185,540,R,3120.3,house,2,14.0,11.6,6.2,ms,,,house,gable,7.0
"stage 1 - building 4532 - 41.973215, 21.593868",4532,41.973215,21.593868,540,R,3152.7,house,1,9.4,5.7,3.3,ms,,,house,gable,7.0
"stage 1 - building 4533 - 41.973305, 21.594309",4533,41.973305,21.594309,540,R,3152.5,flat,1,5.6,5.0,2.7,ms,,,garage,flat,3.2
"stage 1 - building 4534 - 41.973288, 21.594444",4534,41.973288,21.594444,540,R,3157.4,house,1,12.1,10.5,3.3,ms,,,house,gable,7.0
"stage 1 - building 4535 - 41.973113, 21.593840",4535,41.973113,21.593840,540,R,3163.1,house,2,15.5,9.7,6.2,osm,671288872,residential,house,gable,7.0
"stage 1 - building 4536 - 41.973083, 21.594027",4536,41.973083,21.594027,540,R,3170.2,house,2,11.8,10.2,6.2,ms,,,house,gable,7.0
"stage 1 - building 4537 - 41.972734, 21.593961",4537,41.972734,21.593961,540,R,3206.3,house,1,11.4,6.5,3.3,ms,,,house,gable,7.0
"stage 1 - building 4538 - 41.972655, 21.593996",4538,41.972655,21.593996,540,R,3215.5,flat,1,6.0,4.7,2.7,ms,,,garage,flat,3.2
"stage 1 - building 4539 - 41.972730, 21.594505",4539,41.972730,21.594505,540,R,3218.4,house,1,12.3,5.1,3.3,ms,,,house,gable,7.0
"stage 1 - building 4540 - 41.972583, 21.594453",4540,41.972583,21.594453,540,R,3233.0,house,1,11.1,4.2,3.3,ms,,,house,gable,7.0
"stage 1 - building 4541 - 41.972473, 21.594035",4541,41.972473,21.594035,540,R,3235.9,house,1,15.0,6.5,3.3,ms,,,house,gable,7.0
"stage 1 - building 4542 - 41.972481, 21.594285",4542,41.972481,21.594285,540,R,3240.3,house,1,6.6,5.5,3.3,ms,,,garage,flat,3.2
"stage 1 - building 4543 - 41.972496, 21.594442",4543,41.972496,21.594442,540,R,3242.1,house,1,8.8,5.8,3.3,ms,,,house,gable,7.0
"stage 1 - building 4544 - 41.972190, 21.594522",4544,41.972190,21.594522,540,R,3276.7,flat,1,7.6,3.7,2.7,ms,,,garage,flat,3.2
"stage 1 - building 4545 - 41.972217, 21.594664",4545,41.972217,21.594664,540,R,3276.9,house,1,14.0,3.6,3.3,ms,,,house,gable,7.0
"stage 1 - building 4546 - 41.972109, 21.594159",4546,41.972109,21.594159,540,R,3277.6,house,2,14.5,9.2,6.2,ms,,,row,flat,9.5
"stage 1 - building 4547 - 41.996182, 21.585931",4547,41.996182,21.585931,541,R,518.5,flat,1,7.4,3.0,2.7,ms,,,garage,flat,3.2
"stage 1 - building 4548 - 41.996066, 21.586044",4548,41.996066,21.586044,541,R,533.5,house,2,9.0,7.0,6.2,ms,,,house,gable,7.0
"stage 1 - building 4549 - 41.995922, 21.585996",4549,41.995922,21.585996,541,R,547.7,house,1,11.8,11.6,3.3,ms,,,house,gable,7.0
"stage 1 - building 4550 - 41.995559, 21.586201",4550,41.995559,21.586201,541,R,591.2,flat,1,22.3,17.3,7.0,ms,,,house,gable,7.0
"stage 1 - building 4551 - 41.994746, 21.586510",4551,41.994746,21.586510,541,R,685.0,house,1,6.8,4.7,3.3,ms,,,garage,flat,3.2
"stage 1 - building 4552 - 41.992740, 21.587381",4552,41.992740,21.587381,541,R,919.2,house,1,12.7,12.6,3.3,ms,,,house,gable,7.0
"stage 1 - building 4553 - 41.992448, 21.587341",4553,41.992448,21.587341,541,R,949.3,flat,1,5.4,3.2,2.7,ms,,,garage,flat,3.2
"stage 1 - building 4554 - 41.991752, 21.587549",4554,41.991752,21.587549,541,R,1028.4,house,2,12.1,11.5,6.2,ms,,,house,gable,7.0
"stage 1 - building 4555 - 41.990902, 21.587932",4555,41.990902,21.587932,541,R,1127.9,house,1,12.4,3.7,3.3,ms,,,house,gable,7.0
"stage 1 - building 4556 - 41.990854, 21.588111",4556,41.990854,21.588111,541,R,1137.2,flat,1,4.4,4.1,2.7,ms,,,garage,flat,3.2
"stage 1 - building 4557 - 41.989942, 21.588340",4557,41.989942,21.588340,541,R,1239.8,house,1,11.9,10.0,3.3,ms,,,house,gable,7.0
"stage 1 - building 4558 - 41.989742, 21.588478",4558,41.989742,21.588478,541,R,1264.2,house,1,6.4,4.7,3.3,ms,,,garage,flat,3.2
"stage 1 - building 4559 - 41.989559, 21.588603",4559,41.989559,21.588603,541,R,1286.7,house,2,11.7,10.2,6.2,ms,,,house,gable,7.0
"stage 1 - building 4560 - 41.989518, 21.588454",4560,41.989518,21.588454,541,R,1287.6,house,2,12.0,10.4,6.2,ms,,,house,gable,7.0
"stage 1 - building 4561 - 41.989080, 21.588692",4561,41.989080,21.588692,541,R,1339.8,house,2,13.4,9.6,6.2,ms,,,house,gable,7.0
"stage 1 - building 4562 - 41.989001, 21.588877",4562,41.989001,21.588877,541,R,1352.5,house,1,10.7,8.0,3.3,ms,,,house,gable,7.0
"stage 1 - building 4563 - 41.988783, 21.588956",4563,41.988783,21.588956,541,R,1377.6,flat,1,6.7,3.3,2.7,ms,,,garage,flat,3.2
"stage 1 - building 4564 - 41.988721, 21.588963",4564,41.988721,21.588963,541,R,1384.4,house,1,9.0,4.6,3.3,ms,,,garage,flat,3.2
"stage 1 - building 4565 - 41.988585, 21.588744",4565,41.988585,21.588744,541,R,1393.9,house,2,8.7,8.6,6.2,ms,,,house,gable,7.0
"stage 1 - building 4566 - 41.988634, 21.588982",4566,41.988634,21.588982,541,R,1394.1,house,1,12.2,6.0,3.3,ms,,,house,gable,7.0
"stage 1 - building 4567 - 41.988493, 21.588795",4567,41.988493,21.588795,541,R,1404.8,house,1,10.3,9.9,3.3,ms,,,house,gable,7.0
"stage 1 - building 4568 - 41.988368, 21.588928",4568,41.988368,21.588928,541,R,1421.2,house,1,12.0,11.3,3.3,ms,,,house,gable,7.0
"stage 1 - building 4569 - 41.988272, 21.588997",4569,41.988272,21.588997,541,R,1433.1,house,2,10.6,9.1,6.2,ms,,,house,gable,7.0
"stage 1 - building 4570 - 41.988114, 21.588904",4570,41.988114,21.588904,541,R,1447.9,house,2,16.5,10.2,6.2,ms,,,house,gable,7.0
"stage 1 - building 4571 - 41.988097, 21.589128",4571,41.988097,21.589128,541,R,1454.8,house,2,10.1,8.8,6.2,ms,,,house,gable,7.0
"stage 1 - building 4572 - 41.987937, 21.589018",4572,41.987937,21.589018,541,R,1469.3,flat,1,22.6,13.6,7.0,ms,,,house,gable,7.0
"stage 1 - building 4573 - 41.987930, 21.589226",4573,41.987930,21.589226,541,R,1474.8,house,1,9.6,5.2,3.3,ms,,,row,flat,9.5
"stage 1 - building 4574 - 41.987807, 21.589324",4574,41.987807,21.589324,541,R,1490.2,house,1,11.7,7.2,3.3,ms,,,row,flat,9.5
"stage 1 - building 4575 - 41.987720, 21.589071",4575,41.987720,21.589071,541,R,1493.6,house,1,20.1,12.8,3.3,ms,,,house,gable,7.0
"stage 1 - building 4576 - 41.987553, 21.589202",4576,41.987553,21.589202,541,R,1514.5,house,2,11.7,10.2,6.2,ms,,,house,gable,7.0
"stage 1 - building 4577 - 41.987466, 21.589397",4577,41.987466,21.589397,541,R,1528.3,house,1,13.9,11.8,3.3,ms,,,house,gable,7.0
"stage 1 - building 4578 - 41.987311, 21.589398",4578,41.987311,21.589398,541,R,1544.8,house,1,11.4,10.0,3.3,ms,,,house,gable,7.0
"stage 1 - building 4579 - 41.987166, 21.589553",4579,41.987166,21.589553,541,R,1563.8,flat,1,27.2,21.0,7.0,ms,,,house,gable,7.0
"stage 1 - building 4580 - 41.986832, 21.589756",4580,41.986832,21.589756,541,R,1604.2,house,1,9.9,9.4,3.3,ms,,,house,gable,7.0
"stage 1 - building 4581 - 41.986620, 21.589754",4581,41.986620,21.589754,541,R,1626.8,house,1,10.6,5.5,3.3,ms,,,house,gable,7.0
"stage 1 - building 4582 - 41.986583, 21.589650",4582,41.986583,21.589650,541,R,1628.3,flat,1,5.6,3.0,2.7,ms,,,garage,flat,3.2
"stage 1 - building 4583 - 41.986467, 21.589791",4583,41.986467,21.589791,541,R,1643.9,flat,1,23.5,18.1,7.0,ms,,,house,gable,7.0
"stage 1 - building 4584 - 41.986129, 21.589824",4584,41.986129,21.589824,541,R,1680.8,house,2,10.1,7.5,6.2,ms,,,house,gable,7.0
"stage 1 - building 4585 - 41.986071, 21.589680",4585,41.986071,21.589680,541,R,1683.6,house,1,6.0,5.2,3.3,ms,,,garage,flat,3.2
"stage 1 - building 4586 - 41.986115, 21.590023",4586,41.986115,21.590023,541,R,1686.9,house,2,13.2,9.0,6.2,ms,,,house,gable,7.0
"stage 1 - building 4587 - 41.986023, 21.589745",4587,41.986023,21.589745,541,R,1690.2,house,2,14.4,5.4,6.2,ms,,,house,gable,7.0
"stage 1 - building 4588 - 41.985511, 21.590071",4588,41.985511,21.590071,541,R,1752.4,house,2,9.8,6.4,6.2,ms,,,house,gable,7.0
"stage 1 - building 4589 - 41.985445, 21.590140",4589,41.985445,21.590140,541,R,1761.0,flat,1,19.1,15.9,7.0,ms,,,house,gable,7.0
"stage 1 - building 4590 - 41.985319, 21.590015",4590,41.985319,21.590015,541,R,1771.6,house,1,7.2,6.6,3.3,ms,,,house,gable,7.0
"stage 1 - building 4591 - 41.985223, 21.590377",4591,41.985223,21.590377,541,R,1790.2,flat,1,22.9,13.1,7.0,ms,,,house,gable,7.0
"stage 1 - building 4592 - 41.985095, 21.590208",4592,41.985095,21.590208,541,R,1799.9,flat,1,18.6,17.4,7.0,ms,,,house,gable,7.0
"stage 1 - building 4593 - 41.984855, 21.590435",4593,41.984855,21.590435,541,R,1830.8,flat,1,26.0,14.1,7.0,ms,,,house,gable,7.0
"stage 1 - building 4594 - 41.984617, 21.590500",4594,41.984617,21.590500,541,R,1857.6,house,2,15.8,13.4,6.2,ms,,,house,gable,7.0
"stage 1 - building 4595 - 41.984469, 21.590720",4595,41.984469,21.590720,541,R,1878.6,house,1,7.4,4.6,3.3,ms,,,garage,flat,3.2
"stage 1 - building 4596 - 41.984341, 21.590498",4596,41.984341,21.590498,541,R,1887.1,house,1,5.7,5.4,3.3,ms,,,garage,flat,3.2
"stage 1 - building 4597 - 41.984339, 21.590674",4597,41.984339,21.590674,541,R,1891.4,house,1,15.0,14.2,3.3,ms,,,house,gable,7.0
"stage 1 - building 4598 - 41.984157, 21.590748",4598,41.984157,21.590748,541,R,1912.5,house,2,10.8,6.8,6.2,osm,670774164,house,house,gable,7.0
"stage 1 - building 4599 - 41.983802, 21.590887",4599,41.983802,21.590887,541,R,1953.5,flat,1,5.5,3.8,2.7,ms,,,garage,flat,3.2
"stage 1 - building 4600 - 41.983730, 21.590913",4600,41.983730,21.590913,541,R,1961.8,house,1,11.7,10.0,3.3,ms,,,house,gable,7.0
"stage 1 - building 4601 - 41.981228, 21.591625",4601,41.981228,21.591625,541,R,2245.1,flat,1,5.9,4.1,2.7,ms,,,garage,flat,3.2
"stage 1 - building 4602 - 41.980708, 21.591904",4602,41.980708,21.591904,541,R,2307.0,house,1,13.2,2.6,3.3,ms,,,garage,flat,3.2
"stage 1 - building 4603 - 41.980351, 21.591929",4603,41.980351,21.591929,541,R,2345.7,flat,1,5.0,4.9,2.7,ms,,,garage,flat,3.2
"stage 1 - building 4604 - 41.980352, 21.592223",4604,41.980352,21.592223,541,R,2352.4,flat,1,60.4,41.8,9.0,osm,406840627,industrial,industrial,flat,8.5
"stage 1 - building 4605 - 41.980141, 21.591905",4605,41.980141,21.591905,541,R,2367.7,flat,2,14.0,9.0,6.4,ms,,,house,gable,7.0
"stage 1 - building 4606 - 41.979522, 21.592426",4606,41.979522,21.592426,541,R,2445.6,flat,2,16.6,13.9,6.4,osm,491653969,industrial,industrial,flat,8.5
"stage 1 - building 4607 - 41.978906, 21.592421",4607,41.978906,21.592421,541,R,2511.3,flat,1,64.7,63.8,9.0,ms,,,industrial,flat,8.5
"stage 1 - building 4608 - 41.978317, 21.592781",4608,41.978317,21.592781,541,R,2582.4,flat,2,22.7,11.8,6.4,ms,,,industrial,flat,8.5
"stage 1 - building 4609 - 41.978068, 21.592895",4609,41.978068,21.592895,541,R,2611.6,flat,1,20.8,19.1,7.0,ms,,,industrial,flat,8.5
"stage 1 - building 4610 - 41.978091, 21.593062",4610,41.978091,21.593062,541,R,2612.9,house,1,10.9,7.7,3.3,ms,,,row,flat,9.5
"stage 1 - building 4611 - 41.976483, 21.593567",4611,41.976483,21.593567,541,R,2796.1,house,1,7.8,4.5,3.3,ms,,,garage,flat,3.2
"stage 1 - building 4612 - 41.976409, 21.593592",4612,41.976409,21.593592,541,R,2804.6,house,2,15.7,9.7,6.2,ms,,,house,gable,7.0
"stage 1 - building 4613 - 41.976312, 21.593628",4613,41.976312,21.593628,541,R,2815.7,house,1,11.2,4.1,3.3,ms,,,house,gable,7.0
"stage 1 - building 4614 - 41.976190, 21.593660",4614,41.976190,21.593660,541,R,2829.6,house,2,17.5,14.1,6.2,ms,,,house,gable,7.0
"stage 1 - building 4615 - 41.976178, 21.593868",4615,41.976178,21.593868,541,R,2835.6,house,1,8.3,6.3,3.3,ms,,,house,gable,7.0
"stage 1 - building 4616 - 41.976073, 21.593899",4616,41.976073,21.593899,541,R,2847.5,house,1,15.0,10.9,3.3,ms,,,house,gable,7.0
"stage 1 - building 4617 - 41.975919, 21.593810",4617,41.975919,21.593810,541,R,2861.9,house,1,6.6,4.7,3.3,ms,,,garage,flat,3.2
"stage 1 - building 4618 - 41.975936, 21.593927",4618,41.975936,21.593927,541,R,2862.8,house,2,14.5,4.5,6.2,ms,,,house,gable,7.0
"stage 1 - building 4619 - 41.975384, 21.593848",4619,41.975384,21.593848,541,R,2919.9,house,1,7.9,7.0,3.3,ms,,,house,gable,7.0
"stage 1 - building 4620 - 41.975383, 21.593938",4620,41.975383,21.593938,541,R,2922.1,flat,1,4.3,3.7,2.7,ms,,,garage,flat,3.2
"stage 1 - building 4621 - 41.975120, 21.593919",4621,41.975120,21.593919,541,R,2949.7,house,2,12.7,11.0,6.2,ms,,,house,gable,7.0
"stage 1 - building 4622 - 41.974515, 21.594120",4622,41.974515,21.594120,541,R,3018.9,flat,1,5.8,4.2,2.7,ms,,,garage,flat,3.2
"stage 1 - building 4623 - 41.974330, 21.594432",4623,41.974330,21.594432,541,R,3045.8,flat,1,43.8,16.6,7.0,osm,732752876,house,commercial,flat,7.0
"stage 1 - building 4624 - 41.973791, 21.594491",4624,41.973791,21.594491,541,R,3104.6,house,1,27.8,8.1,3.3,ms,,,house,gable,7.0
"stage 1 - building 4625 - 41.973616, 21.594388",4625,41.973616,21.594388,541,R,3121.0,house,2,13.1,10.2,6.2,ms,,,house,gable,7.0
"stage 1 - building 4626 - 41.973626, 21.594651",4626,41.973626,21.594651,541,R,3125.9,house,2,13.6,9.9,6.2,ms,,,house,gable,7.0
"stage 1 - building 4627 - 41.973424, 21.594917",4627,41.973424,21.594917,541,R,3153.7,house,1,11.6,4.5,3.3,ms,,,house,gable,7.0
"stage 1 - building 4628 - 41.973300, 21.594732",4628,41.973300,21.594732,541,R,3162.6,flat,1,24.3,20.9,7.0,ms,,,house,gable,7.0
"stage 1 - building 4629 - 41.973304, 21.594965",4629,41.973304,21.594965,541,R,3167.5,house,2,16.1,14.0,6.2,ms,,,house,gable,7.0
"stage 1 - building 4630 - 41.973134, 21.594901",4630,41.973134,21.594901,541,R,3184.1,house,1,8.1,6.8,3.3,ms,,,house,gable,7.0
"stage 1 - building 4631 - 41.972957, 21.594966",4631,41.972957,21.594966,541,R,3204.6,house,1,14.0,10.6,3.3,ms,,,house,gable,7.0
"stage 1 - building 4632 - 41.972790, 21.594752",4632,41.972790,21.594752,541,R,3217.5,flat,1,4.6,4.4,2.7,ms,,,garage,flat,3.2
"stage 1 - building 4633 - 41.972806, 21.594912",4633,41.972806,21.594912,541,R,3219.4,house,1,18.7,10.3,3.3,ms,,,row,flat,9.5
"stage 1 - building 4634 - 41.972719, 21.594838",4634,41.972719,21.594838,541,R,3227.0,house,1,8.2,4.3,3.3,ms,,,garage,flat,3.2
"stage 1 - building 4635 - 41.972647, 21.594825",4635,41.972647,21.594825,541,R,3234.4,flat,1,35.0,9.4,7.0,ms,,,row,flat,9.5
"stage 1 - building 4636 - 41.972571, 21.595191",4636,41.972571,21.595191,541,R,3250.9,house,2,11.2,6.9,6.2,ms,,,house,gable,7.0
"stage 1 - building 4637 - 41.972350, 21.594871",4637,41.972350,21.594871,541,R,3267.2,house,2,10.0,7.7,6.2,ms,,,house,gable,7.0
"stage 1 - building 4638 - 41.972385, 21.595200",4638,41.972385,21.595200,541,R,3271.0,house,1,12.9,5.5,3.3,ms,,,house,gable,7.0
"stage 1 - building 4639 - 41.972220, 21.595269",4639,41.972220,21.595269,541,R,3290.1,house,2,12.4,8.2,6.2,ms,,,house,gable,7.0
"stage 1 - building 4640 - 41.972102, 21.595153",4640,41.972102,21.595153,541,R,3300.1,house,1,9.3,4.2,3.3,ms,,,garage,flat,3.2
"stage 1 - building 4641 - 41.972103, 21.595301",4641,41.972103,21.595301,541,R,3303.4,house,2,11.5,9.1,6.2,ms,,,house,gable,7.0
"stage 1 - building 4642 - 41.996343, 21.586001",4642,41.996343,21.586001,542,R,503.0,house,1,9.8,5.7,3.3,ms,,,house,gable,7.0
"stage 1 - building 4643 - 41.996237, 21.586072",4643,41.996237,21.586072,542,R,516.0,house,2,16.2,9.6,6.2,ms,,,house,gable,7.0
"stage 1 - building 4644 - 41.995912, 21.586203",4644,41.995912,21.586203,542,R,553.7,house,1,9.1,7.1,3.3,ms,,,house,gable,7.0
"stage 1 - building 4645 - 41.995778, 21.586183",4645,41.995778,21.586183,542,R,567.5,house,1,9.7,7.9,3.3,ms,,,row,flat,9.5
"stage 1 - building 4646 - 41.995335, 21.586391",4646,41.995335,21.586391,542,R,619.5,house,1,18.1,16.1,3.3,ms,,,house,gable,7.0
"stage 1 - building 4647 - 41.995280, 21.586491",4647,41.995280,21.586491,542,R,627.8,flat,1,3.9,3.5,2.7,ms,,,garage,flat,3.2
"stage 1 - building 4648 - 41.995190, 21.586445",4648,41.995190,21.586445,542,R,636.2,house,1,9.1,5.5,3.3,osm,670555948,yes,house,gable,7.0
"stage 1 - building 4649 - 41.994950, 21.586529",4649,41.994950,21.586529,542,R,663.8,house,1,5.8,5.3,3.3,ms,,,garage,flat,3.2
"stage 1 - building 4650 - 41.994828, 21.586663",4650,41.994828,21.586663,542,R,680.0,house,2,13.9,11.6,6.2,osm,670537293,yes,house,gable,7.0
"stage 1 - building 4651 - 41.994424, 21.586813",4651,41.994424,21.586813,542,R,726.5,house,1,13.1,6.6,3.3,ms,,,house,gable,7.0
"stage 1 - building 4652 - 41.993364, 21.587307",4652,41.993364,21.587307,542,R,851.1,flat,1,5.5,5.3,2.7,ms,,,garage,flat,3.2
"stage 1 - building 4653 - 41.993301, 21.587305",4653,41.993301,21.587305,542,R,857.8,house,1,8.1,5.8,3.3,ms,,,house,gable,7.0
"stage 1 - building 4654 - 41.992973, 21.587486",4654,41.992973,21.587486,542,R,897.0,house,2,12.1,11.9,6.2,ms,,,house,gable,7.0
"stage 1 - building 4655 - 41.992892, 21.587376",4655,41.992892,21.587376,542,R,902.8,flat,1,5.5,4.7,2.7,ms,,,garage,flat,3.2
"stage 1 - building 4656 - 41.992822, 21.587502",4656,41.992822,21.587502,542,R,913.4,house,1,15.3,7.2,3.3,ms,,,house,gable,7.0
"stage 1 - building 4657 - 41.992422, 21.587563",4657,41.992422,21.587563,542,R,957.3,house,1,14.2,9.2,3.3,ms,,,house,gable,7.0
"stage 1 - building 4658 - 41.992192, 21.587833",4658,41.992192,21.587833,542,R,988.4,house,2,15.3,10.6,6.2,ms,,,house,gable,7.0
"stage 1 - building 4659 - 41.991843, 21.587758",4659,41.991843,21.587758,542,R,1023.6,house,2,12.4,11.0,6.2,ms,,,house,gable,7.0
"stage 1 - building 4660 - 41.991793, 21.587955",4660,41.991793,21.587955,542,R,1033.7,house,1,8.8,3.5,3.3,ms,,,garage,flat,3.2
"stage 1 - building 4661 - 41.990992, 21.588257",4661,41.990992,21.588257,542,R,1126.1,house,1,10.0,6.9,3.3,ms,,,house,gable,7.0
"stage 1 - building 4662 - 41.989672, 21.588850",4662,41.989672,21.588850,542,R,1280.7,house,2,10.9,9.4,6.2,ms,,,house,gable,7.0
"stage 1 - building 4663 - 41.989248, 21.589089",4663,41.989248,21.589089,542,R,1331.5,house,1,11.0,9.7,3.3,ms,,,house,gable,7.0
"stage 1 - building 4664 - 41.989150, 21.588861",4664,41.989150,21.588861,542,R,1336.4,house,2,13.3,11.1,6.2,ms,,,house,gable,7.0
"stage 1 - building 4665 - 41.988876, 21.589037",4665,41.988876,21.589037,542,R,1369.7,house,2,10.6,10.1,6.2,ms,,,house,gable,7.0
"stage 1 - building 4666 - 41.988916, 21.589218",4666,41.988916,21.589218,542,R,1369.9,house,1,11.7,11.6,3.3,osm,670742943,house,house,gable,7.0
"stage 1 - building 4667 - 41.988696, 21.589157",4667,41.988696,21.589157,542,R,1391.7,flat,1,26.0,12.0,7.0,ms,,,house,gable,7.0
"stage 1 - building 4668 - 41.988683, 21.589308",4668,41.988683,21.589308,542,R,1396.8,flat,1,5.4,4.6,2.7,ms,,,garage,flat,3.2
"stage 1 - building 4669 - 41.988454, 21.589180",4669,41.988454,21.589180,542,R,1418.0,house,2,11.6,11.0,6.2,ms,,,house,gable,7.0
"stage 1 - building 4670 - 41.988348, 21.589262",4670,41.988348,21.589262,542,R,1431.3,house,2,11.8,11.3,6.2,ms,,,house,gable,7.0
"stage 1 - building 4671 - 41.988234, 21.589357",4671,41.988234,21.589357,542,R,1445.7,house,2,11.4,10.3,6.2,ms,,,house,gable,7.0
"stage 1 - building 4672 - 41.988131, 21.589317",4672,41.988131,21.589317,542,R,1455.7,flat,1,5.6,4.8,2.7,ms,,,garage,flat,3.2
"stage 1 - building 4673 - 41.988090, 21.589428",4673,41.988090,21.589428,542,R,1462.7,house,2,17.1,11.4,6.2,ms,,,house,gable,7.0
"stage 1 - building 4674 - 41.987892, 21.589346",4674,41.987892,21.589346,542,R,1481.7,house,1,14.0,8.9,3.3,ms,,,row,flat,9.5
"stage 1 - building 4675 - 41.987859, 21.589493",4675,41.987859,21.589493,542,R,1488.7,flat,1,5.5,5.2,2.7,ms,,,garage,flat,3.2
"stage 1 - building 4676 - 41.987768, 21.589487",4676,41.987768,21.589487,542,R,1498.3,house,1,12.5,11.1,3.3,ms,,,row,flat,9.5
"stage 1 - building 4677 - 41.987616, 21.589486",4677,41.987616,21.589486,542,R,1514.4,house,2,13.1,10.2,6.2,ms,,,house,gable,7.0
"stage 1 - building 4678 - 41.987537, 21.589698",4678,41.987537,21.589698,542,R,1528.0,house,2,13.4,11.9,6.2,ms,,,house,gable,7.0
"stage 1 - building 4679 - 41.987437, 21.589813",4679,41.987437,21.589813,542,R,1541.4,house,1,7.6,5.5,3.3,ms,,,garage,flat,3.2
"stage 1 - building 4680 - 41.987380, 21.589733",4680,41.987380,21.589733,542,R,1545.5,flat,1,7.2,3.8,2.7,ms,,,garage,flat,3.2
"stage 1 - building 4681 - 41.987323, 21.589672",4681,41.987323,21.589672,542,R,1550.0,house,1,10.9,5.4,3.3,ms,,,house,gable,7.0
"stage 1 - building 4682 - 41.987283, 21.589830",4682,41.987283,21.589830,542,R,1558.1,house,2,20.3,14.4,6.2,ms,,,house,gable,7.0
"stage 1 - building 4683 - 41.987050, 21.590017",4683,41.987050,21.590017,542,R,1587.4,house,1,10.9,6.9,3.3,osm,670605294,house,house,gable,7.0
"stage 1 - building 4684 - 41.986933, 21.589734",4684,41.986933,21.589734,542,R,1593.0,house,2,11.5,7.0,6.2,osm,670735195,house,house,gable,7.0
"stage 1 - building 4685 - 41.986913, 21.589949",4685,41.986913,21.589949,542,R,1600.3,house,1,20.1,9.1,3.3,ms,,,house,gable,7.0
"stage 1 - building 4686 - 41.986773, 21.590121",4686,41.986773,21.590121,542,R,1619.4,house,2,12.2,8.9,6.2,ms,,,house,gable,7.0
"stage 1 - building 4687 - 41.986638, 21.590134",4687,41.986638,21.590134,542,R,1634.0,house,2,9.6,8.8,6.2,ms,,,house,gable,7.0
"stage 1 - building 4688 - 41.986572, 21.590042",4688,41.986572,21.590042,542,R,1638.8,house,2,17.7,11.5,6.2,ms,,,house,gable,7.0
"stage 1 - building 4689 - 41.986348, 21.590228",4689,41.986348,21.590228,542,R,1667.1,house,2,18.9,6.5,6.2,ms,,,house,gable,7.0
"stage 1 - building 4690 - 41.986183, 21.590155",4690,41.986183,21.590155,542,R,1682.8,house,1,10.8,6.4,3.3,ms,,,house,gable,7.0
"stage 1 - building 4691 - 41.985984, 21.590352",4691,41.985984,21.590352,542,R,1708.8,flat,1,7.6,2.6,2.7,ms,,,garage,flat,3.2
"stage 1 - building 4692 - 41.985652, 21.590380",4692,41.985652,21.590380,542,R,1744.7,house,1,8.5,6.8,3.3,ms,,,house,gable,7.0
"stage 1 - building 4693 - 41.985687, 21.590616",4693,41.985687,21.590616,542,R,1746.8,flat,1,4.3,3.7,2.7,ms,,,garage,flat,3.2
"stage 1 - building 4694 - 41.985640, 21.590511",4694,41.985640,21.590511,542,R,1749.1,flat,1,7.4,3.9,2.7,ms,,,garage,flat,3.2
"stage 1 - building 4695 - 41.985618, 21.590642",4695,41.985618,21.590642,542,R,1754.8,house,1,9.6,9.0,3.3,ms,,,house,gable,7.0
"stage 1 - building 4696 - 41.985552, 21.590395",4696,41.985552,21.590395,542,R,1755.7,flat,1,28.6,11.0,7.0,ms,,,row,flat,9.5
"stage 1 - building 4697 - 41.985260, 21.590681",4697,41.985260,21.590681,542,R,1793.6,house,2,9.1,8.6,6.2,ms,,,house,gable,7.0
"stage 1 - building 4698 - 41.984471, 21.591033",4698,41.984471,21.591033,542,R,1886.0,house,2,16.1,12.1,6.2,ms,,,house,gable,7.0
"stage 1 - building 4699 - 41.984433, 21.590887",4699,41.984433,21.590887,542,R,1886.4,house,2,12.8,10.3,6.2,ms,,,house,gable,7.0
"stage 1 - building 4700 - 41.984248, 21.590968",4700,41.984248,21.590968,542,R,1908.1,house,2,8.1,7.9,6.2,osm,670786576,house,house,gable,7.0
"stage 1 - building 4701 - 41.983931, 21.591353",4701,41.983931,21.591353,542,R,1951.2,house,1,9.9,8.7,3.3,ms,,,house,gable,7.0
"stage 1 - building 4702 - 41.983802, 21.591040",4702,41.983802,21.591040,542,R,1957.2,house,2,12.0,8.8,6.2,ms,,,house,gable,7.0
"stage 1 - building 4703 - 41.983838, 21.591232",4703,41.983838,21.591232,542,R,1958.0,house,2,9.3,8.0,6.2,ms,,,house,gable,7.0
"stage 1 - building 4704 - 41.983689, 21.591141",4704,41.983689,21.591141,542,R,1971.7,house,2,14.7,13.4,6.2,ms,,,house,gable,7.0
"stage 1 - building 4705 - 41.983577, 21.591331",4705,41.983577,21.591331,542,R,1988.1,house,2,10.2,7.4,6.2,ms,,,house,gable,7.0
"stage 1 - building 4706 - 41.983510, 21.591560",4706,41.983510,21.591560,542,R,2001.0,house,2,19.2,11.2,6.2,ms,,,house,gable,7.0
"stage 1 - building 4707 - 41.983374, 21.591261",4707,41.983374,21.591261,542,R,2008.0,house,1,18.4,12.5,3.3,ms,,,house,gable,7.0
"stage 1 - building 4708 - 41.983273, 21.591607",4708,41.983273,21.591607,542,R,2027.2,house,1,7.3,7.3,3.3,ms,,,house,gable,7.0
"stage 1 - building 4709 - 41.983001, 21.591593",4709,41.983001,21.591593,542,R,2055.7,house,1,11.1,10.8,3.3,ms,,,house,gable,7.0
"stage 1 - building 4710 - 41.982874, 21.591715",4710,41.982874,21.591715,542,R,2072.1,house,1,11.2,8.2,3.3,ms,,,house,gable,7.0
"stage 1 - building 4711 - 41.982557, 21.591852",4711,41.982557,21.591852,542,R,2109.1,house,1,19.1,11.3,3.3,ms,,,house,gable,7.0
"stage 1 - building 4712 - 41.982168, 21.592043",4712,41.982168,21.592043,542,R,2155.1,flat,1,5.2,5.2,2.7,ms,,,garage,flat,3.2
"stage 1 - building 4713 - 41.981483, 21.592440",4713,41.981483,21.592440,542,R,2237.5,flat,1,6.3,3.8,2.7,ms,,,garage,flat,3.2
"stage 1 - building 4714 - 41.980307, 21.592929",4714,41.980307,21.592929,542,R,2374.4,house,1,18.9,6.6,3.3,ms,,,house,gable,7.0
"stage 1 - building 4715 - 41.979422, 21.593247",4715,41.979422,21.593247,542,R,2476.0,house,1,9.0,8.1,3.3,ms,,,house,gable,7.0
"stage 1 - building 4716 - 41.979218, 21.593281",4716,41.979218,21.593281,542,R,2498.4,house,1,5.9,5.8,3.3,ms,,,garage,flat,3.2
"stage 1 - building 4717 - 41.979040, 21.593427",4717,41.979040,21.593427,542,R,2521.0,flat,1,4.9,2.6,2.7,ms,,,garage,flat,3.2
"stage 1 - building 4718 - 41.978969, 21.593409",4718,41.978969,21.593409,542,R,2528.0,house,1,15.5,7.4,3.3,ms,,,house,gable,7.0
"stage 1 - building 4719 - 41.977054, 21.594115",4719,41.977054,21.594115,542,R,2748.5,house,1,9.5,6.0,3.3,ms,,,house,gable,7.0
"stage 1 - building 4720 - 41.976095, 21.594692",4720,41.976095,21.594692,542,R,2864.5,house,1,17.8,7.4,3.3,ms,,,house,gable,7.0
"stage 1 - building 4721 - 41.975139, 21.594937",4721,41.975139,21.594937,542,R,2971.9,house,1,9.0,8.8,3.3,ms,,,house,gable,7.0
"stage 1 - building 4722 - 41.974613, 21.595166",4722,41.974613,21.595166,542,R,3033.2,flat,1,35.3,18.3,7.0,ms,,,commercial,flat,7.0
"stage 1 - building 4723 - 41.974559, 21.595437",4723,41.974559,21.595437,542,R,3045.7,flat,1,4.4,3.9,2.7,ms,,,garage,flat,3.2
"stage 1 - building 4724 - 41.973556, 21.595851",4724,41.973556,21.595851,542,R,3162.3,house,1,10.8,8.6,3.3,ms,,,house,gable,7.0
"stage 1 - building 4725 - 41.973336, 21.595396",4725,41.973336,21.595396,542,R,3174.4,house,1,15.3,14.8,3.3,ms,,,house,gable,7.0
"stage 1 - building 4726 - 41.973405, 21.595923",4726,41.973405,21.595923,542,R,3180.1,house,1,11.0,10.3,3.3,ms,,,house,gable,7.0
"stage 1 - building 4727 - 41.973206, 21.595481",4727,41.973206,21.595481,542,R,3190.3,house,1,18.5,8.0,3.3,osm,671312109,house,house,gable,7.0
"stage 1 - building 4728 - 41.973090, 21.595490",4728,41.973090,21.595490,542,R,3202.8,house,2,12.7,10.4,6.2,ms,,,house,gable,7.0
"stage 1 - building 4729 - 41.972917, 21.595563",4729,41.972917,21.595563,542,R,3222.9,house,1,11.6,10.7,3.3,ms,,,house,gable,7.0
"stage 1 - building 4730 - 41.972786, 21.595781",4730,41.972786,21.595781,542,R,3242.1,house,2,17.2,9.9,6.2,ms,,,house,gable,7.0
"stage 1 - building 4731 - 41.972721, 21.596179",4731,41.972721,21.596179,542,R,3258.9,house,1,6.4,4.9,3.3,ms,,,garage,flat,3.2
"stage 1 - building 4732 - 41.972547, 21.596054",4732,41.972547,21.596054,542,R,3274.2,flat,1,4.7,3.1,2.7,ms,,,garage,flat,3.2
"stage 1 - building 4733 - 41.972458, 21.595901",4733,41.972458,21.595901,542,R,3279.8,house,1,17.2,6.1,3.3,ms,,,house,gable,7.0
"stage 1 - building 4734 - 41.972495, 21.596161",4734,41.972495,21.596161,542,R,3282.5,house,2,11.2,9.0,6.2,ms,,,house,gable,7.0
"stage 1 - building 4735 - 41.972318, 21.595859",4735,41.972318,21.595859,542,R,3293.7,house,1,10.9,6.5,3.3,ms,,,house,gable,7.0
"stage 1 - building 4736 - 41.972376, 21.596131",4736,41.972376,21.596131,542,R,3294.3,house,1,11.0,5.2,3.3,ms,,,house,gable,7.0
"stage 1 - building 4737 - 41.972189, 21.595833",4737,41.972189,21.595833,542,R,3306.8,house,2,10.3,10.2,6.2,ms,,,house,gable,7.0
"stage 1 - building 4738 - 41.972133, 21.596087",4738,41.972133,21.596087,542,R,3318.9,house,1,7.0,6.6,3.3,ms,,,house,gable,7.0
"stage 1 - building 4739 - 41.996178, 21.586263",4739,41.996178,21.586263,543,R,527.2,house,1,6.0,6.0,3.3,ms,,,garage,flat,3.2
"stage 1 - building 4740 - 41.995805, 21.586318",4740,41.995805,21.586318,543,R,567.9,house,1,22.3,11.6,3.3,ms,,,row,flat,9.5
"stage 1 - building 4741 - 41.995662, 21.586494",4741,41.995662,21.586494,543,R,587.5,flat,1,4.4,3.0,2.7,ms,,,garage,flat,3.2
"stage 1 - building 4742 - 41.995406, 21.586627",4742,41.995406,21.586627,543,R,618.0,house,2,11.0,8.7,6.2,ms,,,house,gable,7.0
"stage 1 - building 4743 - 41.995283, 21.586626",4743,41.995283,21.586626,543,R,631.0,house,2,13.0,10.3,6.2,ms,,,house,gable,7.0
"stage 1 - building 4744 - 41.994668, 21.586815",4744,41.994668,21.586815,543,R,700.7,house,1,12.2,9.6,3.3,ms,,,house,gable,7.0
"stage 1 - building 4745 - 41.994557, 21.586921",4745,41.994557,21.586921,543,R,715.2,house,2,15.4,11.4,6.2,ms,,,house,gable,7.0
"stage 1 - building 4746 - 41.994328, 21.586986",4746,41.994328,21.586986,543,R,741.1,flat,1,5.6,5.1,2.7,ms,,,garage,flat,3.2
"stage 1 - building 4747 - 41.992923, 21.587723",4747,41.992923,21.587723,543,R,908.4,house,2,11.0,10.8,6.2,ms,,,house,gable,7.0
"stage 1 - building 4748 - 41.992510, 21.587804",4748,41.992510,21.587804,543,R,954.1,house,2,12.5,12.1,6.2,ms,,,house,gable,7.0
"stage 1 - building 4749 - 41.991978, 21.588204",4749,41.991978,21.588204,543,R,1020.6,house,2,15.6,12.5,6.2,ms,,,house,gable,7.0
"stage 1 - building 4750 - 41.991879, 21.588028",4750,41.991879,21.588028,543,R,1026.4,flat,1,5.9,4.2,2.7,ms,,,garage,flat,3.2
"stage 1 - building 4751 - 41.991372, 21.588302",4751,41.991372,21.588302,543,R,1087.0,house,2,12.8,11.4,6.2,ms,,,house,gable,7.0
"stage 1 - building 4752 - 41.989931, 21.589125",4752,41.989931,21.589125,543,R,1260.4,flat,1,42.1,13.8,7.0,ms,,,house,gable,7.0
"stage 1 - building 4753 - 41.989415, 21.589144",4753,41.989415,21.589144,543,R,1315.3,house,1,13.1,4.0,3.3,ms,,,house,gable,7.0
"stage 1 - building 4754 - 41.989381, 21.589376",4754,41.989381,21.589376,543,R,1325.0,house,1,9.9,4.9,3.3,ms,,,row,flat,9.5
"stage 1 - building 4755 - 41.989272, 21.589237",4755,41.989272,21.589237,543,R,1332.8,house,2,10.7,10.3,6.2,ms,,,house,gable,7.0
"stage 1 - building 4756 - 41.989195, 21.589380",4756,41.989195,21.589380,543,R,1344.6,house,2,9.8,9.5,6.2,ms,,,house,gable,7.0
"stage 1 - building 4757 - 41.988989, 21.589388",4757,41.988989,21.589388,543,R,1366.5,flat,1,5.7,3.5,2.7,ms,,,garage,flat,3.2
"stage 1 - building 4758 - 41.989000, 21.589529",4758,41.989000,21.589529,543,R,1369.1,house,1,10.7,9.8,3.3,ms,,,house,gable,7.0
"stage 1 - building 4759 - 41.988824, 21.589632",4759,41.988824,21.589632,543,R,1390.3,house,1,14.0,9.5,3.3,osm,670605284,house,house,gable,7.0
"stage 1 - building 4760 - 41.988725, 21.589426",4760,41.988725,21.589426,543,R,1395.4,house,2,11.3,10.2,6.2,osm,670742942,residential,house,gable,7.0
"stage 1 - building 4761 - 41.988378, 21.589530",4761,41.988378,21.589530,543,R,1434.8,house,1,8.1,4.8,3.3,ms,,,garage,flat,3.2
"stage 1 - building 4762 - 41.988392, 21.589651",4762,41.988392,21.589651,543,R,1436.3,flat,1,4.7,3.2,2.7,ms,,,garage,flat,3.2
"stage 1 - building 4763 - 41.988398, 21.589782",4763,41.988398,21.589782,543,R,1439.1,house,1,11.3,8.8,3.3,osm,670605286,house,house,gable,7.0
"stage 1 - building 4764 - 41.988310, 21.589627",4764,41.988310,21.589627,543,R,1444.3,house,1,6.7,6.0,3.3,ms,,,garage,flat,3.2
"stage 1 - building 4765 - 41.988240, 21.589718",4765,41.988240,21.589718,543,R,1454.1,house,2,10.0,9.2,6.2,ms,,,house,gable,7.0
"stage 1 - building 4766 - 41.988161, 21.589598",4766,41.988161,21.589598,543,R,1459.3,house,1,10.7,8.9,3.3,ms,,,house,gable,7.0
"stage 1 - building 4767 - 41.988154, 21.589774",4767,41.988154,21.589774,543,R,1464.6,house,1,7.8,4.7,3.3,ms,,,garage,flat,3.2
"stage 1 - building 4768 - 41.988051, 21.589878",4768,41.988051,21.589878,543,R,1478.2,flat,1,7.1,3.0,2.7,ms,,,garage,flat,3.2
"stage 1 - building 4769 - 41.987872, 21.589835",4769,41.987872,21.589835,543,R,1495.9,house,1,13.9,12.5,3.3,ms,,,house,gable,7.0
"stage 1 - building 4770 - 41.987755, 21.589946",4770,41.987755,21.589946,543,R,1511.2,house,2,8.8,8.2,6.2,ms,,,house,gable,7.0
"stage 1 - building 4771 - 41.987773, 21.590123",4771,41.987773,21.590123,543,R,1514.0,house,2,11.9,10.3,6.2,ms,,,house,gable,7.0
"stage 1 - building 4772 - 41.987648, 21.589993",4772,41.987648,21.589993,543,R,1523.7,house,1,11.0,10.2,3.3,ms,,,house,gable,7.0
"stage 1 - building 4773 - 41.987517, 21.589956",4773,41.987517,21.589956,543,R,1536.5,house,1,9.3,3.9,3.3,ms,,,garage,flat,3.2
"stage 1 - building 4774 - 41.987501, 21.590102",4774,41.987501,21.590102,543,R,1542.0,house,2,15.3,15.1,6.2,ms,,,house,gable,7.0
"stage 1 - building 4775 - 41.987356, 21.590053",4775,41.987356,21.590053,543,R,1556.1,house,1,6.7,4.8,3.3,ms,,,garage,flat,3.2
"stage 1 - building 4776 - 41.987361, 21.590216",4776,41.987361,21.590216,543,R,1559.8,house,2,16.5,13.9,6.2,ms,,,house,gable,7.0
"stage 1 - building 4777 - 41.987209, 21.590368",4777,41.987209,21.590368,543,R,1579.8,house,2,11.8,9.7,6.2,ms,,,house,gable,7.0
"stage 1 - building 4778 - 41.986976, 21.590156",4778,41.986976,21.590156,543,R,1598.9,house,1,11.9,10.1,3.3,ms,,,house,gable,7.0
"stage 1 - building 4779 - 41.986943, 21.590401",4779,41.986943,21.590401,543,R,1608.7,house,1,10.2,4.5,3.3,ms,,,house,gable,7.0
"stage 1 - building 4780 - 41.986790, 21.590513",4780,41.986790,21.590513,543,R,1627.8,house,2,12.8,10.0,6.2,ms,,,house,gable,7.0
"stage 1 - building 4781 - 41.986717, 21.590323",4781,41.986717,21.590323,543,R,1630.4,house,2,11.6,10.0,6.2,ms,,,house,gable,7.0
"stage 1 - building 4782 - 41.986468, 21.590415",4782,41.986468,21.590415,543,R,1659.1,house,1,9.1,4.1,3.3,ms,,,garage,flat,3.2
"stage 1 - building 4783 - 41.986411, 21.590598",4783,41.986411,21.590598,543,R,1669.9,house,1,7.0,4.9,3.3,ms,,,garage,flat,3.2
"stage 1 - building 4784 - 41.986289, 21.590544",4784,41.986289,21.590544,543,R,1681.4,house,2,13.2,10.7,6.2,ms,,,house,gable,7.0
"stage 1 - building 4785 - 41.986249, 21.590415",4785,41.986249,21.590415,543,R,1682.3,house,2,11.8,9.7,6.2,ms,,,house,gable,7.0
"stage 1 - building 4786 - 41.985944, 21.590909",4786,41.985944,21.590909,543,R,1727.3,house,1,11.1,10.1,3.3,ms,,,house,gable,7.0
"stage 1 - building 4787 - 41.985824, 21.590621",4787,41.985824,21.590621,543,R,1732.4,house,1,11.4,9.5,3.3,ms,,,house,gable,7.0
"stage 1 - building 4788 - 41.985821, 21.590884",4788,41.985821,21.590884,543,R,1739.6,house,1,11.4,5.3,3.3,ms,,,house,gable,7.0
"stage 1 - building 4789 - 41.985732, 21.590946",4789,41.985732,21.590946,543,R,1750.6,house,2,11.0,8.8,6.2,ms,,,house,gable,7.0
"stage 1 - building 4790 - 41.985549, 21.591099",4790,41.985549,21.591099,543,R,1773.9,house,1,12.1,10.2,3.3,ms,,,house,gable,7.0
"stage 1 - building 4791 - 41.985401, 21.591093",4791,41.985401,21.591093,543,R,1789.3,house,1,7.8,7.2,3.3,ms,,,house,gable,7.0
"stage 1 - building 4792 - 41.985349, 21.590921",4792,41.985349,21.590921,543,R,1790.3,house,2,12.3,7.1,6.2,ms,,,row,flat,9.5
"stage 1 - building 4793 - 41.985307, 21.590819",4793,41.985307,21.590819,543,R,1792.1,house,2,13.3,10.4,6.2,ms,,,row,flat,9.5
"stage 1 - building 4794 - 41.985264, 21.591265",4794,41.985264,21.591265,543,R,1808.3,house,1,11.4,10.1,3.3,ms,,,house,gable,7.0
"stage 1 - building 4795 - 41.985017, 21.591269",4795,41.985017,21.591269,543,R,1834.3,flat,1,5.6,4.4,2.7,ms,,,garage,flat,3.2
"stage 1 - building 4796 - 41.984674, 21.591494",4796,41.984674,21.591494,543,R,1876.4,house,1,10.1,8.6,3.3,ms,,,house,gable,7.0
"stage 1 - building 4797 - 41.984560, 21.591223",4797,41.984560,21.591223,543,R,1881.4,house,2,12.5,9.3,6.2,ms,,,house,gable,7.0
"stage 1 - building 4798 - 41.984550, 21.591417",4798,41.984550,21.591417,543,R,1887.4,house,2,13.7,7.8,6.2,ms,,,house,gable,7.0
"stage 1 - building 4799 - 41.984393, 21.591427",4799,41.984393,21.591427,543,R,1904.3,house,2,10.9,10.7,6.2,osm,670774165,house,house,gable,7.0
"stage 1 - building 4800 - 41.984298, 21.591277",4800,41.984298,21.591277,543,R,1910.4,house,1,6.1,5.0,3.3,ms,,,garage,flat,3.2
"stage 1 - building 4801 - 41.984164, 21.591334",4801,41.984164,21.591334,543,R,1926.0,house,1,12.5,9.7,3.3,ms,,,house,gable,7.0
"stage 1 - building 4802 - 41.984118, 21.591457",4802,41.984118,21.591457,543,R,1934.1,flat,1,6.0,3.8,2.7,ms,,,garage,flat,3.2
"stage 1 - building 4803 - 41.983883, 21.591642",4803,41.983883,21.591642,543,R,1963.7,house,2,9.3,8.7,6.2,ms,,,house,gable,7.0
"stage 1 - building 4804 - 41.983474, 21.591741",4804,41.983474,21.591741,543,R,2009.4,flat,1,6.1,4.8,2.7,ms,,,garage,flat,3.2
"stage 1 - building 4805 - 41.983273, 21.591764",4805,41.983273,21.591764,543,R,2031.2,house,1,10.1,9.6,3.3,ms,,,house,gable,7.0
"stage 1 - building 4806 - 41.983191, 21.592132",4806,41.983191,21.592132,543,R,2049.4,house,2,11.8,9.4,6.2,ms,,,house,gable,7.0
"stage 1 - building 4807 - 41.983134, 21.591943",4807,41.983134,21.591943,543,R,2050.5,house,1,12.6,10.7,3.3,ms,,,house,gable,7.0
"stage 1 - building 4808 - 41.983079, 21.592220",4808,41.983079,21.592220,543,R,2063.5,house,2,13.8,11.5,6.2,ms,,,house,gable,7.0
"stage 1 - building 4809 - 41.982993, 21.591972",4809,41.982993,21.591972,543,R,2066.1,house,1,16.1,11.3,3.3,ms,,,house,gable,7.0
"stage 1 - building 4810 - 41.982891, 21.591861",4810,41.982891,21.591861,543,R,2074.0,flat,1,5.4,3.7,2.7,ms,,,garage,flat,3.2
"stage 1 - building 4811 - 41.982757, 21.592358",4811,41.982757,21.592358,543,R,2101.0,house,1,8.8,7.4,3.3,ms,,,row,flat,9.5
"stage 1 - building 4812 - 41.982726, 21.592296",4812,41.982726,21.592296,543,R,2102.7,house,1,8.9,4.1,3.3,ms,,,garage,flat,3.2
"stage 1 - building 4813 - 41.982651, 21.592142",4813,41.982651,21.592142,543,R,2106.5,house,2,15.7,13.7,6.2,ms,,,house,gable,7.0
"stage 1 - building 4814 - 41.982688, 21.592414",4814,41.982688,21.592414,543,R,2109.9,house,1,8.4,4.9,3.3,ms,,,garage,flat,3.2
"stage 1 - building 4815 - 41.982346, 21.592587",4815,41.982346,21.592587,543,R,2150.4,house,2,20.0,13.9,6.2,ms,,,house,gable,7.0
"stage 1 - building 4816 - 41.982252, 21.592379",4816,41.982252,21.592379,543,R,2154.8,house,2,11.4,10.1,6.2,ms,,,house,gable,7.0
"stage 1 - building 4817 - 41.982206, 21.592250",4817,41.982206,21.592250,543,R,2156.4,house,1,16.9,11.4,3.3,ms,,,house,gable,7.0
"stage 1 - building 4818 - 41.982094, 21.592447",4818,41.982094,21.592447,543,R,2173.3,house,1,7.2,4.4,3.3,ms,,,garage,flat,3.2
"stage 1 - building 4819 - 41.981810, 21.592650",4819,41.981810,21.592650,543,R,2208.5,flat,1,4.0,3.8,2.7,ms,,,garage,flat,3.2
"stage 1 - building 4820 - 41.981681, 21.592678",4820,41.981681,21.592678,543,R,2222.8,house,1,12.0,9.7,3.3,ms,,,house,gable,7.0
"stage 1 - building 4821 - 41.981584, 21.592558",4821,41.981584,21.592558,543,R,2229.9,house,2,13.8,9.5,6.2,osm,671288880,house,house,gable,7.0
"stage 1 - building 4822 - 41.981599, 21.592783",4822,41.981599,21.592783,543,R,2234.2,flat,1,8.5,3.4,2.7,ms,,,garage,flat,3.2
"stage 1 - building 4823 - 41.981494, 21.592752",4823,41.981494,21.592752,543,R,2244.4,house,1,14.1,11.7,3.3,ms,,,house,gable,7.0
"stage 1 - building 4824 - 41.981362, 21.592665",4824,41.981362,21.592665,543,R,2256.2,house,2,14.2,9.6,6.2,osm,671288877,yes,house,gable,7.0
"stage 1 - building 4825 - 41.981269, 21.592599",4825,41.981269,21.592599,543,R,2264.3,flat,1,4.9,3.3,2.7,ms,,,garage,flat,3.2
"stage 1 - building 4826 - 41.981140, 21.593082",4826,41.981140,21.593082,543,R,2290.4,flat,1,5.8,2.7,2.7,ms,,,garage,flat,3.2
"stage 1 - building 4827 - 41.981058, 21.592763",4827,41.981058,21.592763,543,R,2290.8,house,2,18.7,12.8,6.2,ms,,,house,gable,7.0
"stage 1 - building 4828 - 41.981075, 21.592950",4828,41.981075,21.592950,543,R,2293.8,flat,1,7.2,4.1,2.7,ms,,,garage,flat,3.2
"stage 1 - building 4829 - 41.981074, 21.593106",4829,41.981074,21.593106,543,R,2298.0,house,1,9.3,4.9,3.3,ms,,,house,gable,7.0
"stage 1 - building 4830 - 41.980991, 21.592934",4830,41.980991,21.592934,543,R,2302.2,house,1,15.2,11.5,3.3,ms,,,row,flat,9.5
"stage 1 - building 4831 - 41.980909, 21.592711",4831,41.980909,21.592711,543,R,2305.2,house,1,14.3,5.5,3.3,ms,,,house,gable,7.0
"stage 1 - building 4832 - 41.980854, 21.592923",4832,41.980854,21.592923,543,R,2316.4,house,2,12.9,10.8,6.2,ms,,,house,gable,7.0
"stage 1 - building 4833 - 41.980908, 21.593181",4833,41.980908,21.593181,543,R,2317.5,house,1,7.7,5.4,3.3,ms,,,garage,flat,3.2
"stage 1 - building 4834 - 41.980673, 21.592864",4834,41.980673,21.592864,543,R,2334.0,house,1,16.5,9.5,3.3,ms,,,house,gable,7.0
"stage 1 - building 4835 - 41.980647, 21.593322",4835,41.980647,21.593322,543,R,2348.7,house,1,11.3,5.8,3.3,ms,,,house,gable,7.0
"stage 1 - building 4836 - 41.980569, 21.593133",4836,41.980569,21.593133,543,R,2351.9,house,2,11.0,8.1,6.2,ms,,,row,flat,9.5
"stage 1 - building 4837 - 41.980495, 21.592937",4837,41.980495,21.592937,543,R,2354.7,house,1,12.0,6.4,3.3,ms,,,house,gable,7.0
"stage 1 - building 4838 - 41.980571, 21.593336",4838,41.980571,21.593336,543,R,2357.0,house,1,8.2,7.8,3.3,ms,,,house,gable,7.0
"stage 1 - building 4839 - 41.980500, 21.593166",4839,41.980500,21.593166,543,R,2360.0,house,1,9.8,7.5,3.3,ms,,,row,flat,9.5
"stage 1 - building 4840 - 41.980415, 21.593173",4840,41.980415,21.593173,543,R,2369.2,house,1,12.5,8.8,3.3,ms,,,house,gable,7.0
"stage 1 - building 4841 - 41.980439, 21.593381",4841,41.980439,21.593381,543,R,2372.1,flat,1,5.9,4.5,2.7,ms,,,garage,flat,3.2
"stage 1 - building 4842 - 41.980323, 21.593225",4842,41.980323,21.593225,543,R,2380.3,house,2,11.0,9.6,6.2,ms,,,house,gable,7.0
"stage 1 - building 4843 - 41.980210, 21.593276",4843,41.980210,21.593276,543,R,2393.5,house,1,11.9,9.5,3.3,ms,,,house,gable,7.0
"stage 1 - building 4844 - 41.980082, 21.593137",4844,41.980082,21.593137,543,R,2403.4,house,1,9.4,6.6,3.3,ms,,,house,gable,7.0
"stage 1 - building 4845 - 41.980021, 21.593165",4845,41.980021,21.593165,543,R,2410.5,house,1,6.5,5.4,3.3,ms,,,garage,flat,3.2
"stage 1 - building 4846 - 41.980003, 21.593377",4846,41.980003,21.593377,543,R,2418.0,house,1,12.5,9.4,3.3,ms,,,house,gable,7.0
"stage 1 - building 4847 - 41.979868, 21.593293",4847,41.979868,21.593293,543,R,2430.1,house,2,10.5,9.1,6.2,ms,,,house,gable,7.0
"stage 1 - building 4848 - 41.979729, 21.593253",4848,41.979729,21.593253,543,R,2443.7,house,2,11.4,11.2,6.2,ms,,,house,gable,7.0
"stage 1 - building 4849 - 41.979655, 21.593697",4849,41.979655,21.593697,543,R,2463.0,house,2,13.0,7.0,6.2,ms,,,house,gable,7.0
"stage 1 - building 4850 - 41.979586, 21.593871",4850,41.979586,21.593871,543,R,2474.8,flat,1,5.8,4.8,2.7,ms,,,garage,flat,3.2
"stage 1 - building 4851 - 41.979503, 21.593639",4851,41.979503,21.593639,543,R,2477.5,house,1,11.3,8.4,3.3,ms,,,house,gable,7.0
"stage 1 - building 4852 - 41.979403, 21.593393",4852,41.979403,21.593393,543,R,2481.7,house,2,13.3,11.7,6.2,ms,,,house,gable,7.0
"stage 1 - building 4853 - 41.979443, 21.593807",4853,41.979443,21.593807,543,R,2488.2,house,1,6.0,5.6,3.3,ms,,,garage,flat,3.2
"stage 1 - building 4854 - 41.979318, 21.593532",4854,41.979318,21.593532,543,R,2494.2,house,1,8.4,6.4,3.3,ms,,,house,gable,7.0
"stage 1 - building 4855 - 41.978802, 21.594000",4855,41.978802,21.594000,543,R,2560.8,house,1,12.2,10.5,3.3,ms,,,house,gable,7.0
"stage 1 - building 4856 - 41.978385, 21.594067",4856,41.978385,21.594067,543,R,2606.5,house,2,17.5,10.1,6.2,ms,,,house,gable,7.0
"stage 1 - building 4857 - 41.974621, 21.596114",4857,41.974621,21.596114,543,R,3056.8,flat,1,8.2,3.3,2.7,ms,,,garage,flat,3.2
"stage 1 - building 4858 - 41.974480, 21.595824",4858,41.974480,21.595824,543,R,3064.0,flat,1,37.7,20.8,7.0,ms,,,commercial,flat,7.0
"stage 1 - building 4859 - 41.974368, 21.595563",4859,41.974368,21.595563,543,R,3069.1,flat,1,4.6,4.4,2.7,ms,,,garage,flat,3.2
"stage 1 - building 4860 - 41.973982, 21.595961",4860,41.973982,21.595961,543,R,3120.2,house,1,9.6,4.4,3.3,ms,,,garage,flat,3.2
"stage 1 - building 4861 - 41.973889, 21.596032",4861,41.973889,21.596032,543,R,3131.8,house,1,10.9,6.6,3.3,ms,,,house,gable,7.0
"stage 1 - building 4862 - 41.973828, 21.596095",4862,41.973828,21.596095,543,R,3139.8,flat,1,6.4,4.0,2.7,ms,,,garage,flat,3.2
"stage 1 - building 4863 - 41.973575, 21.596193",4863,41.973575,21.596193,543,R,3169.1,house,2,15.5,14.2,6.2,ms,,,house,gable,7.0
"stage 1 - building 4864 - 41.973027, 21.596160",4864,41.973027,21.596160,543,R,3226.1,house,1,11.4,11.2,3.3,ms,,,house,gable,7.0
"stage 1 - building 4865 - 41.973040, 21.596376",4865,41.973040,21.596376,543,R,3230.3,house,1,16.3,15.1,3.3,ms,,,house,gable,7.0
"stage 1 - building 4866 - 41.973084, 21.596589",4866,41.973084,21.596589,543,R,3231.2,house,1,16.3,12.8,3.3,ms,,,house,gable,7.0
"stage 1 - building 4867 - 41.973091, 21.596783",4867,41.973091,21.596783,543,R,3235.6,house,1,10.5,9.7,3.3,ms,,,house,gable,7.0
"stage 1 - building 4868 - 41.972669, 21.596297",4868,41.972669,21.596297,543,R,3267.4,house,1,20.4,11.3,3.3,ms,,,house,gable,7.0
"stage 1 - building 4869 - 41.972293, 21.596444",4869,41.972293,21.596444,543,R,3310.9,house,1,17.1,10.0,3.3,ms,,,house,gable,7.0
"stage 1 - building 4870 - 41.972381, 21.597126",4870,41.972381,21.597126,543,R,3319.4,house,1,11.7,10.7,3.3,ms,,,house,gable,7.0
"stage 1 - building 4871 - 41.972258, 21.596812",4871,41.972258,21.596812,543,R,3324.1,house,1,10.2,3.8,3.3,ms,,,garage,flat,3.2
"stage 1 - building 4872 - 41.972165, 21.596583",4872,41.972165,21.596583,543,R,3327.9,flat,1,6.2,3.2,2.7,ms,,,garage,flat,3.2
"stage 1 - building 4873 - 41.972251, 21.596940",4873,41.972251,21.596940,543,R,3328.1,house,1,8.7,5.3,3.3,ms,,,house,gable,7.0
"stage 1 - building 4874 - 41.972101, 21.596844",4874,41.972101,21.596844,543,R,3341.4,house,1,12.5,12.2,3.3,ms,,,house,gable,7.0
"stage 1 - building 4875 - 41.996308, 21.586331",4875,41.996308,21.586331,544,R,515.4,house,1,12.7,8.8,3.3,ms,,,house,gable,7.0
"stage 1 - building 4876 - 41.996068, 21.586382",4876,41.996068,21.586382,544,R,542.0,house,1,18.4,11.6,3.3,ms,,,house,gable,7.0
"stage 1 - building 4877 - 41.995667, 21.586602",4877,41.995667,21.586602,544,R,590.0,house,2,9.5,9.3,6.2,ms,,,house,gable,7.0
"stage 1 - building 4878 - 41.995537, 21.586666",4878,41.995537,21.586666,544,R,605.4,house,1,9.7,8.5,3.3,ms,,,house,gable,7.0
"stage 1 - building 4879 - 41.995074, 21.586863",4879,41.995074,21.586863,544,R,659.3,house,1,6.8,6.6,3.3,ms,,,house,gable,7.0
"stage 1 - building 4880 - 41.994764, 21.587097",4880,41.994764,21.587097,544,R,698.3,house,2,18.5,11.0,6.2,ms,,,row,flat,9.5
"stage 1 - building 4881 - 41.994532, 21.587101",4881,41.994532,21.587101,544,R,722.7,house,1,11.8,8.1,3.3,ms,,,house,gable,7.0
"stage 1 - building 4882 - 41.994308, 21.587211",4882,41.994308,21.587211,544,R,749.2,house,1,17.5,11.9,3.3,ms,,,house,gable,7.0
"stage 1 - building 4883 - 41.994201, 21.587240",4883,41.994201,21.587240,544,R,761.1,house,1,21.3,7.3,3.3,ms,,,house,gable,7.0
"stage 1 - building 4884 - 41.993641, 21.587611",4884,41.993641,21.587611,544,R,830.1,house,1,8.0,3.8,3.3,ms,,,garage,flat,3.2
"stage 1 - building 4885 - 41.992988, 21.587852",4885,41.992988,21.587852,544,R,905.0,house,1,8.7,8.6,3.3,ms,,,house,gable,7.0
"stage 1 - building 4886 - 41.992884, 21.587864",4886,41.992884,21.587864,544,R,916.3,flat,1,6.0,3.8,2.7,ms,,,garage,flat,3.2
"stage 1 - building 4887 - 41.992559, 21.588065",4887,41.992559,21.588065,544,R,955.9,house,2,11.9,9.5,6.2,ms,,,house,gable,7.0
"stage 1 - building 4888 - 41.992281, 21.588137",4888,41.992281,21.588137,544,R,987.0,flat,1,23.3,16.7,7.0,ms,,,house,gable,7.0
"stage 1 - building 4889 - 41.992207, 21.588302",4889,41.992207,21.588302,544,R,999.3,house,1,6.6,5.6,3.3,ms,,,garage,flat,3.2
"stage 1 - building 4890 - 41.989402, 21.589432",4890,41.989402,21.589432,544,R,1324.2,house,1,10.1,4.5,3.3,ms,,,garage,flat,3.2
"stage 1 - building 4891 - 41.989047, 21.589642",4891,41.989047,21.589642,544,R,1367.2,flat,1,5.2,4.0,2.7,ms,,,garage,flat,3.2
"stage 1 - building 4892 - 41.988987, 21.589673",4892,41.988987,21.589673,544,R,1374.3,house,1,7.2,5.4,3.3,ms,,,garage,flat,3.2
"stage 1 - building 4893 - 41.988947, 21.589882",4893,41.988947,21.589882,544,R,1384.3,house,2,14.5,6.0,6.2,ms,,,house,gable,7.0
"stage 1 - building 4894 - 41.988715, 21.589748",4894,41.988715,21.589748,544,R,1404.9,house,1,10.9,9.4,3.3,osm,670735191,house,house,gable,7.0
"stage 1 - building 4895 - 41.988734, 21.589966",4895,41.988734,21.589966,544,R,1408.9,house,1,9.2,8.6,3.3,ms,,,house,gable,7.0
"stage 1 - building 4896 - 41.988605, 21.589837",4896,41.988605,21.589837,544,R,1418.9,house,2,10.8,9.6,6.2,osm,670605285,house,house,gable,7.0
"stage 1 - building 4897 - 41.988448, 21.590043",4897,41.988448,21.590043,544,R,1441.0,house,1,12.2,9.0,3.3,osm,670605289,house,house,gable,7.0
"stage 1 - building 4898 - 41.988390, 21.590216",4898,41.988390,21.590216,544,R,1451.9,house,2,9.2,7.4,6.2,osm,670605287,house,house,gable,7.0
"stage 1 - building 4899 - 41.988258, 21.589923",4899,41.988258,21.589923,544,R,1457.7,house,2,10.8,8.2,6.2,osm,670786775,residential,house,gable,7.0
"stage 1 - building 4900 - 41.988202, 21.590167",4900,41.988202,21.590167,544,R,1470.2,house,1,8.1,4.3,3.3,ms,,,garage,flat,3.2
"stage 1 - building 4901 - 41.988151, 21.589984",4901,41.988151,21.589984,544,R,1470.5,house,2,12.1,11.0,6.2,ms,,,house,gable,7.0
"stage 1 - building 4902 - 41.988153, 21.590237",4902,41.988153,21.590237,544,R,1477.2,house,2,10.6,9.1,6.2,ms,,,row,flat,9.5
"stage 1 - building 4903 - 41.988046, 21.590063",4903,41.988046,21.590063,544,R,1483.7,house,1,11.6,9.9,3.3,ms,,,house,gable,7.0
"stage 1 - building 4904 - 41.988058, 21.590351",4904,41.988058,21.590351,544,R,1490.4,house,2,12.3,10.8,6.2,ms,,,house,gable,7.0
"stage 1 - building 4905 - 41.987929, 21.590153",4905,41.987929,21.590153,544,R,1498.4,house,1,9.3,8.9,3.3,ms,,,house,gable,7.0
"stage 1 - building 4906 - 41.987929, 21.590424",4906,41.987929,21.590424,544,R,1505.9,house,2,13.7,13.6,6.2,ms,,,house,gable,7.0
"stage 1 - building 4907 - 41.987565, 21.590287",4907,41.987565,21.590287,544,R,1540.2,house,1,15.0,9.5,3.3,ms,,,house,gable,7.0
"stage 1 - building 4908 - 41.987461, 21.590495",4908,41.987461,21.590495,544,R,1556.8,house,2,15.0,9.4,6.2,osm,670605292,house,house,gable,7.0
"stage 1 - building 4909 - 41.987377, 21.590357",4909,41.987377,21.590357,544,R,1561.8,house,1,9.1,4.5,3.3,ms,,,garage,flat,3.2
"stage 1 - building 4910 - 41.987288, 21.590618",4910,41.987288,21.590618,544,R,1578.3,house,1,12.4,9.2,3.3,osm,670605293,residential,house,gable,7.0
"stage 1 - building 4911 - 41.987234, 21.590458",4911,41.987234,21.590458,544,R,1579.6,flat,1,7.4,3.4,2.7,ms,,,garage,flat,3.2
"stage 1 - building 4912 - 41.987199, 21.590793",4912,41.987199,21.590793,544,R,1592.6,flat,1,27.2,13.9,7.0,ms,,,house,gable,7.0
"stage 1 - building 4913 - 41.987082, 21.590450",4913,41.987082,21.590450,544,R,1595.4,house,2,12.2,11.0,6.2,ms,,,house,gable,7.0
"stage 1 - building 4914 - 41.986939, 21.590921",4914,41.986939,21.590921,544,R,1623.3,house,1,10.1,9.7,3.3,ms,,,house,gable,7.0
"stage 1 - building 4915 - 41.986880, 21.590774",4915,41.986880,21.590774,544,R,1625.4,house,2,10.6,9.4,6.2,ms,,,house,gable,7.0
"stage 1 - building 4916 - 41.986839, 21.590640",4916,41.986839,21.590640,544,R,1626.0,house,1,11.1,9.6,3.3,ms,,,house,gable,7.0
"stage 1 - building 4917 - 41.986577, 21.590719",4917,41.986577,21.590719,544,R,1655.7,house,1,10.3,8.6,3.3,ms,,,house,gable,7.0
"stage 1 - building 4918 - 41.986500, 21.591022",4918,41.986500,21.591022,544,R,1672.0,house,1,12.0,8.8,3.3,ms,,,house,gable,7.0
"stage 1 - building 4919 - 41.986394, 21.590796",4919,41.986394,21.590796,544,R,1677.0,house,1,10.9,10.3,3.3,ms,,,house,gable,7.0
"stage 1 - building 4920 - 41.986378, 21.590929",4920,41.986378,21.590929,544,R,1682.3,house,1,9.6,9.4,3.3,ms,,,house,gable,7.0
"stage 1 - building 4921 - 41.986003, 21.591034",4921,41.986003,21.591034,544,R,1724.4,house,2,9.7,9.4,6.2,ms,,,house,gable,7.0
"stage 1 - building 4922 - 41.986039, 21.591181",4922,41.986039,21.591181,544,R,1724.7,house,2,11.9,10.3,6.2,ms,,,house,gable,7.0
"stage 1 - building 4923 - 41.986022, 21.591391",4923,41.986022,21.591391,544,R,1732.4,house,2,14.2,10.3,6.2,ms,,,row,flat,9.5
"stage 1 - building 4924 - 41.985815, 21.591161",4924,41.985815,21.591161,544,R,1747.6,house,2,10.2,8.8,6.2,ms,,,house,gable,7.0
"stage 1 - building 4925 - 41.985610, 21.591216",4925,41.985610,21.591216,544,R,1770.7,house,2,10.1,9.6,6.2,ms,,,house,gable,7.0
"stage 1 - building 4926 - 41.985529, 21.591360",4926,41.985529,21.591360,544,R,1783.1,house,1,17.4,11.0,3.3,ms,,,house,gable,7.0
"stage 1 - building 4927 - 41.985545, 21.591517",4927,41.985545,21.591517,544,R,1785.7,house,1,10.7,4.8,3.3,ms,,,house,gable,7.0
"stage 1 - building 4928 - 41.985319, 21.591489",4928,41.985319,21.591489,544,R,1808.6,house,2,19.4,14.4,6.2,ms,,,house,gable,7.0
"stage 1 - building 4929 - 41.985199, 21.591652",4929,41.985199,21.591652,544,R,1825.7,house,1,9.5,4.5,3.3,ms,,,garage,flat,3.2
"stage 1 - building 4930 - 41.985220, 21.591738",4930,41.985220,21.591738,544,R,1825.9,house,1,8.0,7.7,3.3,ms,,,house,gable,7.0
"stage 1 - building 4931 - 41.985119, 21.591533",4931,41.985119,21.591533,544,R,1830.7,flat,1,6.2,4.4,2.7,ms,,,garage,flat,3.2
"stage 1 - building 4932 - 41.985100, 21.591473",4932,41.985100,21.591473,544,R,1831.1,flat,1,5.7,3.1,2.7,ms,,,garage,flat,3.2
"stage 1 - building 4933 - 41.984730, 21.591670",4933,41.984730,21.591670,544,R,1875.3,house,2,12.6,8.5,6.2,ms,,,house,gable,7.0
"stage 1 - building 4934 - 41.984600, 21.591874",4934,41.984600,21.591874,544,R,1894.5,house,1,10.3,9.7,3.3,ms,,,house,gable,7.0
"stage 1 - building 4935 - 41.984515, 21.591873",4935,41.984515,21.591873,544,R,1903.4,flat,1,5.9,4.7,2.7,ms,,,garage,flat,3.2
"stage 1 - building 4936 - 41.984403, 21.592006",4936,41.984403,21.592006,544,R,1918.8,house,2,12.5,10.7,6.2,ms,,,house,gable,7.0
"stage 1 - building 4937 - 41.984151, 21.591885",4937,41.984151,21.591885,544,R,1941.9,house,1,11.6,9.7,3.3,ms,,,house,gable,7.0
"stage 1 - building 4938 - 41.984214, 21.592153",4938,41.984214,21.592153,544,R,1942.6,house,1,17.3,16.6,3.3,ms,,,house,gable,7.0
"stage 1 - building 4939 - 41.984021, 21.591982",4939,41.984021,21.591982,544,R,1958.2,house,2,14.0,9.6,6.2,ms,,,row,flat,9.5
"stage 1 - building 4940 - 41.983948, 21.591989",4940,41.983948,21.591989,544,R,1966.0,flat,1,5.2,4.6,2.7,ms,,,garage,flat,3.2
"stage 1 - building 4941 - 41.983703, 21.592105",4941,41.983703,21.592105,544,R,1994.9,house,1,12.9,12.4,3.3,ms,,,house,gable,7.0
"stage 1 - building 4942 - 41.983426, 21.592318",4942,41.983426,21.592318,544,R,2029.8,house,1,7.7,5.1,3.3,ms,,,garage,flat,3.2
"stage 1 - building 4943 - 41.983283, 21.592678",4943,41.983283,21.592678,544,R,2054.7,house,1,12.3,11.8,3.3,ms,,,house,gable,7.0
"stage 1 - building 4944 - 41.983227, 21.592588",4944,41.983227,21.592588,544,R,2058.0,flat,1,6.5,4.2,2.7,ms,,,garage,flat,3.2
"stage 1 - building 4945 - 41.983160, 21.592395",4945,41.983160,21.592395,544,R,2059.7,house,2,15.1,14.1,6.2,ms,,,house,gable,7.0
"stage 1 - building 4946 - 41.983039, 21.592707",4946,41.983039,21.592707,544,R,2081.0,house,2,11.3,10.7,6.2,ms,,,house,gable,7.0
"stage 1 - building 4947 - 41.982868, 21.592403",4947,41.982868,21.592403,544,R,2090.7,house,1,6.8,5.1,3.3,ms,,,garage,flat,3.2
"stage 1 - building 4948 - 41.982823, 21.592603",4948,41.982823,21.592603,544,R,2100.8,house,1,16.5,12.9,3.3,ms,,,house,gable,7.0
"stage 1 - building 4949 - 41.982669, 21.593005",4949,41.982669,21.593005,544,R,2128.0,flat,1,30.5,14.4,7.0,ms,,,house,gable,7.0
"stage 1 - building 4950 - 41.982565, 21.592763",4950,41.982565,21.592763,544,R,2132.2,flat,1,3.8,3.7,2.7,ms,,,garage,flat,3.2
"stage 1 - building 4951 - 41.982545, 21.592718",4951,41.982545,21.592718,544,R,2133.1,flat,1,4.3,3.4,2.7,ms,,,garage,flat,3.2
"stage 1 - building 4952 - 41.982488, 21.592809",4952,41.982488,21.592809,544,R,2141.5,house,1,8.3,4.1,3.3,ms,,,garage,flat,3.2
"stage 1 - building 4953 - 41.982538, 21.593030",4953,41.982538,21.593030,544,R,2142.4,house,2,11.2,9.9,6.2,ms,,,row,flat,9.5
"stage 1 - building 4954 - 41.982415, 21.593070",4954,41.982415,21.593070,544,R,2156.4,flat,1,4.1,3.3,2.7,ms,,,garage,flat,3.2
"stage 1 - building 4955 - 41.982367, 21.592904",4955,41.982367,21.592904,544,R,2156.8,house,2,14.3,7.3,6.2,ms,,,house,gable,7.0
"stage 1 - building 4956 - 41.982339, 21.592800",4956,41.982339,21.592800,544,R,2156.9,house,1,6.5,5.2,3.3,ms,,,garage,flat,3.2
"stage 1 - building 4957 - 41.982241, 21.593223",4957,41.982241,21.593223,544,R,2178.9,house,1,6.7,5.9,3.3,ms,,,garage,flat,3.2
"stage 1 - building 4958 - 41.982119, 21.592857",4958,41.982119,21.592857,544,R,2181.5,house,1,6.8,5.0,3.3,ms,,,garage,flat,3.2
"stage 1 - building 4959 - 41.982180, 21.593110",4959,41.982180,21.593110,544,R,2182.1,house,2,16.2,11.3,6.2,ms,,,house,gable,7.0
"stage 1 - building 4960 - 41.981993, 21.592921",4960,41.981993,21.592921,544,R,2196.5,house,1,8.6,5.7,3.3,ms,,,house,gable,7.0
"stage 1 - building 4961 - 41.981991, 21.593065",4961,41.981991,21.593065,544,R,2200.6,flat,1,5.4,5.2,2.7,ms,,,garage,flat,3.2
"stage 1 - building 4962 - 41.981805, 21.592953",4962,41.981805,21.592953,544,R,2217.1,house,1,10.1,9.5,3.3,ms,,,house,gable,7.0
"stage 1 - building 4963 - 41.981717, 21.593287",4963,41.981717,21.593287,544,R,2235.4,house,1,12.7,10.6,3.3,ms,,,house,gable,7.0
"stage 1 - building 4964 - 41.981529, 21.593054",4964,41.981529,21.593054,544,R,2248.7,flat,1,32.4,24.3,7.0,ms,,,commercial,flat,7.0
"stage 1 - building 4965 - 41.981464, 21.593559",4965,41.981464,21.593559,544,R,2269.5,house,1,10.4,9.7,3.3,ms,,,house,gable,7.0
"stage 1 - building 4966 - 41.981225, 21.593466",4966,41.981225,21.593466,544,R,2291.9,house,1,14.2,13.2,3.3,ms,,,house,gable,7.0
"stage 1 - building 4967 - 41.981164, 21.593301",4967,41.981164,21.593301,544,R,2293.8,house,2,14.0,12.0,6.2,ms,,,row,flat,9.5
"stage 1 - building 4968 - 41.981065, 21.593497",4968,41.981065,21.593497,544,R,2309.5,flat,1,36.7,20.7,7.0,ms,,,commercial,flat,7.0
"stage 1 - building 4969 - 41.980887, 21.593388",4969,41.980887,21.593388,544,R,2325.2,house,2,14.9,8.9,6.2,ms,,,house,gable,7.0
"stage 1 - building 4970 - 41.980983, 21.593743",4970,41.980983,21.593743,544,R,2325.0,house,2,12.3,11.2,6.2,ms,,,house,gable,7.0
"stage 1 - building 4971 - 41.980858, 21.593699",4971,41.980858,21.593699,544,R,2336.8,house,1,8.1,4.9,3.3,ms,,,garage,flat,3.2
"stage 1 - building 4972 - 41.980760, 21.593468",4972,41.980760,21.593468,544,R,2340.7,house,1,18.9,12.1,3.3,ms,,,house,gable,7.0
"stage 1 - building 4973 - 41.980804, 21.593813",4973,41.980804,21.593813,544,R,2345.6,house,2,12.6,11.5,6.2,ms,,,house,gable,7.0
"stage 1 - building 4974 - 41.980703, 21.593861",4974,41.980703,21.593861,544,R,2357.5,house,1,11.2,6.4,3.3,ms,,,house,gable,7.0
"stage 1 - building 4975 - 41.980607, 21.593528",4975,41.980607,21.593528,544,R,2358.4,flat,1,6.7,2.4,2.7,ms,,,garage,flat,3.2
"stage 1 - building 4976 - 41.980527, 21.593570",4976,41.980527,21.593570,544,R,2367.9,house,1,11.1,9.3,3.3,ms,,,house,gable,7.0
"stage 1 - building 4977 - 41.980613, 21.593939",4977,41.980613,21.593939,544,R,2369.2,flat,1,5.5,4.8,2.7,ms,,,garage,flat,3.2
"stage 1 - building 4978 - 41.980436, 21.593617",4978,41.980436,21.593617,544,R,2378.7,house,2,12.0,8.4,6.2,ms,,,row,flat,9.5
"stage 1 - building 4979 - 41.980516, 21.593989",4979,41.980516,21.593989,544,R,2380.7,house,2,13.4,10.3,6.2,ms,,,house,gable,7.0
"stage 1 - building 4980 - 41.980355, 21.593677",4980,41.980355,21.593677,544,R,2388.9,house,2,11.0,9.2,6.2,ms,,,row,flat,9.5
"stage 1 - building 4981 - 41.980252, 21.593736",4981,41.980252,21.593736,544,R,2401.3,house,2,11.9,10.3,6.2,ms,,,house,gable,7.0
"stage 1 - building 4982 - 41.980335, 21.594076",4982,41.980335,21.594076,544,R,2402.1,house,1,21.2,11.2,3.3,ms,,,house,gable,7.0
"stage 1 - building 4983 - 41.980175, 21.593973",4983,41.980175,21.593973,544,R,2415.9,house,1,8.5,4.2,3.3,ms,,,garage,flat,3.2
"stage 1 - building 4984 - 41.980125, 21.594251",4984,41.980125,21.594251,544,R,2428.8,house,2,14.9,9.7,6.2,ms,,,house,gable,7.0
"stage 1 - building 4985 - 41.980024, 21.593950",4985,41.980024,21.593950,544,R,2431.1,house,2,12.2,10.6,6.2,ms,,,row,flat,9.5
"stage 1 - building 4986 - 41.979969, 21.593758",4986,41.979969,21.593758,544,R,2431.6,house,1,10.7,9.0,3.3,ms,,,row,flat,9.5
"stage 1 - building 4987 - 41.979965, 21.593878",4987,41.979965,21.593878,544,R,2435.3,house,2,13.0,5.0,6.2,ms,,,row,flat,9.5
"stage 1 - building 4988 - 41.979920, 21.593806",4988,41.979920,21.593806,544,R,2438.0,flat,1,6.1,3.1,2.7,ms,,,garage,flat,3.2
"stage 1 - building 4989 - 41.980009, 21.594264",4989,41.980009,21.594264,544,R,2441.4,house,1,6.9,4.8,3.3,ms,,,garage,flat,3.2
"stage 1 - building 4990 - 41.979975, 21.594185",4990,41.979975,21.594185,544,R,2442.7,flat,1,3.7,3.7,2.7,ms,,,garage,flat,3.2
"stage 1 - building 4991 - 41.979826, 21.594274",4991,41.979826,21.594274,544,R,2460.7,house,1,16.8,13.4,3.3,ms,,,house,gable,7.0
"stage 1 - building 4992 - 41.979633, 21.594096",4992,41.979633,21.594096,544,R,2476.0,house,1,10.2,9.7,3.3,ms,,,house,gable,7.0
"stage 1 - building 4993 - 41.979702, 21.594404",4993,41.979702,21.594404,544,R,2477.4,flat,1,5.1,3.4,2.7,ms,,,garage,flat,3.2
"stage 1 - building 4994 - 41.979533, 21.593951",4994,41.979533,21.593951,544,R,2482.6,flat,1,6.5,3.2,2.7,ms,,,garage,flat,3.2
"stage 1 - building 4995 - 41.979592, 21.594258",4995,41.979592,21.594258,544,R,2484.8,house,2,12.5,8.9,6.2,ms,,,house,gable,7.0
"stage 1 - building 4996 - 41.979630, 21.594493",4996,41.979630,21.594493,544,R,2487.4,house,2,9.3,7.9,6.2,ms,,,house,gable,7.0
"stage 1 - building 4997 - 41.979521, 21.594177",4997,41.979521,21.594177,544,R,2489.9,flat,1,6.5,4.3,2.7,ms,,,garage,flat,3.2
"stage 1 - building 4998 - 41.979302, 21.594124",4998,41.979302,21.594124,544,R,2511.6,flat,1,6.7,4.1,2.7,ms,,,garage,flat,3.2
"stage 1 - building 4999 - 41.978941, 21.594420",4999,41.978941,21.594420,544,R,2557.4,flat,1,4.4,3.4,2.7,ms,,,garage,flat,3.2
"stage 1 - building 5000 - 41.974853, 21.596234",5000,41.974853,21.596234,544,R,3035.7,house,1,9.3,4.2,3.3,ms,,,garage,flat,3.2
"stage 1 - building 5001 - 41.973689, 21.596747",5001,41.973689,21.596747,544,R,3171.7,flat,1,7.4,3.3,2.7,ms,,,garage,flat,3.2
"stage 1 - building 5002 - 41.973538, 21.596768",5002,41.973538,21.596768,544,R,3188.2,house,1,12.2,9.0,3.3,ms,,,house,gable,7.0
"stage 1 - building 5003 - 41.973433, 21.597176",5003,41.973433,21.597176,544,R,3210.3,house,2,10.7,10.4,6.2,ms,,,house,gable,7.0
"stage 1 - building 5004 - 41.973094, 21.596955",5004,41.973094,21.596955,544,R,3239.8,house,1,15.6,14.2,3.3,ms,,,house,gable,7.0
"stage 1 - building 5005 - 41.973157, 21.597324",5005,41.973157,21.597324,544,R,3243.3,flat,1,25.6,23.8,7.0,ms,,,commercial,flat,7.0
"stage 1 - building 5006 - 41.973113, 21.597201",5006,41.973113,21.597201,544,R,3244.6,flat,1,6.3,2.2,2.7,ms,,,garage,flat,3.2
"stage 1 - building 5007 - 41.972825, 21.597105",5007,41.972825,21.597105,544,R,3272.2,house,2,13.1,11.5,6.2,ms,,,house,gable,7.0
"stage 1 - building 5008 - 41.972708, 21.597710",5008,41.972708,21.597710,544,R,3301.1,flat,1,5.8,4.2,2.7,ms,,,garage,flat,3.2
"stage 1 - building 5009 - 41.972572, 21.597638",5009,41.972572,21.597638,544,R,3313.3,house,2,11.9,11.6,6.2,ms,,,house,gable,7.0
"stage 1 - building 5010 - 41.972568, 21.597888",5010,41.972568,21.597888,544,R,3320.7,house,1,11.7,11.3,3.3,ms,,,house,gable,7.0
"stage 1 - building 5011 - 41.972460, 21.597853",5011,41.972460,21.597853,544,R,3331.0,house,1,8.3,7.2,3.3,ms,,,house,gable,7.0
"stage 1 - building 5012 - 41.972436, 21.597951",5012,41.972436,21.597951,544,R,3336.3,house,1,7.7,4.4,3.3,ms,,,garage,flat,3.2
"stage 1 - building 5013 - 41.972175, 21.597777",5013,41.972175,21.597777,544,R,3358.7,flat,1,5.6,4.7,2.7,ms,,,garage,flat,3.2
"stage 1 - building 5014 - 41.972141, 21.597891",5014,41.972141,21.597891,544,R,3365.4,house,1,13.8,10.9,3.3,ms,,,house,gable,7.0
"stage 1 - building 5015 - 41.996205, 21.586447",5015,41.996205,21.586447,545,R,529.5,house,1,7.3,5.7,3.3,ms,,,garage,flat,3.2
"stage 1 - building 5016 - 41.995784, 21.586718",5016,41.995784,21.586718,545,R,581.1,house,2,20.3,8.7,6.2,ms,,,house,gable,7.0
"stage 1 - building 5017 - 41.994659, 21.587181",5017,41.994659,21.587181,545,R,711.6,house,1,17.8,10.8,3.3,ms,,,row,flat,9.5
"stage 1 - building 5018 - 41.994596, 21.587414",5018,41.994596,21.587414,545,R,725.0,house,1,12.8,4.3,3.3,ms,,,house,gable,7.0
"stage 1 - building 5019 - 41.994521, 21.587253",5019,41.994521,21.587253,545,R,728.0,house,2,11.6,10.3,6.2,ms,,,house,gable,7.0
"stage 1 - building 5020 - 41.994443, 21.587461",5020,41.994443,21.587461,545,R,742.2,house,2,15.0,12.2,6.2,ms,,,house,gable,7.0
"stage 1 - building 5021 - 41.994301, 21.587467",5021,41.994301,21.587467,545,R,757.0,house,2,21.6,8.7,6.2,ms,,,house,gable,7.0
"stage 1 - building 5022 - 41.994137, 21.587623",5022,41.994137,21.587623,545,R,778.8,house,2,12.2,7.2,6.2,ms,,,house,gable,7.0
"stage 1 - building 5023 - 41.994073, 21.587461",5023,41.994073,21.587461,545,R,780.7,flat,1,6.6,3.8,2.7,ms,,,garage,flat,3.2
"stage 1 - building 5024 - 41.993998, 21.587707",5024,41.993998,21.587707,545,R,795.6,house,1,5.8,5.8,3.3,ms,,,garage,flat,3.2
"stage 1 - building 5025 - 41.993444, 21.587897",5025,41.993444,21.587897,545,R,858.8,house,1,8.9,8.4,3.3,ms,,,house,gable,7.0
"stage 1 - building 5026 - 41.993055, 21.588053",5026,41.993055,21.588053,545,R,903.8,house,1,10.7,9.4,3.3,ms,,,house,gable,7.0
"stage 1 - building 5027 - 41.992714, 21.588305",5027,41.992714,21.588305,545,R,946.5,house,2,20.9,10.9,6.2,ms,,,house,gable,7.0
"stage 1 - building 5028 - 41.992481, 21.588389",5028,41.992481,21.588389,545,R,973.2,flat,1,6.5,4.3,2.7,ms,,,garage,flat,3.2
"stage 1 - building 5029 - 41.992451, 21.588286",5029,41.992451,21.588286,545,R,973.4,house,2,17.2,11.3,6.2,ms,,,row,flat,9.5
"stage 1 - building 5030 - 41.992395, 21.588426",5030,41.992395,21.588426,545,R,983.2,house,2,12.9,9.8,6.2,ms,,,row,flat,9.5
"stage 1 - building 5031 - 41.992143, 21.588606",5031,41.992143,21.588606,545,R,1014.7,house,2,19.3,10.5,6.2,ms,,,house,gable,7.0
"stage 1 - building 5032 - 41.990717, 21.589129",5032,41.990717,21.589129,545,R,1178.2,house,1,11.5,4.7,3.3,ms,,,house,gable,7.0
"stage 1 - building 5033 - 41.990727, 21.589399",5033,41.990727,21.589399,545,R,1185.1,house,1,11.4,10.2,3.3,osm,435873011,house,house,gable,7.0
"stage 1 - building 5034 - 41.990405, 21.589373",5034,41.990405,21.589373,545,R,1217.8,house,1,9.3,4.9,3.3,ms,,,house,gable,7.0
"stage 1 - building 5035 - 41.989237, 21.590153",5035,41.989237,21.590153,545,R,1361.9,house,1,9.7,5.2,3.3,ms,,,house,gable,7.0
"stage 1 - building 5036 - 41.989143, 21.590255",5036,41.989143,21.590255,545,R,1374.8,house,1,7.9,5.1,3.3,ms,,,garage,flat,3.2
"stage 1 - building 5037 - 41.989097, 21.590157",5037,41.989097,21.590157,545,R,1376.6,house,1,9.8,4.8,3.3,ms,,,house,gable,7.0
"stage 1 - building 5038 - 41.988668, 21.590289",5038,41.988668,21.590289,545,R,1425.0,house,2,12.6,12.3,6.2,ms,,,house,gable,7.0
"stage 1 - building 5039 - 41.988543, 21.590411",5039,41.988543,21.590411,545,R,1441.6,house,2,10.2,9.0,6.2,ms,,,house,gable,7.0
"stage 1 - building 5040 - 41.988340, 21.590514",5040,41.988340,21.590514,545,R,1465.7,house,2,9.0,7.8,6.2,osm,670605290,house,house,gable,7.0
"stage 1 - building 5041 - 41.988167, 21.590393",5041,41.988167,21.590393,545,R,1480.2,house,1,5.9,5.5,3.3,ms,,,garage,flat,3.2
"stage 1 - building 5042 - 41.988146, 21.590678",5042,41.988146,21.590678,545,R,1490.7,house,2,10.2,8.6,6.2,osm,670735193,house,house,gable,7.0
"stage 1 - building 5043 - 41.988023, 21.590490",5043,41.988023,21.590490,545,R,1498.0,house,1,7.5,6.2,3.3,ms,,,house,gable,7.0
"stage 1 - building 5044 - 41.988057, 21.590781",5044,41.988057,21.590781,545,R,1503.0,flat,1,23.8,21.1,7.0,ms,,,house,gable,7.0
"stage 1 - building 5045 - 41.987847, 21.590545",5045,41.987847,21.590545,545,R,1517.9,house,1,17.9,11.0,3.3,ms,,,house,gable,7.0
"stage 1 - building 5046 - 41.987836, 21.590851",5046,41.987836,21.590851,545,R,1528.0,house,1,11.3,9.4,3.3,osm,670735194,house,house,gable,7.0
"stage 1 - building 5047 - 41.987730, 21.590661",5047,41.987730,21.590661,545,R,1533.4,house,1,15.1,13.3,3.3,ms,,,house,gable,7.0
"stage 1 - building 5048 - 41.987749, 21.590925",5048,41.987749,21.590925,545,R,1539.1,house,2,10.7,6.9,6.2,osm,670735192,house,house,gable,7.0
"stage 1 - building 5049 - 41.987607, 21.590776",5049,41.987607,21.590776,545,R,1549.6,house,1,11.9,9.6,3.3,osm,670742944,house,house,gable,7.0
"stage 1 - building 5050 - 41.987649, 21.591020",5050,41.987649,21.591020,545,R,1552.4,house,2,13.0,11.6,6.2,ms,,,house,gable,7.0
"stage 1 - building 5051 - 41.987529, 21.591103",5051,41.987529,21.591103,545,R,1567.3,house,2,11.2,11.2,6.2,ms,,,house,gable,7.0
"stage 1 - building 5052 - 41.987363, 21.590776",5052,41.987363,21.590776,545,R,1575.0,house,2,12.2,8.8,6.2,ms,,,house,gable,7.0
"stage 1 - building 5053 - 41.987295, 21.591070",5053,41.987295,21.591070,545,R,1590.5,house,2,11.5,11.1,6.2,ms,,,house,gable,7.0
"stage 1 - building 5054 - 41.986979, 21.591079",5054,41.986979,21.591079,545,R,1623.7,house,2,12.8,9.8,6.2,ms,,,house,gable,7.0
"stage 1 - building 5055 - 41.987000, 21.591227",5055,41.987000,21.591227,545,R,1625.9,house,2,19.6,11.6,6.2,ms,,,house,gable,7.0
"stage 1 - building 5056 - 41.986756, 21.591411",5056,41.986756,21.591411,545,R,1656.6,flat,1,7.1,3.6,2.7,ms,,,garage,flat,3.2
"stage 1 - building 5057 - 41.986662, 21.591141",5057,41.986662,21.591141,545,R,1658.5,flat,1,6.8,3.5,2.7,ms,,,garage,flat,3.2
"stage 1 - building 5058 - 41.986692, 21.591496",5058,41.986692,21.591496,545,R,1665.8,house,2,17.6,8.7,6.2,ms,,,house,gable,7.0
"stage 1 - building 5059 - 41.986542, 21.591200",5059,41.986542,21.591200,545,R,1672.6,house,1,14.3,11.8,3.3,ms,,,house,gable,7.0
"stage 1 - building 5060 - 41.986407, 21.591508",5060,41.986407,21.591508,545,R,1695.6,house,1,13.0,10.1,3.3,ms,,,house,gable,7.0
"stage 1 - building 5061 - 41.986254, 21.591712",5061,41.986254,21.591712,545,R,1717.6,house,2,9.1,8.0,6.2,ms,,,house,gable,7.0
"stage 1 - building 5062 - 41.986175, 21.591555",5062,41.986175,21.591555,545,R,1721.1,house,2,16.2,10.4,6.2,ms,,,house,gable,7.0
"stage 1 - building 5063 - 41.986158, 21.591820",5063,41.986158,21.591820,545,R,1730.8,house,1,8.2,4.6,3.3,ms,,,garage,flat,3.2
"stage 1 - building 5064 - 41.986001, 21.591591",5064,41.986001,21.591591,545,R,1740.3,house,1,6.7,6.2,3.3,ms,,,garage,flat,3.2
"stage 1 - building 5065 - 41.985927, 21.591494",5065,41.985927,21.591494,545,R,1745.1,house,2,13.8,11.9,6.2,ms,,,house,gable,7.0
"stage 1 - building 5066 - 41.985938, 21.591646",5066,41.985938,21.591646,545,R,1748.4,house,1,7.2,6.4,3.3,ms,,,house,gable,7.0
"stage 1 - building 5067 - 41.985867, 21.591888",5067,41.985867,21.591888,545,R,1763.0,house,2,10.8,10.7,6.2,ms,,,house,gable,7.0
"stage 1 - building 5068 - 41.985786, 21.591927",5068,41.985786,21.591927,545,R,1772.4,house,1,5.5,5.5,3.3,ms,,,garage,flat,3.2
"stage 1 - building 5069 - 41.985768, 21.591874",5069,41.985768,21.591874,545,R,1772.8,flat,1,4.3,3.1,2.7,ms,,,garage,flat,3.2
"stage 1 - building 5070 - 41.985704, 21.591769",5070,41.985704,21.591769,545,R,1776.3,house,1,11.4,10.0,3.3,ms,,,house,gable,7.0
"stage 1 - building 5071 - 41.985626, 21.591608",5071,41.985626,21.591608,545,R,1779.8,house,1,14.8,10.6,3.3,ms,,,house,gable,7.0
"stage 1 - building 5072 - 41.985481, 21.591738",5072,41.985481,21.591738,545,R,1798.6,flat,1,5.6,3.7,2.7,ms,,,garage,flat,3.2
"stage 1 - building 5073 - 41.985507, 21.591940",5073,41.985507,21.591940,545,R,1801.8,house,2,13.2,10.9,6.2,ms,,,house,gable,7.0
"stage 1 - building 5074 - 41.985351, 21.591773",5074,41.985351,21.591773,545,R,1813.3,house,1,7.0,4.4,3.3,ms,,,garage,flat,3.2
"stage 1 - building 5075 - 41.985266, 21.591815",5075,41.985266,21.591815,545,R,1823.3,house,2,11.4,10.7,6.2,ms,,,house,gable,7.0
"stage 1 - building 5076 - 41.984680, 21.592058",5076,41.984680,21.592058,545,R,1891.3,flat,1,4.3,3.8,2.7,ms,,,garage,flat,3.2
"stage 1 - building 5077 - 41.984769, 21.592401",5077,41.984769,21.592401,545,R,1892.0,flat,1,22.3,15.9,7.0,ms,,,house,gable,7.0
"stage 1 - building 5078 - 41.984427, 21.592667",5078,41.984427,21.592667,545,R,1935.4,house,1,12.9,11.1,3.3,ms,,,house,gable,7.0
"stage 1 - building 5079 - 41.984338, 21.592402",5079,41.984338,21.592402,545,R,1936.9,house,1,12.5,11.4,3.3,ms,,,house,gable,7.0
"stage 1 - building 5080 - 41.984300, 21.592510",5080,41.984300,21.592510,545,R,1943.9,flat,1,4.6,3.6,2.7,ms,,,garage,flat,3.2
"stage 1 - building 5081 - 41.984286, 21.592667",5081,41.984286,21.592667,545,R,1950.0,house,2,12.4,5.8,6.2,ms,,,house,gable,7.0
"stage 1 - building 5082 - 41.984048, 21.592573",5082,41.984048,21.592573,545,R,1972.0,flat,1,5.8,5.1,2.7,ms,,,garage,flat,3.2
"stage 1 - building 5083 - 41.983968, 21.592673",5083,41.983968,21.592673,545,R,1983.2,house,1,11.5,11.0,3.3,ms,,,house,gable,7.0
"stage 1 - building 5084 - 41.983908, 21.592578",5084,41.983908,21.592578,545,R,1986.7,flat,1,8.1,3.5,2.7,ms,,,garage,flat,3.2
"stage 1 - building 5085 - 41.983855, 21.592458",5085,41.983855,21.592458,545,R,1988.8,house,2,18.6,14.5,6.2,ms,,,house,gable,7.0
"stage 1 - building 5086 - 41.983728, 21.592848",5086,41.983728,21.592848,545,R,2013.2,house,1,12.3,6.7,3.3,ms,,,house,gable,7.0
"stage 1 - building 5087 - 41.983579, 21.592593",5087,41.983579,21.592593,545,R,2021.4,house,1,12.2,4.3,3.3,ms,,,house,gable,7.0
"stage 1 - building 5088 - 41.983528, 21.593017",5088,41.983528,21.593017,545,R,2039.0,house,2,11.1,9.5,6.2,ms,,,house,gable,7.0
"stage 1 - building 5089 - 41.983426, 21.593061",5089,41.983426,21.593061,545,R,2050.9,house,2,21.7,11.4,6.2,ms,,,row,flat,9.5
"stage 1 - building 5090 - 41.983331, 21.592928",5090,41.983331,21.592928,545,R,2056.8,house,1,11.8,5.0,3.3,ms,,,house,gable,7.0
"stage 1 - building 5091 - 41.983124, 21.592812",5091,41.983124,21.592812,545,R,2075.1,house,1,8.4,7.5,3.3,ms,,,house,gable,7.0
"stage 1 - building 5092 - 41.983028, 21.593040",5092,41.983028,21.593040,545,R,2091.6,house,1,13.3,11.0,3.3,ms,,,house,gable,7.0
"stage 1 - building 5093 - 41.983114, 21.593382",5093,41.983114,21.593382,545,R,2092.8,flat,1,7.1,3.9,2.7,ms,,,garage,flat,3.2
"stage 1 - building 5094 - 41.982966, 21.592897",5094,41.982966,21.592897,545,R,2094.0,house,2,13.0,12.3,6.2,ms,,,house,gable,7.0
"stage 1 - building 5095 - 41.982846, 21.593208",5095,41.982846,21.593208,545,R,2115.5,house,2,14.4,10.1,6.2,ms,,,house,gable,7.0
"stage 1 - building 5096 - 41.982669, 21.593262",5096,41.982669,21.593262,545,R,2135.5,flat,1,32.2,9.8,7.0,ms,,,house,gable,7.0
"stage 1 - building 5097 - 41.982385, 21.593589",5097,41.982385,21.593589,545,R,2174.4,flat,1,5.1,4.6,2.7,ms,,,garage,flat,3.2
"stage 1 - building 5098 - 41.982397, 21.593634",5098,41.982397,21.593634,545,R,2174.6,house,1,6.1,5.3,3.3,ms,,,garage,flat,3.2
"stage 1 - building 5099 - 41.982285, 21.593532",5099,41.982285,21.593532,545,R,2183.2,house,1,10.6,10.4,3.3,ms,,,house,gable,7.0
"stage 1 - building 5100 - 41.982099, 21.593630",5100,41.982099,21.593630,545,R,2205.4,house,1,10.4,9.3,3.3,ms,,,house,gable,7.0
"stage 1 - building 5101 - 41.981957, 21.593601",5101,41.981957,21.593601,545,R,2219.4,house,1,7.4,7.4,3.3,ms,,,house,gable,7.0
"stage 1 - building 5102 - 41.981901, 21.593492",5102,41.981901,21.593492,545,R,2222.0,house,1,6.0,5.6,3.3,ms,,,garage,flat,3.2
"stage 1 - building 5103 - 41.981850, 21.593432",5103,41.981850,21.593432,545,R,2225.6,house,1,7.2,4.7,3.3,ms,,,garage,flat,3.2
"stage 1 - building 5104 - 41.981938, 21.593800",5104,41.981938,21.593800,545,R,2227.2,house,2,13.2,12.3,6.2,ms,,,house,gable,7.0
"stage 1 - building 5105 - 41.981869, 21.593634",5105,41.981869,21.593634,545,R,2229.4,house,2,11.7,10.9,6.2,ms,,,house,gable,7.0
"stage 1 - building 5106 - 41.981686, 21.594012",5106,41.981686,21.594012,545,R,2259.6,flat,1,5.2,2.4,2.7,ms,,,garage,flat,3.2
"stage 1 - building 5107 - 41.981577, 21.593779",5107,41.981577,21.593779,545,R,2264.0,house,2,12.7,10.0,6.2,ms,,,house,gable,7.0
"stage 1 - building 5108 - 41.981370, 21.593907",5108,41.981370,21.593907,545,R,2289.3,house,1,12.3,8.5,3.3,ms,,,house,gable,7.0
"stage 1 - building 5109 - 41.981254, 21.593965",5109,41.981254,21.593965,545,R,2303.0,house,2,12.0,11.1,6.2,ms,,,house,gable,7.0
"stage 1 - building 5110 - 41.981251, 21.594351",5110,41.981251,21.594351,545,R,2314.7,flat,1,5.3,4.1,2.7,ms,,,garage,flat,3.2
"stage 1 - building 5111 - 41.981097, 21.593928",5111,41.981097,21.593928,545,R,2318.3,house,1,8.1,5.9,3.3,ms,,,house,gable,7.0
"stage 1 - building 5112 - 41.981163, 21.594377",5112,41.981163,21.594377,545,R,2324.6,flat,1,4.5,3.0,2.7,ms,,,garage,flat,3.2
"stage 1 - building 5113 - 41.981064, 21.594083",5113,41.981064,21.594083,545,R,2326.2,house,2,10.6,10.2,6.2,ms,,,house,gable,7.0
"stage 1 - building 5114 - 41.980679, 21.594187",5114,41.980679,21.594187,545,R,2369.3,house,1,10.2,10.0,3.3,ms,,,house,gable,7.0
"stage 1 - building 5115 - 41.980717, 21.594327",5115,41.980717,21.594327,545,R,2369.5,house,2,9.6,6.7,6.2,ms,,,house,gable,7.0
"stage 1 - building 5116 - 41.980563, 21.594289",5116,41.980563,21.594289,545,R,2384.3,house,1,14.8,10.3,3.3,ms,,,house,gable,7.0
"stage 1 - building 5117 - 41.980429, 21.594314",5117,41.980429,21.594314,545,R,2399.0,house,1,16.3,9.0,3.3,ms,,,house,gable,7.0
"stage 1 - building 5118 - 41.980274, 21.594399",5118,41.980274,21.594399,545,R,2417.6,house,1,10.3,6.3,3.3,ms,,,house,gable,7.0
"stage 1 - building 5119 - 41.980175, 21.594395",5119,41.980175,21.594395,545,R,2427.8,house,1,9.1,8.7,3.3,ms,,,house,gable,7.0
"stage 1 - building 5120 - 41.980062, 21.594691",5120,41.980062,21.594691,545,R,2448.1,house,1,15.7,6.7,3.3,ms,,,house,gable,7.0
"stage 1 - building 5121 - 41.979819, 21.594690",5121,41.979819,21.594690,545,R,2473.4,house,1,14.1,11.0,3.3,ms,,,house,gable,7.0
"stage 1 - building 5122 - 41.979864, 21.594850",5122,41.979864,21.594850,545,R,2473.3,house,2,14.4,10.2,6.2,ms,,,house,gable,7.0
"stage 1 - building 5123 - 41.979832, 21.595007",5123,41.979832,21.595007,545,R,2481.3,house,2,10.3,6.0,6.2,ms,,,house,gable,7.0
"stage 1 - building 5124 - 41.979676, 21.594814",5124,41.979676,21.594814,545,R,2491.9,flat,1,6.0,4.4,2.7,ms,,,garage,flat,3.2
"stage 1 - building 5125 - 41.979727, 21.595030",5125,41.979727,21.595030,545,R,2492.9,house,1,20.6,7.7,3.3,ms,,,house,gable,7.0
"stage 1 - building 5126 - 41.977266, 21.596320",5126,41.977266,21.596320,545,R,2786.3,house,2,22.7,6.8,6.2,ms,,,house,gable,7.0
"stage 1 - building 5127 - 41.977101, 21.596057",5127,41.977101,21.596057,545,R,2795.8,flat,1,4.6,4.0,2.7,ms,,,garage,flat,3.2
"stage 1 - building 5128 - 41.976981, 21.596047",5128,41.976981,21.596047,545,R,2808.0,house,1,17.1,5.0,3.3,ms,,,house,gable,7.0
"stage 1 - building 5129 - 41.977045, 21.596560",5129,41.977045,21.596560,545,R,2816.5,flat,1,5.1,3.4,2.7,ms,,,garage,flat,3.2
"stage 1 - building 5130 - 41.976878, 21.596430",5130,41.976878,21.596430,545,R,2829.9,house,1,9.0,6.1,3.3,ms,,,house,gable,7.0
"stage 1 - building 5131 - 41.976663, 21.596712",5131,41.976663,21.596712,545,R,2860.6,flat,1,5.6,4.3,2.7,ms,,,garage,flat,3.2
"stage 1 - building 5132 - 41.976534, 21.596643",5132,41.976534,21.596643,545,R,2871.9,flat,1,6.6,4.2,2.7,ms,,,garage,flat,3.2
"stage 1 - building 5133 - 41.975748, 21.597055",5133,41.975748,21.597055,545,R,2965.7,flat,1,5.9,2.7,2.7,ms,,,garage,flat,3.2
"stage 1 - building 5134 - 41.974786, 21.597267",5134,41.974786,21.597267,545,R,3071.7,flat,1,5.2,4.6,2.7,ms,,,garage,flat,3.2
"stage 1 - building 5135 - 41.974769, 21.597378",5135,41.974769,21.597378,545,R,3076.7,house,1,9.4,8.5,3.3,ms,,,house,gable,7.0
"stage 1 - building 5136 - 41.974731, 21.597633",5136,41.974731,21.597633,545,R,3088.3,house,2,13.6,9.4,6.2,ms,,,house,gable,7.0
"stage 1 - building 5137 - 41.974523, 21.597318",5137,41.974523,21.597318,545,R,3100.6,house,1,10.8,7.4,3.3,ms,,,house,gable,7.0
"stage 1 - building 5138 - 41.974553, 21.597474",5138,41.974553,21.597474,545,R,3102.0,house,2,15.2,9.3,6.2,ms,,,house,gable,7.0
"stage 1 - building 5139 - 41.974195, 21.597860",5139,41.974195,21.597860,545,R,3150.6,house,1,11.2,6.9,3.3,ms,,,house,gable,7.0
"stage 1 - building 5140 - 41.974179, 21.597970",5140,41.974179,21.597970,545,R,3155.5,house,2,10.9,9.7,6.2,ms,,,house,gable,7.0
"stage 1 - building 5141 - 41.974071, 21.597816",5141,41.974071,21.597816,545,R,3162.2,flat,1,6.2,4.3,2.7,ms,,,garage,flat,3.2
"stage 1 - building 5142 - 41.974055, 21.597944",5142,41.974055,21.597944,545,R,3167.6,house,1,10.4,4.6,3.3,ms,,,house,gable,7.0
"stage 1 - building 5143 - 41.973710, 21.597503",5143,41.973710,21.597503,545,R,3190.6,house,2,15.5,12.1,6.2,ms,,,house,gable,7.0
"stage 1 - building 5144 - 41.973738, 21.598111",5144,41.973738,21.598111,545,R,3205.4,house,1,19.0,15.7,3.3,ms,,,house,gable,7.0
"stage 1 - building 5145 - 41.973559, 21.598134",5145,41.973559,21.598134,545,R,3224.7,house,2,19.1,13.5,6.2,ms,,,house,gable,7.0
"stage 1 - building 5146 - 41.973374, 21.597708",5146,41.973374,21.597708,545,R,3231.5,house,1,13.9,8.4,3.3,ms,,,house,gable,7.0
"stage 1 - building 5147 - 41.973399, 21.598179",5147,41.973399,21.598179,545,R,3242.6,house,2,13.4,13.3,6.2,ms,,,house,gable,7.0
"stage 1 - building 5148 - 41.973174, 21.597835",5148,41.973174,21.597835,545,R,3256.0,house,2,14.2,11.7,6.2,osm,671288857,house,house,gable,7.0
"stage 1 - building 5149 - 41.973287, 21.598249",5149,41.973287,21.598249,545,R,3256.3,flat,1,5.1,3.6,2.7,ms,,,garage,flat,3.2
"stage 1 - building 5150 - 41.973195, 21.598331",5150,41.973195,21.598331,545,R,3268.2,house,1,10.9,6.0,3.3,ms,,,house,gable,7.0
"stage 1 - building 5151 - 41.972944, 21.597802",5151,41.972944,21.597802,545,R,3279.0,house,1,9.1,3.3,3.3,ms,,,garage,flat,3.2
"stage 1 - building 5152 - 41.972977, 21.598270",5152,41.972977,21.598270,545,R,3289.1,house,2,11.9,11.8,6.2,osm,670811684,house,house,gable,7.0
"stage 1 - building 5153 - 41.972797, 21.597941",5153,41.972797,21.597941,545,R,3298.3,house,1,13.1,10.4,3.3,ms,,,house,gable,7.0
"stage 1 - building 5154 - 41.972446, 21.598087",5154,41.972446,21.598087,545,R,3339.1,flat,1,7.6,3.4,2.7,ms,,,garage,flat,3.2
"stage 1 - building 5155 - 41.972267, 21.598120",5155,41.972267,21.598120,545,R,3358.7,house,1,8.0,7.4,3.3,ms,,,house,gable,7.0
"stage 1 - building 5156 - 41.972334, 21.598508",5156,41.972334,21.598508,545,R,3362.9,house,2,11.8,10.7,6.2,ms,,,house,gable,7.0
"stage 1 - building 5157 - 41.995981, 21.586859",5157,41.995981,21.586859,546,R,565.1,house,1,8.9,8.0,3.3,ms,,,row,flat,9.5
"stage 1 - building 5158 - 41.995894, 21.586823",5158,41.995894,21.586823,546,R,572.8,house,2,11.0,10.5,6.2,ms,,,row,flat,9.5
"stage 1 - building 5159 - 41.995452, 21.587075",5159,41.995452,21.587075,546,R,626.3,house,2,16.9,14.7,6.2,ms,,,house,gable,7.0
"stage 1 - building 5160 - 41.994723, 21.587436",5160,41.994723,21.587436,546,R,712.5,flat,1,6.5,3.0,2.7,ms,,,garage,flat,3.2
"stage 1 - building 5161 - 41.994392, 21.587718",5161,41.994392,21.587718,546,R,755.3,house,1,18.5,7.4,3.3,ms,,,house,gable,7.0
"stage 1 - building 5162 - 41.994074, 21.587852",5162,41.994074,21.587852,546,R,792.2,house,2,20.4,6.4,6.2,ms,,,house,gable,7.0
"stage 1 - building 5163 - 41.993969, 21.587914",5163,41.993969,21.587914,546,R,804.9,house,2,11.6,5.4,6.2,ms,,,house,gable,7.0
"stage 1 - building 5164 - 41.993785, 21.587936",5164,41.993785,21.587936,546,R,824.6,house,2,21.5,6.1,6.2,ms,,,house,gable,7.0
"stage 1 - building 5165 - 41.993709, 21.588069",5165,41.993709,21.588069,546,R,836.6,house,2,18.0,7.4,6.2,ms,,,house,gable,7.0
"stage 1 - building 5166 - 41.993484, 21.588200",5166,41.993484,21.588200,546,R,863.8,flat,1,5.0,4.1,2.7,ms,,,garage,flat,3.2
"stage 1 - building 5167 - 41.993132, 21.588212",5167,41.993132,21.588212,546,R,900.5,house,2,11.0,6.2,6.2,ms,,,house,gable,7.0
"stage 1 - building 5168 - 41.993165, 21.588351",5168,41.993165,21.588351,546,R,901.3,house,2,13.0,6.8,6.2,ms,,,row,flat,9.5
"stage 1 - building 5169 - 41.993188, 21.588446",5169,41.993188,21.588446,546,R,902.0,house,2,12.7,7.6,6.2,ms,,,row,flat,9.5
"stage 1 - building 5170 - 41.993054, 21.588468",5170,41.993054,21.588468,546,R,916.5,flat,1,6.0,4.7,2.7,ms,,,garage,flat,3.2
"stage 1 - building 5171 - 41.992744, 21.588471",5171,41.992744,21.588471,546,R,948.5,house,1,9.2,8.0,3.3,ms,,,house,gable,7.0
"stage 1 - building 5172 - 41.992575, 21.588595",5172,41.992575,21.588595,546,R,969.6,house,1,9.9,8.1,3.3,ms,,,house,gable,7.0
"stage 1 - building 5173 - 41.992471, 21.588759",5173,41.992471,21.588759,546,R,985.5,flat,1,22.5,13.6,7.0,ms,,,house,gable,7.0
"stage 1 - building 5174 - 41.992226, 21.588883",5174,41.992226,21.588883,546,R,1014.5,house,2,15.0,10.7,6.2,ms,,,house,gable,7.0
"stage 1 - building 5175 - 41.991667, 21.589118",5175,41.991667,21.589118,546,R,1079.4,house,1,13.0,11.8,3.3,ms,,,house,gable,7.0
"stage 1 - building 5176 - 41.991401, 21.589221",5176,41.991401,21.589221,546,R,1110.1,house,2,14.5,12.1,6.2,ms,,,house,gable,7.0
"stage 1 - building 5177 - 41.990706, 21.589827",5177,41.990706,21.589827,546,R,1200.4,house,2,16.5,10.9,6.2,osm,435873020,house,house,gable,7.0
"stage 1 - building 5178 - 41.989752, 21.590201",5178,41.989752,21.590201,546,R,1310.2,house,1,14.4,8.8,3.3,ms,,,house,gable,7.0
"stage 1 - building 5179 - 41.989692, 21.590037",5179,41.989692,21.590037,546,R,1311.4,house,2,15.3,12.5,6.2,ms,,,house,gable,7.0
"stage 1 - building 5180 - 41.989381, 21.590300",5180,41.989381,21.590300,546,R,1351.5,house,1,7.5,6.7,3.3,ms,,,house,gable,7.0
"stage 1 - building 5181 - 41.989378, 21.590562",5181,41.989378,21.590562,546,R,1360.0,house,2,11.0,9.8,6.2,ms,,,house,gable,7.0
"stage 1 - building 5182 - 41.989270, 21.590290",5182,41.989270,21.590290,546,R,1362.7,house,1,11.5,11.3,3.3,ms,,,house,gable,7.0
"stage 1 - building 5183 - 41.989216, 21.590230",5183,41.989216,21.590230,546,R,1366.5,flat,1,6.1,2.3,2.7,ms,,,garage,flat,3.2
"stage 1 - building 5184 - 41.988533, 21.590614",5184,41.988533,21.590614,546,R,1448.6,flat,1,5.2,3.8,2.7,ms,,,garage,flat,3.2
"stage 1 - building 5185 - 41.988211, 21.591241",5185,41.988211,21.591241,546,R,1501.3,flat,1,5.7,3.9,2.7,ms,,,garage,flat,3.2
"stage 1 - building 5186 - 41.987944, 21.590938",5186,41.987944,21.590938,546,R,1519.4,flat,1,4.2,3.1,2.7,ms,,,garage,flat,3.2
"stage 1 - building 5187 - 41.987842, 21.591079",5187,41.987842,21.591079,546,R,1534.2,house,2,12.0,7.7,6.2,ms,,,house,gable,7.0
"stage 1 - building 5188 - 41.987649, 21.591507",5188,41.987649,21.591507,546,R,1567.4,house,1,11.9,4.0,3.3,ms,,,house,gable,7.0
"stage 1 - building 5189 - 41.987386, 21.591203",5189,41.987386,21.591203,546,R,1585.1,house,2,10.2,9.8,6.2,ms,,,house,gable,7.0
"stage 1 - building 5190 - 41.987083, 21.591388",5190,41.987083,21.591388,546,R,1622.0,house,2,10.5,9.7,6.2,ms,,,house,gable,7.0
"stage 1 - building 5191 - 41.986886, 21.591577",5191,41.986886,21.591577,546,R,1648.1,house,2,12.8,7.1,6.2,ms,,,row,flat,9.5
"stage 1 - building 5192 - 41.986850, 21.591475",5192,41.986850,21.591475,546,R,1648.7,house,1,11.3,9.5,3.3,ms,,,row,flat,9.5
"stage 1 - building 5193 - 41.986819, 21.591805",5193,41.986819,21.591805,546,R,1662.1,flat,1,5.7,5.0,2.7,ms,,,garage,flat,3.2
"stage 1 - building 5194 - 41.986741, 21.591910",5194,41.986741,21.591910,546,R,1673.4,flat,1,5.9,3.7,2.7,ms,,,garage,flat,3.2
"stage 1 - building 5195 - 41.986682, 21.591836",5195,41.986682,21.591836,546,R,1677.2,house,2,12.2,9.0,6.2,ms,,,house,gable,7.0
"stage 1 - building 5196 - 41.986698, 21.591950",5196,41.986698,21.591950,546,R,1679.0,house,1,7.2,5.6,3.3,ms,,,garage,flat,3.2
"stage 1 - building 5197 - 41.986597, 21.591895",5197,41.986597,21.591895,546,R,1687.8,flat,1,4.8,3.9,2.7,ms,,,garage,flat,3.2
"stage 1 - building 5198 - 41.986556, 21.591797",5198,41.986556,21.591797,546,R,1688.9,house,1,7.4,6.4,3.3,ms,,,house,gable,7.0
"stage 1 - building 5199 - 41.986538, 21.592141",5199,41.986538,21.592141,546,R,1701.5,flat,1,5.7,4.2,2.7,ms,,,garage,flat,3.2
"stage 1 - building 5200 - 41.986321, 21.591851",5200,41.986321,21.591851,546,R,1714.9,house,2,12.4,9.7,6.2,ms,,,house,gable,7.0
"stage 1 - building 5201 - 41.986366, 21.592018",5201,41.986366,21.592018,546,R,1715.4,house,2,16.4,13.8,6.2,ms,,,house,gable,7.0
"stage 1 - building 5202 - 41.986243, 21.592237",5202,41.986243,21.592237,546,R,1734.8,house,1,13.5,11.9,3.3,ms,,,house,gable,7.0
"stage 1 - building 5203 - 41.986154, 21.592022",5203,41.986154,21.592022,546,R,1737.3,house,1,17.2,8.2,3.3,ms,,,house,gable,7.0
"stage 1 - building 5204 - 41.985906, 21.591986",5204,41.985906,21.591986,546,R,1761.9,flat,1,6.3,3.2,2.7,ms,,,garage,flat,3.2
"stage 1 - building 5205 - 41.985928, 21.592059",5205,41.985928,21.592059,546,R,1761.8,house,1,6.8,6.7,3.3,ms,,,house,gable,7.0
"stage 1 - building 5206 - 41.986004, 21.592478",5206,41.986004,21.592478,546,R,1767.0,house,1,12.3,11.3,3.3,ms,,,house,gable,7.0
"stage 1 - building 5207 - 41.985926, 21.592288",5207,41.985926,21.592288,546,R,1769.0,house,2,12.6,11.1,6.2,ms,,,house,gable,7.0
"stage 1 - building 5208 - 41.985832, 21.592106",5208,41.985832,21.592106,546,R,1773.1,house,1,20.1,13.0,3.3,ms,,,house,gable,7.0
"stage 1 - building 5209 - 41.985707, 21.592356",5209,41.985707,21.592356,546,R,1793.7,house,1,11.8,9.8,3.3,ms,,,house,gable,7.0
"stage 1 - building 5210 - 41.985606, 21.592146",5210,41.985606,21.592146,546,R,1797.7,house,2,12.8,11.1,6.2,ms,,,house,gable,7.0
"stage 1 - building 5211 - 41.985691, 21.592514",5211,41.985691,21.592514,546,R,1800.3,house,2,14.4,8.9,6.2,ms,,,row,flat,9.5
"stage 1 - building 5212 - 41.985652, 21.592461",5212,41.985652,21.592461,546,R,1802.6,flat,1,7.1,2.4,2.7,ms,,,garage,flat,3.2
"stage 1 - building 5213 - 41.985662, 21.592678",5213,41.985662,21.592678,546,R,1808.4,house,1,11.6,2.7,3.3,ms,,,garage,flat,3.2
"stage 1 - building 5214 - 41.985532, 21.592626",5214,41.985532,21.592626,546,R,1820.1,flat,1,5.4,3.4,2.7,ms,,,garage,flat,3.2
"stage 1 - building 5215 - 41.984974, 21.592939",5215,41.984974,21.592939,546,R,1887.3,house,2,10.4,8.1,6.2,ms,,,house,gable,7.0
"stage 1 - building 5216 - 41.984856, 21.592856",5216,41.984856,21.592856,546,R,1896.9,house,1,9.7,5.4,3.3,ms,,,house,gable,7.0
"stage 1 - building 5217 - 41.984818, 21.592767",5217,41.984818,21.592767,546,R,1898.0,flat,1,5.0,3.4,2.7,ms,,,garage,flat,3.2
"stage 1 - building 5218 - 41.984580, 21.593095",5218,41.984580,21.593095,546,R,1932.7,house,2,13.1,12.2,6.2,ms,,,house,gable,7.0
"stage 1 - building 5219 - 41.984486, 21.592886",5219,41.984486,21.592886,546,R,1935.9,house,1,16.7,11.2,3.3,ms,,,house,gable,7.0
"stage 1 - building 5220 - 41.984319, 21.593169",5220,41.984319,21.593169,546,R,1961.8,flat,1,4.1,3.5,2.7,ms,,,garage,flat,3.2
"stage 1 - building 5221 - 41.984232, 21.592929",5221,41.984232,21.592929,546,R,1963.5,house,1,7.9,4.1,3.3,ms,,,garage,flat,3.2
"stage 1 - building 5222 - 41.984160, 21.593190",5222,41.984160,21.593190,546,R,1978.9,house,2,11.3,8.9,6.2,ms,,,house,gable,7.0
"stage 1 - building 5223 - 41.984101, 21.593043",5223,41.984101,21.593043,546,R,1980.4,house,2,11.6,9.2,6.2,ms,,,house,gable,7.0
"stage 1 - building 5224 - 41.984027, 21.593176",5224,41.984027,21.593176,546,R,1992.1,flat,1,5.2,3.3,2.7,ms,,,garage,flat,3.2
"stage 1 - building 5225 - 41.984073, 21.593330",5225,41.984073,21.593330,546,R,1992.2,flat,1,6.8,4.1,2.7,ms,,,garage,flat,3.2
"stage 1 - building 5226 - 41.983839, 21.593439",5226,41.983839,21.593439,546,R,2019.7,house,1,8.1,7.1,3.3,ms,,,house,gable,7.0
"stage 1 - building 5227 - 41.983863, 21.593576",5227,41.983863,21.593576,546,R,2021.5,house,1,9.1,3.8,3.3,ms,,,garage,flat,3.2
"stage 1 - building 5228 - 41.983433, 21.593291",5228,41.983433,21.593291,546,R,2057.0,house,1,6.8,5.6,3.3,ms,,,garage,flat,3.2
"stage 1 - building 5229 - 41.983027, 21.593789",5229,41.983027,21.593789,546,R,2114.2,house,1,11.4,8.8,3.3,ms,,,house,gable,7.0
"stage 1 - building 5230 - 41.982224, 21.594533",5230,41.982224,21.594533,546,R,2220.0,house,2,14.3,9.6,6.2,ms,,,house,gable,7.0
"stage 1 - building 5231 - 41.982039, 21.594207",5231,41.982039,21.594207,546,R,2228.9,house,1,13.9,11.8,3.3,ms,,,house,gable,7.0
"stage 1 - building 5232 - 41.982100, 21.594407",5232,41.982100,21.594407,546,R,2228.8,house,1,15.3,12.6,3.3,ms,,,house,gable,7.0
"stage 1 - building 5233 - 41.982154, 21.594613",5233,41.982154,21.594613,546,R,2229.8,flat,1,4.1,3.6,2.7,ms,,,garage,flat,3.2
"stage 1 - building 5234 - 41.981765, 21.594173",5234,41.981765,21.594173,546,R,2256.2,house,1,7.7,4.1,3.3,ms,,,garage,flat,3.2
"stage 1 - building 5235 - 41.981802, 21.594295",5235,41.981802,21.594295,546,R,2256.1,house,1,9.2,7.8,3.3,ms,,,house,gable,7.0
"stage 1 - building 5236 - 41.981786, 21.594496",5236,41.981786,21.594496,546,R,2264.0,flat,1,6.6,3.4,2.7,ms,,,garage,flat,3.2
"stage 1 - building 5237 - 41.981752, 21.594401",5237,41.981752,21.594401,546,R,2264.5,house,1,7.9,4.6,3.3,ms,,,garage,flat,3.2
"stage 1 - building 5238 - 41.981270, 21.594416",5238,41.981270,21.594416,546,R,2314.7,flat,1,6.1,4.5,2.7,ms,,,garage,flat,3.2
"stage 1 - building 5239 - 41.981215, 21.595087",5239,41.981215,21.595087,546,R,2341.2,house,1,11.6,10.7,3.3,ms,,,house,gable,7.0
"stage 1 - building 5240 - 41.980421, 21.595482",5240,41.980421,21.595482,546,R,2435.1,house,1,7.4,5.4,3.3,ms,,,garage,flat,3.2
"stage 1 - building 5241 - 41.979460, 21.596029",5241,41.979460,21.596029,546,R,2551.1,flat,1,5.5,3.9,2.7,ms,,,garage,flat,3.2
"stage 1 - building 5242 - 41.978891, 21.595715",5242,41.978891,21.595715,546,R,2600.0,flat,1,3.5,3.5,2.7,ms,,,garage,flat,3.2
"stage 1 - building 5243 - 41.977428, 21.596853",5243,41.977428,21.596853,546,R,2785.9,flat,1,5.3,4.3,2.7,ms,,,garage,flat,3.2
"stage 1 - building 5244 - 41.977277, 21.596640",5244,41.977277,21.596640,546,R,2794.9,house,1,5.8,5.5,3.3,ms,,,garage,flat,3.2
"stage 1 - building 5245 - 41.977309, 21.596783",5245,41.977309,21.596783,546,R,2796.0,flat,1,4.2,4.1,2.7,ms,,,garage,flat,3.2
"stage 1 - building 5246 - 41.977338, 21.597078",5246,41.977338,21.597078,546,R,2802.2,flat,1,4.4,4.4,2.7,ms,,,garage,flat,3.2
"stage 1 - building 5247 - 41.977104, 21.596774",5247,41.977104,21.596774,546,R,2816.8,house,1,9.0,4.4,3.3,ms,,,garage,flat,3.2
"stage 1 - building 5248 - 41.977139, 21.597007",5248,41.977139,21.597007,546,R,2820.4,flat,1,4.7,4.0,2.7,ms,,,garage,flat,3.2
"stage 1 - building 5249 - 41.977039, 21.596756",5249,41.977039,21.596756,546,R,2823.0,flat,1,6.0,4.3,2.7,ms,,,garage,flat,3.2
"stage 1 - building 5250 - 41.977102, 21.597305",5250,41.977102,21.597305,546,R,2833.6,flat,1,6.2,4.1,2.7,ms,,,garage,flat,3.2
"stage 1 - building 5251 - 41.976891, 21.596787",5251,41.976891,21.596787,546,R,2839.2,flat,1,4.7,4.6,2.7,ms,,,garage,flat,3.2
"stage 1 - building 5252 - 41.976976, 21.597095",5252,41.976976,21.597095,546,R,2840.0,house,1,6.1,6.1,3.3,ms,,,garage,flat,3.2
"stage 1 - building 5253 - 41.976738, 21.597242",5253,41.976738,21.597242,546,R,2869.0,flat,1,5.9,3.4,2.7,ms,,,garage,flat,3.2
"stage 1 - building 5254 - 41.976456, 21.596935",5254,41.976456,21.596935,546,R,2888.7,flat,1,5.9,4.9,2.7,ms,,,garage,flat,3.2
"stage 1 - building 5255 - 41.976169, 21.597064",5255,41.976169,21.597064,546,R,2922.3,house,1,11.1,5.8,3.3,ms,,,house,gable,7.0
"stage 1 - building 5256 - 41.976313, 21.597577",5256,41.976313,21.597577,546,R,2923.2,flat,1,36.6,14.0,7.0,osm,491653980,industrial,industrial,flat,8.5
"stage 1 - building 5257 - 41.976044, 21.597291",5257,41.976044,21.597291,546,R,2942.1,flat,1,15.7,11.0,3.4,osm,491653952,industrial,industrial,flat,8.5
"stage 1 - building 5258 - 41.976084, 21.597567",5258,41.976084,21.597567,546,R,2946.4,flat,1,6.2,3.8,2.7,ms,,,garage,flat,3.2
"stage 1 - building 5259 - 41.975955, 21.597173",5259,41.975955,21.597173,546,R,2947.7,house,2,13.1,9.4,6.2,ms,,,house,gable,7.0
"stage 1 - building 5260 - 41.975908, 21.597773",5260,41.975908,21.597773,546,R,2970.9,flat,1,31.9,11.3,7.0,osm,491653981,industrial,industrial,flat,8.5
"stage 1 - building 5261 - 41.975696, 21.597755",5261,41.975696,21.597755,546,R,2992.2,flat,1,61.9,14.4,7.0,osm,491653955,industrial,industrial,flat,8.5
"stage 1 - building 5262 - 41.975418, 21.598418",5262,41.975418,21.598418,546,R,3041.7,house,2,11.4,5.8,6.2,ms,,,house,gable,7.0
"stage 1 - building 5263 - 41.975320, 21.598377",5263,41.975320,21.598377,546,R,3050.4,house,1,5.7,5.5,3.3,ms,,,garage,flat,3.2
"stage 1 - building 5264 - 41.975138, 21.598459",5264,41.975138,21.598459,546,R,3071.7,flat,1,14.5,14.4,3.4,osm,491653974,industrial,industrial,flat,8.5
"stage 1 - building 5265 - 41.974749, 21.598317",5265,41.974749,21.598317,546,R,3107.2,house,2,10.7,9.5,6.2,ms,,,house,gable,7.0
"stage 1 - building 5266 - 41.974502, 21.598148",5266,41.974502,21.598148,546,R,3127.5,house,2,10.8,10.4,6.2,ms,,,house,gable,7.0
"stage 1 - building 5267 - 41.974367, 21.598264",5267,41.974367,21.598264,546,R,3144.9,flat,1,6.7,3.8,2.7,ms,,,garage,flat,3.2
"stage 1 - building 5268 - 41.974398, 21.598450",5268,41.974398,21.598450,546,R,3147.5,house,1,10.7,10.0,3.3,ms,,,house,gable,7.0
"stage 1 - building 5269 - 41.974289, 21.598302",5269,41.974289,21.598302,546,R,3154.1,house,1,27.2,9.2,3.3,ms,,,house,gable,7.0
"stage 1 - building 5270 - 41.974256, 21.598548",5270,41.974256,21.598548,546,R,3165.1,house,2,13.1,9.3,6.2,ms,,,house,gable,7.0
"stage 1 - building 5271 - 41.973973, 21.598203",5271,41.973973,21.598203,546,R,3183.8,house,2,12.5,9.9,6.2,ms,,,house,gable,7.0
"stage 1 - building 5272 - 41.973940, 21.598460",5272,41.973940,21.598460,546,R,3195.0,house,1,10.2,6.0,3.3,ms,,,house,gable,7.0
"stage 1 - building 5273 - 41.973759, 21.598470",5273,41.973759,21.598470,546,R,3214.0,flat,1,20.3,15.9,7.0,ms,,,house,gable,7.0
"stage 1 - building 5274 - 41.996238, 21.586868",5274,41.996238,21.586868,547,R,539.0,flat,1,18.1,17.4,7.0,ms,,,house,gable,7.0
"stage 1 - building 5275 - 41.996099, 21.586878",5275,41.996099,21.586878,547,R,553.6,house,1,11.0,9.3,3.3,ms,,,house,gable,7.0
"stage 1 - building 5276 - 41.995651, 21.587142",5276,41.995651,21.587142,547,R,608.0,house,1,17.4,14.0,3.3,ms,,,house,gable,7.0
"stage 1 - building 5277 - 41.995333, 21.587428",5277,41.995333,21.587428,547,R,649.8,house,1,13.1,8.8,3.3,ms,,,house,gable,7.0
"stage 1 - building 5278 - 41.995207, 21.587373",5278,41.995207,21.587373,547,R,660.7,house,2,9.7,6.6,6.2,ms,,,house,gable,7.0
"stage 1 - building 5279 - 41.994976, 21.587531",5279,41.994976,21.587531,547,R,689.5,flat,1,6.0,4.6,2.7,ms,,,garage,flat,3.2
"stage 1 - building 5280 - 41.994907, 21.587582",5280,41.994907,21.587582,547,R,698.2,house,1,7.3,6.4,3.3,ms,,,house,gable,7.0
"stage 1 - building 5281 - 41.994558, 21.587697",5281,41.994558,21.587697,547,R,737.6,house,2,10.8,10.0,6.2,ms,,,house,gable,7.0
"stage 1 - building 5282 - 41.994417, 21.587965",5282,41.994417,21.587965,547,R,760.8,house,1,10.8,10.7,3.3,osm,670550130,residential,house,gable,7.0
"stage 1 - building 5283 - 41.994180, 21.588027",5283,41.994180,21.588027,547,R,787.0,house,2,12.1,10.4,6.2,ms,,,house,gable,7.0
"stage 1 - building 5284 - 41.994223, 21.588157",5284,41.994223,21.588157,547,R,787.0,house,1,8.2,7.1,3.3,ms,,,house,gable,7.0
"stage 1 - building 5285 - 41.994093, 21.588168",5285,41.994093,21.588168,547,R,800.6,house,2,12.5,10.8,6.2,ms,,,house,gable,7.0
"stage 1 - building 5286 - 41.993975, 21.588290",5286,41.993975,21.588290,547,R,816.6,flat,1,5.6,4.4,2.7,ms,,,garage,flat,3.2
"stage 1 - building 5287 - 41.993882, 21.588283",5287,41.993882,21.588283,547,R,825.8,house,1,12.2,11.9,3.3,ms,,,house,gable,7.0
"stage 1 - building 5288 - 41.993596, 21.588443",5288,41.993596,21.588443,547,R,860.2,house,2,11.7,9.4,6.2,ms,,,house,gable,7.0
"stage 1 - building 5289 - 41.993524, 21.588306",5289,41.993524,21.588306,547,R,863.1,house,1,14.6,6.7,3.3,ms,,,house,gable,7.0
"stage 1 - building 5290 - 41.993467, 21.588354",5290,41.993467,21.588354,547,R,870.5,house,1,10.2,4.3,3.3,ms,,,garage,flat,3.2
"stage 1 - building 5291 - 41.993488, 21.588486",5291,41.993488,21.588486,547,R,872.6,house,2,11.9,9.9,6.2,ms,,,house,gable,7.0
"stage 1 - building 5292 - 41.993363, 21.588506",5292,41.993363,21.588506,547,R,886.0,flat,1,23.8,14.8,7.0,ms,,,house,gable,7.0
"stage 1 - building 5293 - 41.992644, 21.589031",5293,41.992644,21.589031,547,R,976.7,house,1,12.1,7.7,3.3,ms,,,house,gable,7.0
"stage 1 - building 5294 - 41.992594, 21.589143",5294,41.992594,21.589143,547,R,985.4,house,2,25.3,11.1,6.2,ms,,,house,gable,7.0
"stage 1 - building 5295 - 41.992373, 21.589290",5295,41.992373,21.589290,547,R,1012.9,house,1,13.2,10.5,3.3,osm,670550129,house,house,gable,7.0
"stage 1 - building 5296 - 41.992202, 21.589377",5296,41.992202,21.589377,547,R,1033.1,house,1,12.2,11.8,3.3,osm,670550128,house,house,gable,7.0
"stage 1 - building 5297 - 41.991835, 21.589528",5297,41.991835,21.589528,547,R,1075.5,house,2,9.7,9.0,6.2,ms,,,house,gable,7.0
"stage 1 - building 5298 - 41.991348, 21.589607",5298,41.991348,21.589607,547,R,1127.7,house,1,14.8,7.0,3.3,ms,,,house,gable,7.0
"stage 1 - building 5299 - 41.991371, 21.589776",5299,41.991371,21.589776,547,R,1130.9,house,1,11.5,10.0,3.3,osm,435873017,yes,house,gable,7.0
"stage 1 - building 5300 - 41.991065, 21.589843",5300,41.991065,21.589843,547,R,1164.2,house,2,12.2,8.3,6.2,ms,,,house,gable,7.0
"stage 1 - building 5301 - 41.990935, 21.589871",5301,41.990935,21.589871,547,R,1178.5,house,2,22.9,6.4,6.2,osm,435873015,yes,house,gable,7.0
"stage 1 - building 5302 - 41.990997, 21.590093",5302,41.990997,21.590093,547,R,1179.5,house,1,10.3,9.2,3.3,osm,435873014,yes,house,gable,7.0
"stage 1 - building 5303 - 41.990865, 21.589900",5303,41.990865,21.589900,547,R,1186.6,house,1,14.4,13.8,3.3,ms,,,house,gable,7.0
"stage 1 - building 5304 - 41.990795, 21.590216",5304,41.990795,21.590216,547,R,1204.2,house,2,11.9,10.1,6.2,osm,435873013,yes,house,gable,7.0
"stage 1 - building 5305 - 41.990643, 21.590129",5305,41.990643,21.590129,547,R,1216.7,house,2,11.7,9.9,6.2,osm,435873018,yes,house,gable,7.0
"stage 1 - building 5306 - 41.990440, 21.590328",5306,41.990440,21.590328,547,R,1244.0,house,2,11.8,11.8,6.2,ms,,,house,gable,7.0
"stage 1 - building 5307 - 41.990216, 21.590215",5307,41.990216,21.590215,547,R,1263.1,house,1,13.5,4.4,3.3,ms,,,house,gable,7.0
"stage 1 - building 5308 - 41.990076, 21.590621",5308,41.990076,21.590621,547,R,1290.8,house,1,11.1,9.2,3.3,ms,,,house,gable,7.0
"stage 1 - building 5309 - 41.989590, 21.590752",5309,41.989590,21.590752,547,R,1344.5,house,2,9.7,6.5,6.2,ms,,,house,gable,7.0
"stage 1 - building 5310 - 41.989516, 21.590801",5310,41.989516,21.590801,547,R,1353.7,flat,1,5.3,4.1,2.7,ms,,,garage,flat,3.2
"stage 1 - building 5311 - 41.989491, 21.590739",5311,41.989491,21.590739,547,R,1354.2,house,1,6.5,5.1,3.3,ms,,,garage,flat,3.2
"stage 1 - building 5312 - 41.989554, 21.590957",5312,41.989554,21.590957,547,R,1355.1,house,2,21.4,11.7,6.2,ms,,,house,gable,7.0
"stage 1 - building 5313 - 41.989429, 21.590672",5313,41.989429,21.590672,547,R,1358.4,house,2,11.5,9.0,6.2,ms,,,row,flat,9.5
"stage 1 - building 5314 - 41.989418, 21.590885",5314,41.989418,21.590885,547,R,1366.5,house,2,13.9,5.2,6.2,ms,,,house,gable,7.0
"stage 1 - building 5315 - 41.989078, 21.591173",5315,41.989078,21.591173,547,R,1410.7,house,2,15.6,13.8,6.2,ms,,,house,gable,7.0
"stage 1 - building 5316 - 41.988959, 21.591003",5316,41.988959,21.591003,547,R,1417.2,house,2,11.3,6.9,6.2,ms,,,house,gable,7.0
"stage 1 - building 5317 - 41.988912, 21.590901",5317,41.988912,21.590901,547,R,1418.6,house,1,7.0,6.7,3.3,ms,,,house,gable,7.0
"stage 1 - building 5318 - 41.988988, 21.591349",5318,41.988988,21.591349,547,R,1425.8,house,2,16.6,9.0,6.2,ms,,,house,gable,7.0
"stage 1 - building 5319 - 41.988862, 21.591222",5319,41.988862,21.591222,547,R,1434.2,house,2,12.0,6.0,6.2,ms,,,row,flat,9.5
"stage 1 - building 5320 - 41.988798, 21.591192",5320,41.988798,21.591192,547,R,1439.7,flat,1,6.6,4.1,2.7,ms,,,garage,flat,3.2
"stage 1 - building 5321 - 41.988770, 21.591114",5321,41.988770,21.591114,547,R,1440.1,flat,1,4.9,4.7,2.7,ms,,,garage,flat,3.2
"stage 1 - building 5322 - 41.988620, 21.591408",5322,41.988620,21.591408,547,R,1465.1,house,1,6.6,4.8,3.3,ms,,,garage,flat,3.2
"stage 1 - building 5323 - 41.988475, 21.591500",5323,41.988475,21.591500,547,R,1482.9,house,1,8.3,4.2,3.3,ms,,,garage,flat,3.2
"stage 1 - building 5324 - 41.988434, 21.591592",5324,41.988434,21.591592,547,R,1490.1,house,1,11.1,8.7,3.3,ms,,,row,flat,9.5
"stage 1 - building 5325 - 41.988344, 21.591375",5325,41.988344,21.591375,547,R,1492.0,house,1,12.4,12.2,3.3,ms,,,house,gable,7.0
"stage 1 - building 5326 - 41.988146, 21.591852",5326,41.988146,21.591852,547,R,1528.1,house,1,10.6,9.5,3.3,osm,670765862,house,house,gable,7.0
"stage 1 - building 5327 - 41.987973, 21.591801",5327,41.987973,21.591801,547,R,1543.9,house,1,12.9,10.6,3.3,ms,,,house,gable,7.0
"stage 1 - building 5328 - 41.987893, 21.591567",5328,41.987893,21.591567,547,R,1544.4,house,1,11.6,10.5,3.3,ms,,,house,gable,7.0
"stage 1 - building 5329 - 41.987857, 21.591797",5329,41.987857,21.591797,547,R,1555.6,house,1,8.5,6.7,3.3,ms,,,house,gable,7.0
"stage 1 - building 5330 - 41.987532, 21.592221",5330,41.987532,21.592221,547,R,1602.8,flat,1,5.0,3.9,2.7,ms,,,garage,flat,3.2
"stage 1 - building 5331 - 41.987189, 21.592349",5331,41.987189,21.592349,547,R,1642.0,house,1,8.6,7.0,3.3,ms,,,house,gable,7.0
"stage 1 - building 5332 - 41.987156, 21.592268",5332,41.987156,21.592268,547,R,1642.6,house,1,7.5,6.3,3.3,ms,,,house,gable,7.0
"stage 1 - building 5333 - 41.987015, 21.592502",5333,41.987015,21.592502,547,R,1664.7,flat,1,6.0,3.3,2.7,ms,,,garage,flat,3.2
"stage 1 - building 5334 - 41.986874, 21.592623",5334,41.986874,21.592623,547,R,1683.2,flat,1,45.3,17.4,7.0,ms,,,commercial,flat,7.0
"stage 1 - building 5335 - 41.986731, 21.592308",5335,41.986731,21.592308,547,R,1687.2,house,2,13.9,13.5,6.2,ms,,,house,gable,7.0
"stage 1 - building 5336 - 41.986325, 21.592402",5336,41.986325,21.592402,547,R,1731.7,house,2,14.4,11.4,6.2,ms,,,house,gable,7.0
"stage 1 - building 5337 - 41.986234, 21.592628",5337,41.986234,21.592628,547,R,1748.3,house,1,11.3,11.2,3.3,ms,,,house,gable,7.0
"stage 1 - building 5338 - 41.986151, 21.592513",5338,41.986151,21.592513,547,R,1753.2,house,2,11.8,9.5,6.2,ms,,,house,gable,7.0
"stage 1 - building 5339 - 41.986126, 21.592744",5339,41.986126,21.592744,547,R,1763.2,house,1,12.1,9.8,3.3,ms,,,row,flat,9.5
"stage 1 - building 5340 - 41.986092, 21.592656",5340,41.986092,21.592656,547,R,1763.7,house,2,11.1,5.7,6.2,ms,,,row,flat,9.5
"stage 1 - building 5341 - 41.986010, 21.592624",5341,41.986010,21.592624,547,R,1771.1,house,1,7.0,4.9,3.3,ms,,,garage,flat,3.2
"stage 1 - building 5342 - 41.985887, 21.592913",5342,41.985887,21.592913,547,R,1793.1,house,1,15.5,12.7,3.3,ms,,,house,gable,7.0
"stage 1 - building 5343 - 41.985810, 21.593211",5343,41.985810,21.593211,547,R,1811.0,house,1,6.9,5.9,3.3,ms,,,garage,flat,3.2
"stage 1 - building 5344 - 41.985665, 21.592984",5344,41.985665,21.592984,547,R,1818.0,house,1,9.1,3.6,3.3,ms,,,garage,flat,3.2
"stage 1 - building 5345 - 41.985352, 21.593426",5345,41.985352,21.593426,547,R,1864.6,house,2,14.1,11.0,6.2,ms,,,house,gable,7.0
"stage 1 - building 5346 - 41.985027, 21.593092",5346,41.985027,21.593092,547,R,1886.7,house,2,11.9,11.6,6.2,ms,,,house,gable,7.0
"stage 1 - building 5347 - 41.985034, 21.593344",5347,41.985034,21.593344,547,R,1894.3,flat,1,6.3,4.4,2.7,ms,,,garage,flat,3.2
"stage 1 - building 5348 - 41.985008, 21.593733",5348,41.985008,21.593733,547,R,1909.9,house,1,7.7,4.4,3.3,ms,,,garage,flat,3.2
"stage 1 - building 5349 - 41.984679, 21.593400",5349,41.984679,21.593400,547,R,1932.3,house,2,12.2,11.8,6.2,ms,,,house,gable,7.0
"stage 1 - building 5350 - 41.984738, 21.593589",5350,41.984738,21.593589,547,R,1932.5,house,1,16.5,10.3,3.3,ms,,,house,gable,7.0
"stage 1 - building 5351 - 41.984570, 21.593451",5351,41.984570,21.593451,547,R,1945.1,house,2,8.8,7.0,6.2,ms,,,house,gable,7.0
"stage 1 - building 5352 - 41.984360, 21.593636",5352,41.984360,21.593636,547,R,1972.6,house,1,13.7,6.5,3.3,ms,,,house,gable,7.0
"stage 1 - building 5353 - 41.984279, 21.593513",5353,41.984279,21.593513,547,R,1976.9,house,2,13.0,11.3,6.2,ms,,,house,gable,7.0
"stage 1 - building 5354 - 41.984375, 21.593819",5354,41.984375,21.593819,547,R,1977.1,house,2,10.6,9.3,6.2,ms,,,house,gable,7.0
"stage 1 - building 5355 - 41.984141, 21.594110",5355,41.984141,21.594110,547,R,2010.5,flat,1,7.1,3.8,2.7,ms,,,garage,flat,3.2
"stage 1 - building 5356 - 41.983907, 21.594269",5356,41.983907,21.594269,547,R,2039.6,house,1,18.6,12.8,3.3,ms,,,house,gable,7.0
"stage 1 - building 5357 - 41.983802, 21.593963",5357,41.983802,21.593963,547,R,2040.2,house,2,9.4,7.2,6.2,ms,,,house,gable,7.0
"stage 1 - building 5358 - 41.983795, 21.594174",5358,41.983795,21.594174,547,R,2047.9,house,1,7.3,4.6,3.3,ms,,,garage,flat,3.2
"stage 1 - building 5359 - 41.983621, 21.593997",5359,41.983621,21.593997,547,R,2059.8,house,1,11.5,11.0,3.3,ms,,,house,gable,7.0
"stage 1 - building 5360 - 41.983645, 21.594340",5360,41.983645,21.594340,547,R,2068.6,house,2,11.4,10.4,6.2,ms,,,house,gable,7.0
"stage 1 - building 5361 - 41.983392, 21.593997",5361,41.983392,21.593997,547,R,2083.2,house,1,11.7,10.5,3.3,ms,,,house,gable,7.0
"stage 1 - building 5362 - 41.983570, 21.594526",5362,41.983570,21.594526,547,R,2082.6,house,2,13.8,10.2,6.2,ms,,,house,gable,7.0
"stage 1 - building 5363 - 41.983435, 21.594198",5363,41.983435,21.594198,547,R,2085.3,flat,1,20.6,18.0,7.0,ms,,,house,gable,7.0
"stage 1 - building 5364 - 41.983435, 21.594414",5364,41.983435,21.594414,547,R,2092.5,house,1,6.6,6.4,3.3,ms,,,garage,flat,3.2
"stage 1 - building 5365 - 41.983263, 21.594392",5365,41.983263,21.594392,547,R,2109.3,house,2,10.3,10.1,6.2,ms,,,house,gable,7.0
"stage 1 - building 5366 - 41.983368, 21.594711",5366,41.983368,21.594711,547,R,2109.3,house,1,10.7,9.4,3.3,ms,,,house,gable,7.0
"stage 1 - building 5367 - 41.983183, 21.594184",5367,41.983183,21.594184,547,R,2110.6,house,2,10.2,10.1,6.2,ms,,,house,gable,7.0
"stage 1 - building 5368 - 41.983297, 21.594537",5368,41.983297,21.594537,547,R,2110.6,house,2,12.3,6.1,6.2,ms,,,house,gable,7.0
"stage 1 - building 5369 - 41.982675, 21.595125",5369,41.982675,21.595125,547,R,2193.5,house,1,8.1,5.6,3.3,ms,,,house,gable,7.0
"stage 1 - building 5370 - 41.982366, 21.594569",5370,41.982366,21.594569,547,R,2206.7,house,2,14.5,9.0,6.2,ms,,,house,gable,7.0
"stage 1 - building 5371 - 41.982488, 21.595278",5371,41.982488,21.595278,547,R,2217.7,house,1,8.0,6.5,3.3,ms,,,house,gable,7.0
"stage 1 - building 5372 - 41.982312, 21.594846",5372,41.982312,21.594846,547,R,2221.2,house,2,12.4,10.8,6.2,ms,,,house,gable,7.0
"stage 1 - building 5373 - 41.982388, 21.595083",5373,41.982388,21.595083,547,R,2221.3,house,1,13.9,10.6,3.3,ms,,,house,gable,7.0
"stage 1 - building 5374 - 41.982202, 21.595242",5374,41.982202,21.595242,547,R,2245.5,house,2,9.8,8.8,6.2,ms,,,house,gable,7.0
"stage 1 - building 5375 - 41.982226, 21.595349",5375,41.982226,21.595349,547,R,2246.6,house,1,9.8,8.1,3.3,ms,,,house,gable,7.0
"stage 1 - building 5376 - 41.981973, 21.594825",5376,41.981973,21.594825,547,R,2255.1,house,2,21.3,13.2,6.2,ms,,,house,gable,7.0
"stage 1 - building 5377 - 41.982036, 21.595204",5377,41.982036,21.595204,547,R,2261.1,house,1,18.0,9.9,3.3,ms,,,house,gable,7.0
"stage 1 - building 5378 - 41.981927, 21.595031",5378,41.981927,21.595031,547,R,2266.5,house,1,9.8,4.6,3.3,ms,,,house,gable,7.0
"stage 1 - building 5379 - 41.981776, 21.595013",5379,41.981776,21.595013,547,R,2281.3,house,1,16.6,11.3,3.3,ms,,,house,gable,7.0
"stage 1 - building 5380 - 41.981605, 21.595368",5380,41.981605,21.595368,547,R,2310.4,house,1,12.4,8.2,3.3,ms,,,house,gable,7.0
"stage 1 - building 5381 - 41.981506, 21.595166",5381,41.981506,21.595166,547,R,2313.9,house,1,11.0,4.3,3.3,ms,,,house,gable,7.0
"stage 1 - building 5382 - 41.981532, 21.595817",5382,41.981532,21.595817,547,R,2332.9,house,1,11.5,11.4,3.3,ms,,,house,gable,7.0
"stage 1 - building 5383 - 41.981341, 21.595260",5383,41.981341,21.595260,547,R,2333.8,house,1,13.2,9.9,3.3,ms,,,house,gable,7.0
"stage 1 - building 5384 - 41.981334, 21.595497",5384,41.981334,21.595497,547,R,2342.3,flat,1,5.3,4.5,2.7,ms,,,garage,flat,3.2
"stage 1 - building 5385 - 41.980510, 21.595767",5385,41.980510,21.595767,547,R,2435.2,house,1,9.4,9.0,3.3,ms,,,house,gable,7.0
"stage 1 - building 5386 - 41.980256, 21.596487",5386,41.980256,21.596487,547,R,2484.9,house,1,8.8,5.4,3.3,ms,,,house,gable,7.0
"stage 1 - building 5387 - 41.979795, 21.596579",5387,41.979795,21.596579,547,R,2534.8,house,1,10.2,9.8,3.3,ms,,,house,gable,7.0
"stage 1 - building 5388 - 41.979574, 21.596446",5388,41.979574,21.596446,547,R,2552.9,flat,1,8.4,3.5,2.7,ms,,,garage,flat,3.2
"stage 1 - building 5389 - 41.979669, 21.596935",5389,41.979669,21.596935,547,R,2559.5,house,2,12.3,10.7,6.2,ms,,,house,gable,7.0
"stage 1 - building 5390 - 41.979505, 21.596505",5390,41.979505,21.596505,547,R,2561.9,house,1,8.6,5.3,3.3,ms,,,house,gable,7.0
"stage 1 - building 5391 - 41.979596, 21.596786",5391,41.979596,21.596786,547,R,2561.9,house,2,13.2,13.0,6.2,ms,,,house,gable,7.0
"stage 1 - building 5392 - 41.979176, 21.596877",5392,41.979176,21.596877,547,R,2607.6,flat,1,30.9,10.4,7.0,ms,,,house,gable,7.0
"stage 1 - building 5393 - 41.976304, 21.598049",5393,41.976304,21.598049,547,R,2939.1,flat,1,44.4,19.5,7.0,osm,491653956,industrial,industrial,flat,8.5
"stage 1 - building 5394 - 41.975997, 21.598228",5394,41.975997,21.598228,547,R,2976.3,house,1,10.9,7.5,3.3,ms,,,house,gable,7.0
"stage 1 - building 5395 - 41.975973, 21.598342",5395,41.975973,21.598342,547,R,2982.4,house,1,7.0,5.4,3.3,ms,,,garage,flat,3.2
"stage 1 - building 5396 - 41.975487, 21.598612",5396,41.975487,21.598612,547,R,3040.9,house,2,18.3,11.5,6.2,osm,491653983,yes,house,gable,7.0
"stage 1 - building 5397 - 41.975539, 21.598793",5397,41.975539,21.598793,547,R,3041.4,house,1,8.0,5.3,3.3,ms,,,garage,flat,3.2
"stage 1 - building 5398 - 41.975321, 21.598614",5398,41.975321,21.598614,547,R,3057.9,house,1,13.7,10.7,3.3,osm,491653982,yes,house,gable,7.0
"stage 1 - building 5399 - 41.975297, 21.598860",5399,41.975297,21.598860,547,R,3068.3,house,1,12.6,11.0,3.3,osm,491653966,yes,house,gable,7.0
"stage 1 - building 5400 - 41.975169, 21.599121",5400,41.975169,21.599121,547,R,3089.9,house,2,8.8,7.2,6.2,osm,491653965,yes,house,gable,7.0
"stage 1 - building 5401 - 41.975042, 21.598940",5401,41.975042,21.598940,547,R,3097.0,flat,2,27.6,6.6,6.4,osm,491653978,industrial,industrial,flat,8.5
"stage 1 - building 5402 - 41.975052, 21.599140",5402,41.975052,21.599140,547,R,3102.5,flat,1,4.9,4.6,2.7,ms,,,garage,flat,3.2
"stage 1 - building 5403 - 41.996119, 21.587175",5403,41.996119,21.587175,548,R,561.6,house,1,20.1,11.1,3.3,ms,,,house,gable,7.0
"stage 1 - building 5404 - 41.995955, 21.587131",5404,41.995955,21.587131,548,R,576.6,house,2,10.3,9.5,6.2,ms,,,house,gable,7.0
"stage 1 - building 5405 - 41.995912, 21.587402",5405,41.995912,21.587402,548,R,590.5,flat,1,39.9,14.4,7.0,ms,,,house,gable,7.0
"stage 1 - building 5406 - 41.995702, 21.587547",5406,41.995702,21.587547,548,R,616.8,house,2,14.7,13.6,6.2,ms,,,house,gable,7.0
"stage 1 - building 5407 - 41.995467, 21.587660",5407,41.995467,21.587660,548,R,644.3,house,1,9.5,5.1,3.3,ms,,,house,gable,7.0
"stage 1 - building 5408 - 41.995390, 21.587645",5408,41.995390,21.587645,548,R,651.5,house,1,8.6,8.0,3.3,ms,,,house,gable,7.0
"stage 1 - building 5409 - 41.995309, 21.587580",5409,41.995309,21.587580,548,R,657.4,house,1,8.2,6.2,3.3,ms,,,house,gable,7.0
"stage 1 - building 5410 - 41.995135, 21.587680",5410,41.995135,21.587680,548,R,678.4,house,1,8.5,8.3,3.3,ms,,,house,gable,7.0
"stage 1 - building 5411 - 41.995187, 21.587858",5411,41.995187,21.587858,548,R,679.5,house,2,16.1,11.5,6.2,ms,,,house,gable,7.0
"stage 1 - building 5412 - 41.994270, 21.588488",5412,41.994270,21.588488,548,R,793.9,house,1,16.5,6.4,3.3,ms,,,house,gable,7.0
"stage 1 - building 5413 - 41.994026, 21.588563",5413,41.994026,21.588563,548,R,820.9,house,1,11.3,4.6,3.3,ms,,,house,gable,7.0
"stage 1 - building 5414 - 41.993848, 21.588682",5414,41.993848,21.588682,548,R,843.1,flat,1,7.3,3.6,2.7,ms,,,garage,flat,3.2
"stage 1 - building 5415 - 41.993294, 21.589086",5415,41.993294,21.589086,548,R,913.0,house,2,11.1,10.6,6.2,ms,,,house,gable,7.0
"stage 1 - building 5416 - 41.992818, 21.589443",5416,41.992818,21.589443,548,R,973.5,house,1,24.4,7.0,3.3,ms,,,house,gable,7.0
"stage 1 - building 5417 - 41.992458, 21.589560",5417,41.992458,21.589560,548,R,1013.8,flat,1,6.7,4.0,2.7,ms,,,garage,flat,3.2
"stage 1 - building 5418 - 41.991799, 21.589973",5418,41.991799,21.589973,548,R,1094.6,house,1,10.7,7.3,3.3,ms,,,house,gable,7.0
"stage 1 - building 5419 - 41.990747, 21.590806",5419,41.990747,21.590806,548,R,1229.8,house,2,18.2,9.0,6.2,osm,435873012,yes,house,gable,7.0
"stage 1 - building 5420 - 41.990592, 21.590747",5420,41.990592,21.590747,548,R,1243.2,flat,1,5.4,4.9,2.7,ms,,,garage,flat,3.2
"stage 1 - building 5421 - 41.990529, 21.590932",5421,41.990529,21.590932,548,R,1256.1,house,1,10.3,9.9,3.3,osm,435873016,yes,house,gable,7.0
"stage 1 - building 5422 - 41.990347, 21.590950",5422,41.990347,21.590950,548,R,1274.9,house,1,9.9,8.2,3.3,ms,,,house,gable,7.0
"stage 1 - building 5423 - 41.990242, 21.590701",5423,41.990242,21.590701,548,R,1276.7,house,1,9.2,4.9,3.3,ms,,,house,gable,7.0
"stage 1 - building 5424 - 41.989993, 21.590825",5424,41.989993,21.590825,548,R,1306.2,flat,1,9.8,2.9,2.7,ms,,,garage,flat,3.2
"stage 1 - building 5425 - 41.989618, 21.591511",5425,41.989618,21.591511,548,R,1368.2,flat,1,22.3,15.2,7.0,ms,,,house,gable,7.0
"stage 1 - building 5426 - 41.989408, 21.591522",5426,41.989408,21.591522,548,R,1389.5,flat,1,3.9,3.1,2.7,ms,,,garage,flat,3.2
"stage 1 - building 5427 - 41.988834, 21.591501",5427,41.988834,21.591501,548,R,1446.5,house,2,11.7,11.4,6.2,osm,670765863,residential,house,gable,7.0
"stage 1 - building 5428 - 41.988757, 21.591576",5428,41.988757,21.591576,548,R,1456.9,house,2,10.5,6.2,6.2,ms,,,row,flat,9.5
"stage 1 - building 5429 - 41.988893, 21.591973",5429,41.988893,21.591973,548,R,1457.3,flat,1,5.1,3.6,2.7,ms,,,garage,flat,3.2
"stage 1 - building 5430 - 41.988697, 21.591634",5430,41.988697,21.591634,548,R,1464.9,house,1,13.2,8.5,3.3,ms,,,row,flat,9.5
"stage 1 - building 5431 - 41.988750, 21.592041",5431,41.988750,21.592041,548,R,1474.1,house,2,15.8,12.3,6.2,osm,773759981,house,row,flat,9.5
"stage 1 - building 5432 - 41.988585, 21.591712",5432,41.988585,21.591712,548,R,1479.0,house,2,10.7,10.2,6.2,ms,,,house,gable,7.0
"stage 1 - building 5433 - 41.988673, 21.592094",5433,41.988673,21.592094,548,R,1483.6,house,2,12.7,6.4,6.2,ms,,,row,flat,9.5
"stage 1 - building 5434 - 41.988624, 21.592148",5434,41.988624,21.592148,548,R,1490.5,house,1,10.4,4.8,3.3,ms,,,row,flat,9.5
"stage 1 - building 5435 - 41.988467, 21.591754",5435,41.988467,21.591754,548,R,1492.3,house,2,14.2,12.5,6.2,ms,,,house,gable,7.0
"stage 1 - building 5436 - 41.988335, 21.591830",5436,41.988335,21.591830,548,R,1508.3,house,2,11.8,11.6,6.2,ms,,,house,gable,7.0
"stage 1 - building 5437 - 41.988418, 21.592222",5437,41.988418,21.592222,548,R,1513.7,house,1,7.3,5.2,3.3,ms,,,garage,flat,3.2
"stage 1 - building 5438 - 41.988049, 21.591999",5438,41.988049,21.591999,548,R,1543.0,house,2,12.1,5.6,6.2,ms,,,house,gable,7.0
"stage 1 - building 5439 - 41.987874, 21.592078",5439,41.987874,21.592078,548,R,1563.3,house,2,11.7,7.3,6.2,ms,,,house,gable,7.0
"stage 1 - building 5440 - 41.987911, 21.592236",5440,41.987911,21.592236,548,R,1565.2,house,2,10.6,6.0,6.2,ms,,,house,gable,7.0
"stage 1 - building 5441 - 41.987614, 21.592195",5441,41.987614,21.592195,548,R,1593.6,house,1,16.4,5.2,3.3,ms,,,house,gable,7.0
"stage 1 - building 5442 - 41.987641, 21.592359",5442,41.987641,21.592359,548,R,1596.6,house,1,11.3,10.6,3.3,osm,670765861,yes,house,gable,7.0
"stage 1 - building 5443 - 41.987675, 21.592770",5443,41.987675,21.592770,548,R,1607.8,house,1,13.7,13.6,3.3,osm,773759982,house,house,gable,7.0
"stage 1 - building 5444 - 41.987402, 21.593002",5444,41.987402,21.593002,548,R,1643.5,house,2,14.2,13.6,6.2,ms,,,house,gable,7.0
"stage 1 - building 5445 - 41.987234, 21.592611",5445,41.987234,21.592611,548,R,1646.4,house,1,12.3,11.7,3.3,ms,,,house,gable,7.0
"stage 1 - building 5446 - 41.987065, 21.592640",5446,41.987065,21.592640,548,R,1664.4,house,1,16.0,13.6,3.3,ms,,,house,gable,7.0
"stage 1 - building 5447 - 41.987091, 21.593208",5447,41.987091,21.593208,548,R,1682.0,house,1,11.9,9.1,3.3,ms,,,house,gable,7.0
"stage 1 - building 5448 - 41.986762, 21.592952",5448,41.986762,21.592952,548,R,1705.9,house,2,18.5,15.4,6.2,ms,,,house,gable,7.0
"stage 1 - building 5449 - 41.986648, 21.593168",5449,41.986648,21.593168,548,R,1724.9,house,1,9.9,8.7,3.3,ms,,,house,gable,7.0
"stage 1 - building 5450 - 41.986573, 21.593002",5450,41.986573,21.593002,548,R,1726.6,house,2,12.2,5.0,6.2,ms,,,house,gable,7.0
"stage 1 - building 5451 - 41.986438, 21.593468",5451,41.986438,21.593468,548,R,1756.7,house,1,7.0,5.4,3.3,ms,,,garage,flat,3.2
"stage 1 - building 5452 - 41.986306, 21.593327",5452,41.986306,21.593327,548,R,1764.9,flat,1,4.1,3.3,2.7,ms,,,garage,flat,3.2
"stage 1 - building 5453 - 41.986006, 21.593175",5453,41.986006,21.593175,548,R,1789.9,house,1,11.7,11.5,3.3,ms,,,house,gable,7.0
"stage 1 - building 5454 - 41.986017, 21.593443",5454,41.986017,21.593443,548,R,1798.1,house,1,12.0,5.4,3.3,ms,,,house,gable,7.0
"stage 1 - building 5455 - 41.985867, 21.593300",5455,41.985867,21.593300,548,R,1808.2,house,1,11.6,10.3,3.3,ms,,,house,gable,7.0
"stage 1 - building 5456 - 41.985491, 21.593727",5456,41.985491,21.593727,548,R,1861.0,house,1,10.3,5.2,3.3,ms,,,house,gable,7.0
"stage 1 - building 5457 - 41.985309, 21.594042",5457,41.985309,21.594042,548,R,1890.3,house,1,7.7,4.0,3.3,ms,,,garage,flat,3.2
"stage 1 - building 5458 - 41.984981, 21.594397",5458,41.984981,21.594397,548,R,1935.8,house,2,11.6,7.8,6.2,ms,,,house,gable,7.0
"stage 1 - building 5459 - 41.984870, 21.594447",5459,41.984870,21.594447,548,R,1948.7,house,1,17.6,12.5,3.3,ms,,,house,gable,7.0
"stage 1 - building 5460 - 41.984733, 21.594462",5460,41.984733,21.594462,548,R,1963.1,house,2,12.8,9.2,6.2,ms,,,house,gable,7.0
"stage 1 - building 5461 - 41.984618, 21.594514",5461,41.984618,21.594514,548,R,1976.4,house,1,11.3,10.0,3.3,ms,,,house,gable,7.0
"stage 1 - building 5462 - 41.984470, 21.594321",5462,41.984470,21.594321,548,R,1984.5,flat,1,7.8,3.5,2.7,ms,,,garage,flat,3.2
"stage 1 - building 5463 - 41.984453, 21.594480",5463,41.984453,21.594480,548,R,1991.7,house,1,17.3,12.9,3.3,ms,,,house,gable,7.0
"stage 1 - building 5464 - 41.984306, 21.594377",5464,41.984306,21.594377,548,R,2003.0,house,2,10.4,9.3,6.2,ms,,,house,gable,7.0
"stage 1 - building 5465 - 41.984328, 21.594573",5465,41.984328,21.594573,548,R,2007.6,house,1,11.0,9.0,3.3,ms,,,house,gable,7.0
"stage 1 - building 5466 - 41.984168, 21.594617",5466,41.984168,21.594617,548,R,2025.3,house,2,20.5,14.6,6.2,ms,,,house,gable,7.0
"stage 1 - building 5467 - 41.984068, 21.594361",5467,41.984068,21.594361,548,R,2026.5,house,2,10.0,7.3,6.2,ms,,,house,gable,7.0
"stage 1 - building 5468 - 41.983939, 21.594462",5468,41.983939,21.594462,548,R,2043.0,flat,1,19.4,17.3,7.0,ms,,,house,gable,7.0
"stage 1 - building 5469 - 41.984029, 21.594798",5469,41.984029,21.594798,548,R,2045.6,house,2,10.6,8.2,6.2,ms,,,house,gable,7.0
"stage 1 - building 5470 - 41.983711, 21.594578",5470,41.983711,21.594578,548,R,2070.1,house,2,16.2,11.9,6.2,ms,,,house,gable,7.0
"stage 1 - building 5471 - 41.983774, 21.594774",5471,41.983774,21.594774,548,R,2070.5,house,1,14.8,7.1,3.3,ms,,,house,gable,7.0
"stage 1 - building 5472 - 41.983647, 21.594836",5472,41.983647,21.594836,548,R,2085.4,house,2,14.0,13.6,6.2,ms,,,house,gable,7.0
"stage 1 - building 5473 - 41.983482, 21.595091",5473,41.983482,21.595091,548,R,2110.9,house,1,7.9,7.1,3.3,ms,,,house,gable,7.0
"stage 1 - building 5474 - 41.982720, 21.595266",5474,41.982720,21.595266,548,R,2193.8,flat,1,6.0,4.3,2.7,ms,,,garage,flat,3.2
"stage 1 - building 5475 - 41.982686, 21.595510",5475,41.982686,21.595510,548,R,2205.7,flat,1,22.6,13.7,7.0,ms,,,row,flat,9.5
"stage 1 - building 5476 - 41.982566, 21.595416",5476,41.982566,21.595416,548,R,2214.5,house,1,9.6,8.9,3.3,ms,,,row,flat,9.5
"stage 1 - building 5477 - 41.982464, 21.595448",5477,41.982464,21.595448,548,R,2225.9,flat,1,6.4,4.0,2.7,ms,,,garage,flat,3.2
"stage 1 - building 5478 - 41.982113, 21.595899",5478,41.982113,21.595899,548,R,2277.1,house,1,17.6,11.1,3.3,ms,,,house,gable,7.0
"stage 1 - building 5479 - 41.982122, 21.596468",5479,41.982122,21.596468,548,R,2296.5,flat,1,6.0,4.7,2.7,ms,,,garage,flat,3.2
"stage 1 - building 5480 - 41.981848, 21.596599",5480,41.981848,21.596599,548,R,2328.6,house,1,9.3,4.9,3.3,ms,,,house,gable,7.0
"stage 1 - building 5481 - 41.981612, 21.596794",5481,41.981612,21.596794,548,R,2359.3,house,1,11.0,3.6,3.3,ms,,,garage,flat,3.2
"stage 1 - building 5482 - 41.980664, 21.596821",5482,41.980664,21.596821,548,R,2455.2,house,2,8.4,7.5,6.2,ms,,,house,gable,7.0
"stage 1 - building 5483 - 41.980541, 21.596823",5483,41.980541,21.596823,548,R,2467.7,house,2,11.9,11.4,6.2,ms,,,house,gable,7.0
"stage 1 - building 5484 - 41.980472, 21.596748",5484,41.980472,21.596748,548,R,2472.0,house,1,5.9,5.8,3.3,ms,,,garage,flat,3.2
"stage 1 - building 5485 - 41.980380, 21.596901",5485,41.980380,21.596901,548,R,2486.6,house,1,14.0,8.8,3.3,ms,,,house,gable,7.0
"stage 1 - building 5486 - 41.980466, 21.597248",5486,41.980466,21.597248,548,R,2490.2,flat,1,6.4,4.3,2.7,ms,,,garage,flat,3.2
"stage 1 - building 5487 - 41.980295, 21.596791",5487,41.980295,21.596791,548,R,2491.3,house,1,11.7,7.3,3.3,ms,,,house,gable,7.0
"stage 1 - building 5488 - 41.980212, 21.596977",5488,41.980212,21.596977,548,R,2506.1,flat,1,4.6,3.8,2.7,ms,,,garage,flat,3.2
"stage 1 - building 5489 - 41.980011, 21.597457",5489,41.980011,21.597457,548,R,2543.3,house,2,16.1,10.2,6.2,ms,,,house,gable,7.0
"stage 1 - building 5490 - 41.979924, 21.597521",5490,41.979924,21.597521,548,R,2554.3,house,2,14.4,5.4,6.2,ms,,,house,gable,7.0
"stage 1 - building 5491 - 41.979738, 21.597058",5491,41.979738,21.597058,548,R,2556.8,house,1,15.3,10.1,3.3,ms,,,house,gable,7.0
"stage 1 - building 5492 - 41.979777, 21.597196",5492,41.979777,21.597196,548,R,2557.6,house,1,13.0,10.3,3.3,ms,,,house,gable,7.0
"stage 1 - building 5493 - 41.979502, 21.597473",5493,41.979502,21.597473,548,R,2595.0,house,1,11.7,7.6,3.3,ms,,,house,gable,7.0
"stage 1 - building 5494 - 41.978985, 21.598209",5494,41.978985,21.598209,548,R,2673.0,house,1,8.8,6.5,3.3,ms,,,house,gable,7.0
"stage 1 - building 5495 - 41.978925, 21.598439",5495,41.978925,21.598439,548,R,2687.2,flat,1,5.8,4.7,2.7,ms,,,garage,flat,3.2
"stage 1 - building 5496 - 41.978809, 21.598458",5496,41.978809,21.598458,548,R,2699.5,flat,1,5.1,4.4,2.7,ms,,,garage,flat,3.2
"stage 1 - building 5497 - 41.978097, 21.598030",5497,41.978097,21.598030,548,R,2756.0,flat,1,5.8,4.7,2.7,ms,,,garage,flat,3.2
"stage 1 - building 5498 - 41.977962, 21.598146",5498,41.977962,21.598146,548,R,2773.6,house,1,8.4,5.9,3.3,ms,,,house,gable,7.0
"stage 1 - building 5499 - 41.976651, 21.599642",5499,41.976651,21.599642,548,R,2958.0,house,1,6.8,6.3,3.3,ms,,,garage,flat,3.2
"stage 1 - building 5500 - 41.976251, 21.599199",5500,41.976251,21.599199,548,R,2982.7,house,1,13.2,3.2,3.3,ms,,,garage,flat,3.2
"stage 1 - building 5501 - 41.976187, 21.599425",5501,41.976187,21.599425,548,R,2997.1,house,1,9.6,5.9,3.3,ms,,,house,gable,7.0
"stage 1 - building 5502 - 41.976319, 21.599835",5502,41.976319,21.599835,548,R,2998.1,house,1,11.3,6.8,3.3,ms,,,house,gable,7.0
"stage 1 - building 5503 - 41.973979, 21.601685",5503,41.973979,21.601685,548,R,3298.8,flat,1,5.3,3.6,2.7,ms,,,garage,flat,3.2
"stage 1 - building 5504 - 41.973936, 21.601724",5504,41.973936,21.601724,548,R,3304.6,flat,1,6.1,3.1,2.7,ms,,,garage,flat,3.2
"stage 1 - building 5505 - 41.973938, 21.601848",5505,41.973938,21.601848,548,R,3308.9,house,1,23.6,3.2,3.3,ms,,,house,gable,7.0
"stage 1 - building 5506 - 41.972243, 21.601855",5506,41.972243,21.601855,548,R,3479.2,flat,1,7.1,3.6,2.7,ms,,,garage,flat,3.2
"stage 1 - building 5507 - 41.972182, 21.601745",5507,41.972182,21.601745,548,R,3481.5,house,1,7.9,6.7,3.3,ms,,,house,gable,7.0
"stage 1 - building 5508 - 41.996290, 21.587212",5508,41.996290,21.587212,549,R,545.9,house,1,12.1,8.9,3.3,ms,,,house,gable,7.0
"stage 1 - building 5509 - 41.995833, 21.587655",5509,41.995833,21.587655,549,R,607.8,house,2,11.7,9.2,6.2,ms,,,house,gable,7.0
"stage 1 - building 5510 - 41.995271, 21.588159",5510,41.995271,21.588159,549,R,682.5,flat,1,24.8,12.7,7.0,ms,,,house,gable,7.0
"stage 1 - building 5511 - 41.994849, 21.588116",5511,41.994849,21.588116,549,R,722.6,flat,1,5.1,2.7,2.7,ms,,,garage,flat,3.2
"stage 1 - building 5512 - 41.994766, 21.588225",5512,41.994766,21.588225,549,R,734.9,house,2,18.3,9.9,6.2,osm,670528273,church,church,gable,11.0
"stage 1 - building 5513 - 41.994777, 21.588508",5513,41.994777,21.588508,549,R,744.5,house,1,7.6,4.4,3.3,ms,,,garage,flat,3.2
"stage 1 - building 5514 - 41.994610, 21.588375",5514,41.994610,21.588375,549,R,755.9,house,2,12.4,7.5,6.2,ms,,,house,gable,7.0
"stage 1 - building 5515 - 41.994432, 21.588443",5515,41.994432,21.588443,549,R,776.0,house,2,16.4,15.6,6.2,ms,,,house,gable,7.0
"stage 1 - building 5516 - 41.994307, 21.588737",5516,41.994307,21.588737,549,R,799.5,house,1,21.8,9.4,3.3,ms,,,house,gable,7.0
"stage 1 - building 5517 - 41.994131, 21.588791",5517,41.994131,21.588791,549,R,818.9,house,1,11.7,9.7,3.3,ms,,,house,gable,7.0
"stage 1 - building 5518 - 41.993969, 21.588907",5518,41.993969,21.588907,549,R,839.3,house,1,12.5,9.9,3.3,ms,,,house,gable,7.0
"stage 1 - building 5519 - 41.993896, 21.588821",5519,41.993896,21.588821,549,R,843.4,flat,1,5.0,3.1,2.7,ms,,,garage,flat,3.2
"stage 1 - building 5520 - 41.993800, 21.589070",5520,41.993800,21.589070,549,R,862.2,house,1,12.1,7.8,3.3,ms,,,house,gable,7.0
"stage 1 - building 5521 - 41.993575, 21.589136",5521,41.993575,21.589136,549,R,887.0,house,2,12.7,12.3,6.2,ms,,,house,gable,7.0
"stage 1 - building 5522 - 41.993302, 21.589207",5522,41.993302,21.589207,549,R,916.7,house,1,7.5,5.2,3.3,ms,,,garage,flat,3.2
"stage 1 - building 5523 - 41.993258, 21.589287",5523,41.993258,21.589287,549,R,924.0,house,1,8.3,7.4,3.3,ms,,,house,gable,7.0
"stage 1 - building 5524 - 41.992907, 21.589670",5524,41.992907,21.589670,549,R,973.1,house,2,17.1,5.5,6.2,ms,,,house,gable,7.0
"stage 1 - building 5525 - 41.992642, 21.589749",5525,41.992642,21.589749,549,R,1002.3,house,1,15.1,14.3,3.3,osm,670555947,residential,house,gable,7.0
"stage 1 - building 5526 - 41.992390, 21.589799",5526,41.992390,21.589799,549,R,1029.2,house,2,13.9,13.5,6.2,ms,,,house,gable,7.0
"stage 1 - building 5527 - 41.992467, 21.590005",5527,41.992467,21.590005,549,R,1029.3,house,1,19.9,12.1,3.3,ms,,,house,gable,7.0
"stage 1 - building 5528 - 41.992270, 21.590195",5528,41.992270,21.590195,549,R,1056.0,flat,1,5.7,4.2,2.7,ms,,,garage,flat,3.2
"stage 1 - building 5529 - 41.992042, 21.590159",5529,41.992042,21.590159,549,R,1077.1,house,1,12.1,11.2,3.3,ms,,,house,gable,7.0
"stage 1 - building 5530 - 41.991903, 21.590199",5530,41.991903,21.590199,549,R,1092.4,house,2,10.7,10.6,6.2,ms,,,house,gable,7.0
"stage 1 - building 5531 - 41.991730, 21.590356",5531,41.991730,21.590356,549,R,1115.4,house,2,9.2,8.0,6.2,ms,,,house,gable,7.0
"stage 1 - building 5532 - 41.991387, 21.590512",5532,41.991387,21.590512,549,R,1155.3,flat,1,19.6,15.4,7.0,ms,,,house,gable,7.0
"stage 1 - building 5533 - 41.991362, 21.590711",5533,41.991362,21.590711,549,R,1165.2,house,1,7.6,5.7,3.3,ms,,,garage,flat,3.2
"stage 1 - building 5534 - 41.991157, 21.590563",5534,41.991157,21.590563,549,R,1180.1,house,1,21.4,10.9,3.3,osm,448857912,yes,house,gable,7.0
"stage 1 - building 5535 - 41.991051, 21.590769",5535,41.991051,21.590769,549,R,1198.2,flat,1,23.7,16.4,7.0,osm,435873019,yes,house,gable,7.0
"stage 1 - building 5536 - 41.990887, 21.590766",5536,41.990887,21.590766,549,R,1214.3,flat,1,32.7,14.0,7.0,osm,447904291,yes,house,gable,7.0
"stage 1 - building 5537 - 41.990898, 21.591037",5537,41.990898,21.591037,549,R,1223.4,house,1,6.6,6.3,3.3,ms,,,garage,flat,3.2
"stage 1 - building 5538 - 41.990748, 21.591054",5538,41.990748,21.591054,549,R,1238.9,house,1,17.4,10.5,3.3,ms,,,house,gable,7.0
"stage 1 - building 5539 - 41.990626, 21.591191",5539,41.990626,21.591191,549,R,1256.1,house,1,21.5,5.7,3.3,ms,,,house,gable,7.0
"stage 1 - building 5540 - 41.990478, 21.591214",5540,41.990478,21.591214,549,R,1271.7,house,1,10.9,4.6,3.3,ms,,,house,gable,7.0
"stage 1 - building 5541 - 41.990428, 21.591130",5541,41.990428,21.591130,549,R,1273.5,house,2,10.7,5.8,6.2,ms,,,house,gable,7.0
"stage 1 - building 5542 - 41.990251, 21.591408",5542,41.990251,21.591408,549,R,1301.3,house,2,14.4,11.3,6.2,ms,,,house,gable,7.0
"stage 1 - building 5543 - 41.989988, 21.591384",5543,41.989988,21.591384,549,R,1326.5,house,2,10.5,9.2,6.2,ms,,,house,gable,7.0
"stage 1 - building 5544 - 41.989829, 21.591683",5544,41.989829,21.591683,549,R,1353.5,flat,1,31.0,14.4,7.0,ms,,,house,gable,7.0
"stage 1 - building 5545 - 41.989659, 21.591751",5545,41.989659,21.591751,549,R,1372.8,house,1,9.7,4.8,3.3,ms,,,house,gable,7.0
"stage 1 - building 5546 - 41.989497, 21.591678",5546,41.989497,21.591678,549,R,1386.3,house,1,18.2,9.9,3.3,ms,,,house,gable,7.0
"stage 1 - building 5547 - 41.989333, 21.591920",5547,41.989333,21.591920,549,R,1411.5,house,2,14.5,9.6,6.2,ms,,,house,gable,7.0
"stage 1 - building 5548 - 41.989256, 21.592041",5548,41.989256,21.592041,549,R,1423.6,house,1,10.1,5.4,3.3,ms,,,house,gable,7.0
"stage 1 - building 5549 - 41.989084, 21.592112",5549,41.989084,21.592112,549,R,1443.4,house,1,10.0,8.9,3.3,ms,,,house,gable,7.0
"stage 1 - building 5550 - 41.988941, 21.592160",5550,41.988941,21.592160,549,R,1459.3,house,2,11.4,10.4,6.2,ms,,,house,gable,7.0
"stage 1 - building 5551 - 41.988773, 21.592392",5551,41.988773,21.592392,549,R,1484.7,flat,1,5.8,4.5,2.7,ms,,,garage,flat,3.2
"stage 1 - building 5552 - 41.988703, 21.592225",5552,41.988703,21.592225,549,R,1485.4,flat,1,5.4,4.0,2.7,ms,,,garage,flat,3.2
"stage 1 - building 5553 - 41.988602, 21.592336",5553,41.988602,21.592336,549,R,1499.6,house,1,18.8,14.6,3.3,ms,,,house,gable,7.0
"stage 1 - building 5554 - 41.988455, 21.592405",5554,41.988455,21.592405,549,R,1516.7,house,2,12.2,9.9,6.2,ms,,,house,gable,7.0
"stage 1 - building 5555 - 41.988267, 21.592537",5555,41.988267,21.592537,549,R,1540.2,house,1,12.1,11.6,3.3,ms,,,house,gable,7.0
"stage 1 - building 5556 - 41.988328, 21.592693",5556,41.988328,21.592693,549,R,1540.0,house,2,13.0,10.9,6.2,ms,,,house,gable,7.0
"stage 1 - building 5557 - 41.988211, 21.592825",5557,41.988211,21.592825,549,R,1556.5,house,1,7.2,5.0,3.3,ms,,,garage,flat,3.2
"stage 1 - building 5558 - 41.988104, 21.592619",5558,41.988104,21.592619,549,R,1559.5,flat,1,5.0,4.2,2.7,ms,,,garage,flat,3.2
"stage 1 - building 5559 - 41.988031, 21.592765",5559,41.988031,21.592765,549,R,1572.2,house,2,14.3,10.0,6.2,ms,,,house,gable,7.0
"stage 1 - building 5560 - 41.987856, 21.592780",5560,41.987856,21.592780,549,R,1590.1,house,1,7.1,6.5,3.3,ms,,,row,flat,9.5
"stage 1 - building 5561 - 41.987867, 21.592909",5561,41.987867,21.592909,549,R,1593.8,house,2,12.2,11.5,6.2,ms,,,house,gable,7.0
"stage 1 - building 5562 - 41.987598, 21.592929",5562,41.987598,21.592929,549,R,1621.3,house,1,13.5,11.8,3.3,ms,,,house,gable,7.0
"stage 1 - building 5563 - 41.987190, 21.593398",5563,41.987190,21.593398,549,R,1679.2,house,2,13.5,9.9,6.2,ms,,,house,gable,7.0
"stage 1 - building 5564 - 41.987090, 21.593569",5564,41.987090,21.593569,549,R,1695.5,house,1,9.4,5.2,3.3,ms,,,house,gable,7.0
"stage 1 - building 5565 - 41.986877, 21.593377",5565,41.986877,21.593377,549,R,1709.5,house,1,10.5,4.8,3.3,ms,,,house,gable,7.0
"stage 1 - building 5566 - 41.986944, 21.593598",5566,41.986944,21.593598,549,R,1711.0,flat,1,19.1,17.1,7.0,ms,,,house,gable,7.0
"stage 1 - building 5567 - 41.986780, 21.593709",5567,41.986780,21.593709,549,R,1731.4,flat,1,18.6,16.5,7.0,ms,,,house,gable,7.0
"stage 1 - building 5568 - 41.986555, 21.593688",5568,41.986555,21.593688,549,R,1753.0,house,2,12.7,10.8,6.2,ms,,,house,gable,7.0
"stage 1 - building 5569 - 41.986466, 21.593826",5569,41.986466,21.593826,549,R,1766.9,house,2,9.4,7.7,6.2,ms,,,house,gable,7.0
"stage 1 - building 5570 - 41.986310, 21.593971",5570,41.986310,21.593971,549,R,1787.9,house,2,24.0,6.2,6.2,ms,,,house,gable,7.0
"stage 1 - building 5571 - 41.985062, 21.594630",5571,41.985062,21.594630,549,R,1936.3,house,1,8.1,5.3,3.3,ms,,,garage,flat,3.2
"stage 1 - building 5572 - 41.984828, 21.594808",5572,41.984828,21.594808,549,R,1966.1,flat,1,6.7,4.1,2.7,ms,,,garage,flat,3.2
"stage 1 - building 5573 - 41.983563, 21.595646",5573,41.983563,21.595646,549,R,2122.8,house,2,21.1,12.6,6.2,ms,,,house,gable,7.0
"stage 1 - building 5574 - 41.982194, 21.597237",5574,41.982194,21.597237,549,R,2318.1,flat,1,4.1,3.1,2.7,ms,,,garage,flat,3.2
"stage 1 - building 5575 - 41.981849, 21.596715",5575,41.981849,21.596715,549,R,2332.7,house,2,12.1,8.0,6.2,osm,671692609,house,house,gable,7.0
"stage 1 - building 5576 - 41.982046, 21.597420",5576,41.982046,21.597420,549,R,2339.7,house,2,12.6,11.3,6.2,ms,,,house,gable,7.0
"stage 1 - building 5577 - 41.981771, 21.596774",5577,41.981771,21.596774,549,R,2342.7,house,2,15.0,11.7,6.2,ms,,,house,gable,7.0
"stage 1 - building 5578 - 41.981558, 21.597665",5578,41.981558,21.597665,549,R,2397.1,house,1,11.8,11.1,3.3,ms,,,house,gable,7.0
"stage 1 - building 5579 - 41.980920, 21.597809",5579,41.980920,21.597809,549,R,2465.6,house,2,8.1,7.9,6.2,ms,,,house,gable,7.0
"stage 1 - building 5580 - 41.980783, 21.597616",5580,41.980783,21.597616,549,R,2471.9,house,1,5.9,5.4,3.3,ms,,,garage,flat,3.2
"stage 1 - building 5581 - 41.980775, 21.597879",5581,41.980775,21.597879,549,R,2482.6,house,1,7.6,5.8,3.3,ms,,,garage,flat,3.2
"stage 1 - building 5582 - 41.980634, 21.597670",5582,41.980634,21.597670,549,R,2488.7,house,1,16.1,11.2,3.3,osm,671692611,yes,house,gable,7.0
"stage 1 - building 5583 - 41.980628, 21.597963",5583,41.980628,21.597963,549,R,2500.3,house,1,10.5,8.4,3.3,ms,,,house,gable,7.0
"stage 1 - building 5584 - 41.980241, 21.597783",5584,41.980241,21.597783,549,R,2532.1,flat,1,5.5,4.3,2.7,ms,,,garage,flat,3.2
"stage 1 - building 5585 - 41.980153, 21.598011",5585,41.980153,21.598011,549,R,2549.2,house,1,10.5,9.5,3.3,ms,,,house,gable,7.0
"stage 1 - building 5586 - 41.980184, 21.598240",5586,41.980184,21.598240,549,R,2554.7,house,1,10.1,7.8,3.3,ms,,,house,gable,7.0
"stage 1 - building 5587 - 41.980039, 21.598127",5587,41.980039,21.598127,549,R,2564.8,house,2,9.7,8.5,6.2,ms,,,house,gable,7.0
"stage 1 - building 5588 - 41.979001, 21.599117",5588,41.979001,21.599117,549,R,2704.7,house,1,8.6,8.4,3.3,ms,,,house,gable,7.0
"stage 1 - building 5589 - 41.978863, 21.599214",5589,41.978863,21.599214,549,R,2722.0,flat,1,6.5,3.5,2.7,ms,,,garage,flat,3.2
"stage 1 - building 5590 - 41.978915, 21.599350",5590,41.978915,21.599350,549,R,2722.0,flat,1,5.6,4.3,2.7,ms,,,garage,flat,3.2
"stage 1 - building 5591 - 41.978788, 21.599264",5591,41.978788,21.599264,549,R,2731.3,house,2,14.4,8.7,6.2,ms,,,house,gable,7.0
"stage 1 - building 5592 - 41.978791, 21.599472",5592,41.978791,21.599472,549,R,2738.9,flat,1,7.7,3.0,2.7,ms,,,garage,flat,3.2
"stage 1 - building 5593 - 41.978886, 21.599769",5593,41.978886,21.599769,549,R,2740.9,house,1,8.8,6.2,3.3,ms,,,house,gable,7.0
"stage 1 - building 5594 - 41.978661, 21.599298",5594,41.978661,21.599298,549,R,2745.2,house,2,12.7,6.5,6.2,ms,,,house,gable,7.0
"stage 1 - building 5595 - 41.978787, 21.599836",5595,41.978787,21.599836,549,R,2753.2,house,1,11.3,7.1,3.3,ms,,,house,gable,7.0
"stage 1 - building 5596 - 41.978654, 21.599666",5596,41.978654,21.599666,549,R,2759.8,flat,1,6.4,4.4,2.7,ms,,,garage,flat,3.2
"stage 1 - building 5597 - 41.978699, 21.599901",5597,41.978699,21.599901,549,R,2764.5,house,2,11.9,10.0,6.2,ms,,,house,gable,7.0
"stage 1 - building 5598 - 41.978436, 21.599666",5598,41.978436,21.599666,549,R,2781.2,house,1,7.1,5.5,3.3,ms,,,garage,flat,3.2
"stage 1 - building 5599 - 41.976488, 21.600292",5599,41.976488,21.600292,549,R,2997.8,flat,1,6.9,2.9,2.7,ms,,,garage,flat,3.2
"stage 1 - building 5600 - 41.975042, 21.602436",5600,41.975042,21.602436,549,R,3221.7,house,1,8.4,3.7,3.3,ms,,,garage,flat,3.2
"stage 1 - building 5601 - 41.974962, 21.602526",5601,41.974962,21.602526,549,R,3233.0,house,2,11.1,6.0,6.2,ms,,,house,gable,7.0
"stage 1 - building 5602 - 41.974044, 21.601898",5602,41.974044,21.601898,549,R,3300.1,house,1,9.0,4.0,3.3,ms,,,garage,flat,3.2
"stage 1 - building 5603 - 41.974305, 21.602963",5603,41.974305,21.602963,549,R,3314.4,house,1,11.4,4.5,3.3,ms,,,house,gable,7.0
"stage 1 - building 5604 - 41.973905, 21.602007",5604,41.973905,21.602007,549,R,3318.0,house,1,8.5,3.8,3.3,ms,,,garage,flat,3.2
"stage 1 - building 5605 - 41.973819, 21.602002",5605,41.973819,21.602002,549,R,3326.4,flat,1,26.0,14.7,7.0,ms,,,house,gable,7.0
"stage 1 - building 5606 - 41.973959, 21.602822",5606,41.973959,21.602822,549,R,3343.1,flat,1,4.4,3.5,2.7,ms,,,garage,flat,3.2
"stage 1 - building 5607 - 41.973979, 21.602899",5607,41.973979,21.602899,549,R,3344.0,house,1,7.4,5.7,3.3,ms,,,garage,flat,3.2
"stage 1 - building 5608 - 41.972298, 21.603542",5608,41.972298,21.603542,549,R,3534.5,house,1,8.7,5.5,3.3,ms,,,house,gable,7.0
"stage 1 - building 5609 - 41.972345, 21.603662",5609,41.972345,21.603662,549,R,3534.3,house,1,6.3,5.9,3.3,ms,,,garage,flat,3.2
"stage 1 - building 5610 - 41.972395, 21.603815",5610,41.972395,21.603815,549,R,3535.2,house,2,10.4,9.2,6.2,ms,,,house,gable,7.0
"stage 1 - building 5611 - 41.972237, 21.604086",5611,41.972237,21.604086,549,R,3561.1,house,1,10.9,10.1,3.3,ms,,,house,gable,7.0
"stage 1 - building 5612 - 41.972061, 21.604579",5612,41.972061,21.604579,549,R,3597.4,house,1,8.7,6.2,3.3,ms,,,house,gable,7.0
"stage 1 - building 5613 - 41.996287, 21.587463",5613,41.996287,21.587463,550,R,555.8,house,2,15.8,15.6,6.2,ms,,,house,gable,7.0
"stage 1 - building 5614 - 41.996201, 21.587667",5614,41.996201,21.587667,550,R,572.3,house,1,11.8,9.7,3.3,ms,,,row,flat,9.5
"stage 1 - building 5615 - 41.996072, 21.587739",5615,41.996072,21.587739,550,R,587.7,flat,1,5.7,3.5,2.7,ms,,,garage,flat,3.2
"stage 1 - building 5616 - 41.995930, 21.587994",5616,41.995930,21.587994,550,R,611.8,house,2,11.4,9.9,6.2,ms,,,house,gable,7.0
"stage 1 - building 5617 - 41.995842, 21.587854",5617,41.995842,21.587854,550,R,614.6,house,1,7.4,6.6,3.3,ms,,,house,gable,7.0
"stage 1 - building 5618 - 41.995745, 21.587947",5618,41.995745,21.587947,550,R,627.8,house,1,12.3,10.8,3.3,ms,,,house,gable,7.0
"stage 1 - building 5619 - 41.995618, 21.588031",5619,41.995618,21.588031,550,R,643.6,flat,1,4.6,3.1,2.7,ms,,,garage,flat,3.2
"stage 1 - building 5620 - 41.995579, 21.588282",5620,41.995579,21.588282,550,R,657.6,house,1,7.5,5.7,3.3,ms,,,garage,flat,3.2
"stage 1 - building 5621 - 41.995488, 21.588236",5621,41.995488,21.588236,550,R,664.4,house,1,11.8,9.0,3.3,ms,,,house,gable,7.0
"stage 1 - building 5622 - 41.995420, 21.588387",5622,41.995420,21.588387,550,R,677.2,house,1,7.1,4.6,3.3,ms,,,garage,flat,3.2
"stage 1 - building 5623 - 41.995169, 21.588370",5623,41.995169,21.588370,550,R,700.7,house,2,14.4,8.9,6.2,ms,,,house,gable,7.0
"stage 1 - building 5624 - 41.994972, 21.588606",5624,41.994972,21.588606,550,R,729.4,house,1,7.6,5.8,3.3,ms,,,garage,flat,3.2
"stage 1 - building 5625 - 41.994967, 21.588747",5625,41.994967,21.588747,550,R,735.7,house,1,8.8,4.7,3.3,ms,,,garage,flat,3.2
"stage 1 - building 5626 - 41.994779, 21.588694",5626,41.994779,21.588694,550,R,751.6,house,1,12.5,7.6,3.3,ms,,,house,gable,7.0
"stage 1 - building 5627 - 41.994708, 21.588756",5627,41.994708,21.588756,550,R,761.1,flat,1,5.5,2.4,2.7,ms,,,garage,flat,3.2
"stage 1 - building 5628 - 41.994632, 21.588734",5628,41.994632,21.588734,550,R,767.5,house,1,8.2,5.1,3.3,ms,,,garage,flat,3.2
"stage 1 - building 5629 - 41.994532, 21.588811",5629,41.994532,21.588811,550,R,780.4,house,1,9.4,4.9,3.3,ms,,,house,gable,7.0
"stage 1 - building 5630 - 41.994460, 21.588893",5630,41.994460,21.588893,550,R,790.7,house,2,11.2,7.2,6.2,ms,,,house,gable,7.0
"stage 1 - building 5631 - 41.994339, 21.589066",5631,41.994339,21.589066,550,R,809.4,house,1,6.1,5.6,3.3,ms,,,garage,flat,3.2
"stage 1 - building 5632 - 41.994313, 21.589008",5632,41.994313,21.589008,550,R,809.6,flat,1,5.9,4.4,2.7,ms,,,garage,flat,3.2
"stage 1 - building 5633 - 41.994147, 21.589031",5633,41.994147,21.589031,550,R,826.6,flat,1,26.9,11.2,7.0,ms,,,house,gable,7.0
"stage 1 - building 5634 - 41.994185, 21.589293",5634,41.994185,21.589293,550,R,833.5,house,1,15.8,14.0,3.3,ms,,,house,gable,7.0
"stage 1 - building 5635 - 41.993990, 21.589151",5635,41.993990,21.589151,550,R,846.7,house,1,7.5,6.2,3.3,ms,,,house,gable,7.0
"stage 1 - building 5636 - 41.993866, 21.589224",5636,41.993866,21.589224,550,R,861.8,flat,1,7.8,3.6,2.7,ms,,,garage,flat,3.2
"stage 1 - building 5637 - 41.993951, 21.589486",5637,41.993951,21.589486,550,R,864.0,house,2,11.3,9.9,6.2,ms,,,house,gable,7.0
"stage 1 - building 5638 - 41.993764, 21.589387",5638,41.993764,21.589387,550,R,878.1,house,2,16.6,13.0,6.2,ms,,,house,gable,7.0
"stage 1 - building 5639 - 41.993829, 21.589582",5639,41.993829,21.589582,550,R,879.7,house,2,14.2,11.7,6.2,ms,,,house,gable,7.0
"stage 1 - building 5640 - 41.993323, 21.589624",5640,41.993323,21.589624,550,R,930.6,house,1,7.8,5.5,3.3,ms,,,garage,flat,3.2
"stage 1 - building 5641 - 41.992721, 21.590003",5641,41.992721,21.590003,550,R,1004.3,house,1,13.6,13.0,3.3,ms,,,house,gable,7.0
"stage 1 - building 5642 - 41.992617, 21.590342",5642,41.992617,21.590342,550,R,1027.8,flat,1,4.9,3.7,2.7,ms,,,garage,flat,3.2
"stage 1 - building 5643 - 41.992540, 21.590214",5643,41.992540,21.590214,550,R,1030.3,house,2,13.8,11.3,6.2,ms,,,house,gable,7.0
"stage 1 - building 5644 - 41.992531, 21.590381",5644,41.992531,21.590381,550,R,1037.8,house,1,8.0,5.3,3.3,ms,,,garage,flat,3.2
"stage 1 - building 5645 - 41.992364, 21.590594",5645,41.992364,21.590594,550,R,1062.6,house,1,10.2,4.7,3.3,ms,,,house,gable,7.0
"stage 1 - building 5646 - 41.992168, 21.590445",5646,41.992168,21.590445,550,R,1075.8,house,1,7.8,7.5,3.3,ms,,,house,gable,7.0
"stage 1 - building 5647 - 41.990954, 21.591556",5647,41.990954,21.591556,550,R,1238.2,house,2,9.4,8.9,6.2,ms,,,house,gable,7.0
"stage 1 - building 5648 - 41.991029, 21.591775",5648,41.991029,21.591775,550,R,1239.9,house,2,12.5,10.3,6.2,ms,,,house,gable,7.0
"stage 1 - building 5649 - 41.987295, 21.594721",5649,41.987295,21.594721,550,R,1721.1,house,1,13.6,10.4,3.3,ms,,,house,gable,7.0
"stage 1 - building 5650 - 41.985941, 21.595261",5650,41.985941,21.595261,550,R,1874.0,house,2,13.5,12.8,6.2,ms,,,house,gable,7.0
"stage 1 - building 5651 - 41.985609, 21.595417",5651,41.985609,21.595417,550,R,1912.5,house,1,11.2,10.5,3.3,ms,,,house,gable,7.0
"stage 1 - building 5652 - 41.985658, 21.595632",5652,41.985658,21.595632,550,R,1916.4,house,2,14.0,10.8,6.2,ms,,,house,gable,7.0
"stage 1 - building 5653 - 41.985423, 21.595524",5653,41.985423,21.595524,550,R,1934.9,house,1,10.5,10.3,3.3,ms,,,house,gable,7.0
"stage 1 - building 5654 - 41.985485, 21.595754",5654,41.985485,21.595754,550,R,1938.1,house,1,14.0,11.1,3.3,ms,,,house,gable,7.0
"stage 1 - building 5655 - 41.985176, 21.595641",5655,41.985176,21.595641,550,R,1963.6,house,2,12.3,12.2,6.2,ms,,,house,gable,7.0
"stage 1 - building 5656 - 41.985254, 21.595884",5656,41.985254,21.595884,550,R,1965.8,house,2,14.4,10.9,6.2,ms,,,house,gable,7.0
"stage 1 - building 5657 - 41.985033, 21.595704",5657,41.985033,21.595704,550,R,1980.1,house,2,12.8,12.4,6.2,ms,,,house,gable,7.0
"stage 1 - building 5658 - 41.985100, 21.595964",5658,41.985100,21.595964,550,R,1983.9,house,1,13.7,11.3,3.3,ms,,,house,gable,7.0
"stage 1 - building 5659 - 41.984866, 21.595787",5659,41.984866,21.595787,550,R,1999.6,house,2,10.3,8.8,6.2,ms,,,house,gable,7.0
"stage 1 - building 5660 - 41.984966, 21.596040",5660,41.984966,21.596040,550,R,2000.0,house,1,12.7,9.9,3.3,ms,,,house,gable,7.0
"stage 1 - building 5661 - 41.984615, 21.595959",5661,41.984615,21.595959,550,R,2031.0,house,1,11.2,10.2,3.3,ms,,,house,gable,7.0
"stage 1 - building 5662 - 41.984827, 21.596659",5662,41.984827,21.596659,550,R,2038.8,house,2,11.5,9.2,6.2,ms,,,house,gable,7.0
"stage 1 - building 5663 - 41.984454, 21.596017",5663,41.984454,21.596017,550,R,2049.0,house,2,18.1,12.7,6.2,ms,,,house,gable,7.0
"stage 1 - building 5664 - 41.984695, 21.596574",5664,41.984695,21.596574,550,R,2048.0,house,2,10.2,10.1,6.2,ms,,,house,gable,7.0
"stage 1 - building 5665 - 41.984573, 21.596513",5665,41.984573,21.596513,550,R,2057.2,house,1,11.4,11.1,3.3,ms,,,house,gable,7.0
"stage 1 - building 5666 - 41.984450, 21.596432",5666,41.984450,21.596432,550,R,2065.9,house,1,13.5,11.4,3.3,ms,,,house,gable,7.0
"stage 1 - building 5667 - 41.984305, 21.596344",5667,41.984305,21.596344,550,R,2076.4,house,2,10.9,10.7,6.2,ms,,,house,gable,7.0
"stage 1 - building 5668 - 41.984437, 21.596712",5668,41.984437,21.596712,550,R,2078.5,house,1,11.8,11.8,3.3,ms,,,house,gable,7.0
"stage 1 - building 5669 - 41.984193, 21.596260",5669,41.984193,21.596260,550,R,2084.0,house,1,11.3,10.6,3.3,ms,,,house,gable,7.0
"stage 1 - building 5670 - 41.984303, 21.596633",5670,41.984303,21.596633,550,R,2088.3,house,2,10.7,10.6,6.2,ms,,,house,gable,7.0
"stage 1 - building 5671 - 41.984167, 21.596532",5671,41.984167,21.596532,550,R,2097.4,house,2,11.2,9.7,6.2,ms,,,house,gable,7.0
"stage 1 - building 5672 - 41.984027, 21.596451",5672,41.984027,21.596451,550,R,2107.8,house,2,9.7,7.0,6.2,ms,,,house,gable,7.0
"stage 1 - building 5673 - 41.982757, 21.597403",5673,41.982757,21.597403,550,R,2269.4,house,2,21.8,5.8,6.2,ms,,,house,gable,7.0
"stage 1 - building 5674 - 41.982619, 21.597397",5674,41.982619,21.597397,550,R,2282.6,house,1,10.3,5.0,3.3,ms,,,house,gable,7.0
"stage 1 - building 5675 - 41.982480, 21.597365",5675,41.982480,21.597365,550,R,2295.0,house,1,8.3,3.9,3.3,ms,,,garage,flat,3.2
"stage 1 - building 5676 - 41.982729, 21.597980",5676,41.982729,21.597980,550,R,2295.4,house,2,11.7,6.2,6.2,ms,,,house,gable,7.0
"stage 1 - building 5677 - 41.982549, 21.597828",5677,41.982549,21.597828,550,R,2306.6,house,2,11.2,10.8,6.2,ms,,,house,gable,7.0
"stage 1 - building 5678 - 41.982405, 21.597705",5678,41.982405,21.597705,550,R,2315.8,house,2,13.4,12.6,6.2,ms,,,house,gable,7.0
"stage 1 - building 5679 - 41.982023, 21.598021",5679,41.982023,21.598021,550,R,2365.6,house,2,13.3,13.3,6.2,ms,,,house,gable,7.0
"stage 1 - building 5680 - 41.981570, 21.598375",5680,41.981570,21.598375,550,R,2423.7,house,1,8.9,3.7,3.3,ms,,,garage,flat,3.2
"stage 1 - building 5681 - 41.981382, 21.598996",5681,41.981382,21.598996,550,R,2467.0,house,1,9.3,4.7,3.3,ms,,,garage,flat,3.2
"stage 1 - building 5682 - 41.980832, 21.598949",5682,41.980832,21.598949,550,R,2518.5,flat,1,32.2,25.1,7.0,ms,,,commercial,flat,7.0
"stage 1 - building 5683 - 41.980896, 21.599530",5683,41.980896,21.599530,550,R,2535.8,house,2,14.4,11.9,6.2,ms,,,house,gable,7.0
"stage 1 - building 5684 - 41.980633, 21.599143",5684,41.980633,21.599143,550,R,2545.5,flat,1,3.7,3.5,2.7,ms,,,garage,flat,3.2
"stage 1 - building 5685 - 41.979700, 21.600006",5685,41.979700,21.600006,550,R,2670.9,house,1,21.5,12.2,3.3,ms,,,house,gable,7.0
"stage 1 - building 5686 - 41.979657, 21.600334",5686,41.979657,21.600334,550,R,2688.4,house,1,8.4,8.3,3.3,ms,,,house,gable,7.0
"stage 1 - building 5687 - 41.978814, 21.599989",5687,41.978814,21.599989,550,R,2756.5,flat,1,4.1,3.3,2.7,ms,,,garage,flat,3.2
"stage 1 - building 5688 - 41.977946, 21.601932",5688,41.977946,21.601932,550,R,2919.1,house,2,14.3,12.3,6.2,ms,,,house,gable,7.0
"stage 1 - building 5689 - 41.977872, 21.602086",5689,41.977872,21.602086,550,R,2932.6,house,2,10.5,9.6,6.2,ms,,,house,gable,7.0
"stage 1 - building 5690 - 41.977249, 21.601899",5690,41.977249,21.601899,550,R,2985.1,house,1,14.4,9.8,3.3,ms,,,house,gable,7.0
"stage 1 - building 5691 - 41.977232, 21.602048",5691,41.977232,21.602048,550,R,2992.8,house,1,8.2,5.8,3.3,ms,,,house,gable,7.0
"stage 1 - building 5692 - 41.976887, 21.601822",5692,41.976887,21.601822,550,R,3017.1,house,1,11.6,9.0,3.3,ms,,,house,gable,7.0
"stage 1 - building 5693 - 41.977098, 21.602435",5693,41.977098,21.602435,550,R,3021.5,house,1,6.3,6.2,3.3,ms,,,garage,flat,3.2
"stage 1 - building 5694 - 41.975641, 21.602644",5694,41.975641,21.602644,550,R,3171.2,house,1,7.8,7.7,3.3,ms,,,house,gable,7.0
"stage 1 - building 5695 - 41.975211, 21.602783",5695,41.975211,21.602783,550,R,3218.6,house,2,12.0,10.7,6.2,ms,,,house,gable,7.0
"stage 1 - building 5696 - 41.975294, 21.603027",5696,41.975294,21.603027,550,R,3220.3,house,1,8.1,6.9,3.3,ms,,,house,gable,7.0
"stage 1 - building 5697 - 41.975042, 21.602928",5697,41.975042,21.602928,550,R,3240.9,house,1,9.8,5.5,3.3,ms,,,house,gable,7.0
"stage 1 - building 5698 - 41.975004, 21.602852",5698,41.975004,21.602852,550,R,3241.6,flat,1,5.7,4.2,2.7,ms,,,garage,flat,3.2
"stage 1 - building 5699 - 41.974517, 21.603414",5699,41.974517,21.603414,550,R,3311.4,house,1,15.6,11.1,3.3,ms,,,house,gable,7.0
"stage 1 - building 5700 - 41.974036, 21.603807",5700,41.974036,21.603807,550,R,3373.8,house,2,12.4,9.5,6.2,ms,,,house,gable,7.0
"stage 1 - building 5701 - 41.973712, 21.604167",5701,41.973712,21.604167,550,R,3419.7,house,1,9.2,7.0,3.3,ms,,,house,gable,7.0
"stage 1 - building 5702 - 41.973639, 21.604019",5702,41.973639,21.604019,550,R,3420.9,house,1,12.2,5.9,3.3,ms,,,house,gable,7.0
"stage 1 - building 5703 - 41.973580, 21.603887",5703,41.973580,21.603887,550,R,3421.5,house,1,8.1,6.8,3.3,ms,,,house,gable,7.0
"stage 1 - building 5704 - 41.996316, 21.587726",5704,41.996316,21.587726,551,R,563.6,house,2,18.9,14.4,6.2,ms,,,house,gable,7.0
"stage 1 - building 5705 - 41.996255, 21.588049",5705,41.996255,21.588049,551,R,583.3,house,2,15.3,11.4,6.2,ms,,,house,gable,7.0
"stage 1 - building 5706 - 41.996103, 21.588016",5706,41.996103,21.588016,551,R,596.2,house,2,12.0,9.5,6.2,ms,,,house,gable,7.0
"stage 1 - building 5707 - 41.995992, 21.588162",5707,41.995992,21.588162,551,R,613.0,house,2,13.0,11.0,6.2,ms,,,house,gable,7.0
"stage 1 - building 5708 - 41.995771, 21.588400",5708,41.995771,21.588400,551,R,644.3,house,1,16.8,9.8,3.3,ms,,,house,gable,7.0
"stage 1 - building 5709 - 41.995276, 21.588646",5709,41.995276,21.588646,551,R,701.9,flat,1,35.7,17.2,7.0,ms,,,commercial,flat,7.0
"stage 1 - building 5710 - 41.994731, 21.588953",5710,41.994731,21.588953,551,R,766.9,house,2,13.1,10.2,6.2,ms,,,house,gable,7.0
"stage 1 - building 5711 - 41.994413, 21.589253",5711,41.994413,21.589253,551,R,809.9,house,2,28.7,7.9,6.2,ms,,,house,gable,7.0
"stage 1 - building 5712 - 41.994454, 21.589618",5712,41.994454,21.589618,551,R,821.9,house,2,11.0,7.3,6.2,ms,,,house,gable,7.0
"stage 1 - building 5713 - 41.994302, 21.589577",5713,41.994302,21.589577,551,R,834.3,flat,1,19.2,15.7,7.0,ms,,,house,gable,7.0
"stage 1 - building 5714 - 41.994287, 21.589711",5714,41.994287,21.589711,551,R,841.7,house,2,10.4,6.8,6.2,ms,,,house,gable,7.0
"stage 1 - building 5715 - 41.994079, 21.589900",5715,41.994079,21.589900,551,R,869.5,house,1,11.9,11.4,3.3,ms,,,house,gable,7.0
"stage 1 - building 5716 - 41.993878, 21.589854",5716,41.993878,21.589854,551,R,886.5,house,1,11.7,11.3,3.3,ms,,,house,gable,7.0
"stage 1 - building 5717 - 41.992710, 21.590785",5717,41.992710,21.590785,551,R,1037.5,house,2,14.3,13.2,6.2,ms,,,house,gable,7.0
"stage 1 - building 5718 - 41.991482, 21.591538",5718,41.991482,21.591538,551,R,1186.5,house,1,6.0,5.6,3.3,ms,,,garage,flat,3.2
"stage 1 - building 5719 - 41.991429, 21.591758",5719,41.991429,21.591758,551,R,1200.9,flat,1,4.7,3.9,2.7,ms,,,garage,flat,3.2
"stage 1 - building 5720 - 41.991392, 21.591784",5720,41.991392,21.591784,551,R,1205.5,flat,1,4.3,4.3,2.7,ms,,,garage,flat,3.2
"stage 1 - building 5721 - 41.991452, 21.591985",5721,41.991452,21.591985,551,R,1208.5,house,1,7.7,6.5,3.3,ms,,,house,gable,7.0
"stage 1 - building 5722 - 41.991229, 21.591999",5722,41.991229,21.591999,551,R,1230.3,house,2,10.1,9.9,6.2,ms,,,house,gable,7.0
"stage 1 - building 5723 - 41.988374, 21.594313",5723,41.988374,21.594313,551,R,1600.8,house,1,11.2,10.8,3.3,ms,,,house,gable,7.0
"stage 1 - building 5724 - 41.988087, 21.594521",5724,41.988087,21.594521,551,R,1637.0,house,1,15.3,10.9,3.3,ms,,,house,gable,7.0
"stage 1 - building 5725 - 41.987902, 21.594586",5725,41.987902,21.594586,551,R,1657.3,house,2,11.2,10.4,6.2,ms,,,house,gable,7.0
"stage 1 - building 5726 - 41.987738, 21.594705",5726,41.987738,21.594705,551,R,1678.1,house,2,11.2,7.3,6.2,ms,,,house,gable,7.0
"stage 1 - building 5727 - 41.987377, 21.594948",5727,41.987377,21.594948,551,R,1722.8,house,2,11.9,11.1,6.2,ms,,,house,gable,7.0
"stage 1 - building 5728 - 41.987192, 21.595103",5728,41.987192,21.595103,551,R,1747.0,house,1,12.9,12.3,3.3,ms,,,house,gable,7.0
"stage 1 - building 5729 - 41.987030, 21.595583",5729,41.987030,21.595583,551,R,1783.0,house,2,12.4,10.8,6.2,ms,,,house,gable,7.0
"stage 1 - building 5730 - 41.986881, 21.595688",5730,41.986881,21.595688,551,R,1801.6,house,2,11.6,9.6,6.2,ms,,,house,gable,7.0
"stage 1 - building 5731 - 41.986989, 21.595963",5731,41.986989,21.595963,551,R,1803.6,house,2,13.6,9.5,6.2,ms,,,house,gable,7.0
"stage 1 - building 5732 - 41.986761, 21.595804",5732,41.986761,21.595804,551,R,1818.1,house,2,12.8,10.9,6.2,ms,,,house,gable,7.0
"stage 1 - building 5733 - 41.986847, 21.596057",5733,41.986847,21.596057,551,R,1821.0,house,2,12.6,12.2,6.2,ms,,,house,gable,7.0
"stage 1 - building 5734 - 41.986563, 21.596227",5734,41.986563,21.596227,551,R,1855.3,house,1,12.8,10.2,3.3,ms,,,house,gable,7.0
"stage 1 - building 5735 - 41.986225, 21.596331",5735,41.986225,21.596331,551,R,1891.6,house,2,13.6,12.0,6.2,ms,,,house,gable,7.0
"stage 1 - building 5736 - 41.985906, 21.595833",5736,41.985906,21.595833,551,R,1900.8,house,1,10.6,9.3,3.3,ms,,,house,gable,7.0
"stage 1 - building 5737 - 41.985791, 21.596057",5737,41.985791,21.596057,551,R,1921.2,house,2,14.5,11.4,6.2,ms,,,house,gable,7.0
"stage 1 - building 5738 - 41.985622, 21.596175",5738,41.985622,21.596175,551,R,1942.3,house,1,10.4,10.2,3.3,ms,,,house,gable,7.0
"stage 1 - building 5739 - 41.985486, 21.597122",5739,41.985486,21.597122,551,R,1996.0,house,2,12.2,10.6,6.2,ms,,,house,gable,7.0
"stage 1 - building 5740 - 41.985338, 21.597015",5740,41.985338,21.597015,551,R,2005.2,house,1,12.5,10.1,3.3,ms,,,house,gable,7.0
"stage 1 - building 5741 - 41.985198, 21.596922",5741,41.985198,21.596922,551,R,2014.5,house,2,12.5,10.6,6.2,ms,,,house,gable,7.0
"stage 1 - building 5742 - 41.985228, 21.597235",5742,41.985228,21.597235,551,R,2025.3,house,2,12.7,8.7,6.2,ms,,,house,gable,7.0
"stage 1 - building 5743 - 41.984970, 21.596774",5743,41.984970,21.596774,551,R,2029.9,house,2,12.8,9.2,6.2,ms,,,house,gable,7.0
"stage 1 - building 5744 - 41.984964, 21.597518",5744,41.984964,21.597518,551,R,2062.5,house,2,12.2,8.6,6.2,ms,,,house,gable,7.0
"stage 1 - building 5745 - 41.983399, 21.598381",5745,41.983399,21.598381,551,R,2248.0,house,1,14.1,3.9,3.3,ms,,,house,gable,7.0
"stage 1 - building 5746 - 41.982851, 21.598467",5746,41.982851,21.598467,551,R,2303.9,house,1,10.6,5.3,3.3,ms,,,house,gable,7.0
"stage 1 - building 5747 - 41.982728, 21.598617",5747,41.982728,21.598617,551,R,2322.0,house,1,24.3,10.3,3.3,ms,,,house,gable,7.0
"stage 1 - building 5748 - 41.982630, 21.598827",5748,41.982630,21.598827,551,R,2340.3,flat,1,5.3,3.6,2.7,ms,,,garage,flat,3.2
"stage 1 - building 5749 - 41.980779, 21.600768",5749,41.980779,21.600768,551,R,2599.5,flat,1,5.1,4.8,2.7,ms,,,garage,flat,3.2
"stage 1 - building 5750 - 41.980232, 21.601700",5750,41.980232,21.601700,551,R,2691.9,house,1,11.8,6.6,3.3,ms,,,house,gable,7.0
"stage 1 - building 5751 - 41.978430, 21.602301",5751,41.978430,21.602301,551,R,2888.4,house,2,13.1,11.0,6.2,ms,,,house,gable,7.0
"stage 1 - building 5752 - 41.978170, 21.602179",5752,41.978170,21.602179,551,R,2908.0,house,1,11.1,10.0,3.3,ms,,,house,gable,7.0
"stage 1 - building 5753 - 41.978083, 21.602042",5753,41.978083,21.602042,551,R,2910.6,house,1,24.4,7.3,3.3,ms,,,house,gable,7.0
"stage 1 - building 5754 - 41.978004, 21.602093",5754,41.978004,21.602093,551,R,2920.3,flat,1,5.9,4.6,2.7,ms,,,garage,flat,3.2
"stage 1 - building 5755 - 41.977881, 21.602345",5755,41.977881,21.602345,551,R,2942.6,flat,1,24.6,18.8,7.0,ms,,,house,gable,7.0
"stage 1 - building 5756 - 41.974623, 21.604907",5756,41.974623,21.604907,551,R,3362.1,house,1,7.5,6.4,3.3,ms,,,house,gable,7.0
"stage 1 - building 5757 - 41.974683, 21.605113",5757,41.974683,21.605113,551,R,3365.2,house,1,10.2,4.7,3.3,ms,,,house,gable,7.0
"stage 1 - building 5758 - 41.974519, 21.604981",5758,41.974519,21.604981,551,R,3375.1,flat,1,5.4,5.0,2.7,ms,,,garage,flat,3.2
"stage 1 - building 5759 - 41.996257, 21.588267",5759,41.996257,21.588267,552,R,592.9,house,1,8.4,4.9,3.3,ms,,,garage,flat,3.2
"stage 1 - building 5760 - 41.996161, 21.588195",5760,41.996161,21.588195,552,R,598.6,house,1,9.5,9.4,3.3,ms,,,house,gable,7.0
"stage 1 - building 5761 - 41.996145, 21.588472",5761,41.996145,21.588472,552,R,612.7,house,2,14.2,11.3,6.2,ms,,,house,gable,7.0
"stage 1 - building 5762 - 41.995238, 21.588951",5762,41.995238,21.588951,552,R,718.7,house,2,14.2,10.2,6.2,ms,,,house,gable,7.0
"stage 1 - building 5763 - 41.995064, 21.589203",5763,41.995064,21.589203,552,R,746.2,house,2,12.7,10.1,6.2,ms,,,house,gable,7.0
"stage 1 - building 5764 - 41.995107, 21.589391",5764,41.995107,21.589391,552,R,750.8,flat,1,31.7,12.4,7.0,ms,,,house,gable,7.0
"stage 1 - building 5765 - 41.994797, 21.589694",5765,41.994797,21.589694,552,R,793.5,flat,1,8.7,3.5,2.7,ms,,,garage,flat,3.2
"stage 1 - building 5766 - 41.994677, 21.589513",5766,41.994677,21.589513,552,R,796.3,house,1,9.1,6.3,3.3,ms,,,row,flat,9.5
"stage 1 - building 5767 - 41.994657, 21.589611",5767,41.994657,21.589611,552,R,802.6,house,1,8.5,8.0,3.3,ms,,,row,flat,9.5
"stage 1 - building 5768 - 41.994592, 21.589504",5768,41.994592,21.589504,552,R,803.8,flat,1,5.6,3.3,2.7,ms,,,garage,flat,3.2
"stage 1 - building 5769 - 41.994659, 21.589705",5769,41.994659,21.589705,552,R,806.7,house,1,6.3,5.0,3.3,ms,,,garage,flat,3.2
"stage 1 - building 5770 - 41.994524, 21.589746",5770,41.994524,21.589746,552,R,821.0,house,2,11.3,6.7,6.2,ms,,,house,gable,7.0
"stage 1 - building 5771 - 41.994573, 21.589981",5771,41.994573,21.589981,552,R,827.4,house,2,13.5,8.3,6.2,ms,,,house,gable,7.0
"stage 1 - building 5772 - 41.994313, 21.589819",5772,41.994313,21.589819,552,R,844.0,house,1,9.8,6.0,3.3,ms,,,row,flat,9.5
"stage 1 - building 5773 - 41.994337, 21.589897",5773,41.994337,21.589897,552,R,845.3,house,2,10.3,6.8,6.2,ms,,,row,flat,9.5
"stage 1 - building 5774 - 41.994247, 21.589932",5774,41.994247,21.589932,552,R,855.2,house,1,5.7,5.4,3.3,ms,,,garage,flat,3.2
"stage 1 - building 5775 - 41.994077, 21.590004",5775,41.994077,21.590004,552,R,874.3,flat,1,4.7,4.0,2.7,ms,,,garage,flat,3.2
"stage 1 - building 5776 - 41.992181, 21.592127",5776,41.992181,21.592127,552,R,1147.0,flat,1,6.2,3.9,2.7,ms,,,garage,flat,3.2
"stage 1 - building 5777 - 41.991966, 21.592242",5777,41.991966,21.592242,552,R,1172.2,house,1,8.6,4.6,3.3,ms,,,garage,flat,3.2
"stage 1 - building 5778 - 41.991782, 21.592375",5778,41.991782,21.592375,552,R,1195.2,house,1,11.2,4.7,3.3,ms,,,house,gable,7.0
"stage 1 - building 5779 - 41.991468, 21.592258",5779,41.991468,21.592258,552,R,1219.0,house,1,11.2,10.8,3.3,ms,,,house,gable,7.0
"stage 1 - building 5780 - 41.991064, 21.592574",5780,41.991064,21.592574,552,R,1271.0,house,1,12.1,9.9,3.3,ms,,,house,gable,7.0
"stage 1 - building 5781 - 41.989214, 21.594279",5781,41.989214,21.594279,552,R,1520.2,house,1,13.3,11.7,3.3,ms,,,house,gable,7.0
"stage 1 - building 5782 - 41.989435, 21.594750",5782,41.989435,21.594750,552,R,1521.5,house,2,11.4,10.6,6.2,ms,,,house,gable,7.0
"stage 1 - building 5783 - 41.989311, 21.594826",5783,41.989311,21.594826,552,R,1536.4,house,1,16.0,12.8,3.3,ms,,,house,gable,7.0
"stage 1 - building 5784 - 41.988963, 21.594429",5784,41.988963,21.594429,552,R,1550.4,flat,1,5.8,4.2,2.7,ms,,,garage,flat,3.2
"stage 1 - building 5785 - 41.989181, 21.594942",5785,41.989181,21.594942,552,R,1553.7,house,1,13.6,11.2,3.3,ms,,,house,gable,7.0
"stage 1 - building 5786 - 41.989061, 21.595050",5786,41.989061,21.595050,552,R,1569.9,house,2,12.3,10.4,6.2,ms,,,house,gable,7.0
"stage 1 - building 5787 - 41.988941, 21.595148",5787,41.988941,21.595148,552,R,1585.4,house,1,11.8,9.6,3.3,ms,,,house,gable,7.0
"stage 1 - building 5788 - 41.988807, 21.595264",5788,41.988807,21.595264,552,R,1603.1,house,2,11.2,9.5,6.2,ms,,,house,gable,7.0
"stage 1 - building 5789 - 41.988313, 21.595082",5789,41.988313,21.595082,552,R,1640.4,flat,1,4.7,4.0,2.7,ms,,,garage,flat,3.2
"stage 1 - building 5790 - 41.988028, 21.595258",5790,41.988028,21.595258,552,R,1674.9,house,2,12.1,9.6,6.2,ms,,,house,gable,7.0
"stage 1 - building 5791 - 41.987666, 21.595994",5791,41.987666,21.595994,552,R,1742.0,house,1,13.5,10.1,3.3,ms,,,house,gable,7.0
"stage 1 - building 5792 - 41.987434, 21.595610",5792,41.987434,21.595610,552,R,1746.2,house,2,11.6,11.2,6.2,ms,,,house,gable,7.0
"stage 1 - building 5793 - 41.987380, 21.596208",5793,41.987380,21.596208,552,R,1778.2,house,2,12.2,11.3,6.2,ms,,,house,gable,7.0
"stage 1 - building 5794 - 41.987179, 21.595829",5794,41.987179,21.595829,552,R,1779.8,house,2,13.6,12.1,6.2,ms,,,house,gable,7.0
"stage 1 - building 5795 - 41.987112, 21.596187",5795,41.987112,21.596187,552,R,1802.1,house,2,15.4,15.0,6.2,ms,,,house,gable,7.0
"stage 1 - building 5796 - 41.985773, 21.597296",5796,41.985773,21.597296,552,R,1976.8,house,2,11.4,9.2,6.2,ms,,,house,gable,7.0
"stage 1 - building 5797 - 41.985668, 21.597948",5797,41.985668,21.597948,552,R,2016.4,house,1,11.8,10.2,3.3,ms,,,house,gable,7.0
"stage 1 - building 5798 - 41.985543, 21.597869",5798,41.985543,21.597869,552,R,2024.4,house,2,12.3,11.7,6.2,ms,,,house,gable,7.0
"stage 1 - building 5799 - 41.985416, 21.597764",5799,41.985416,21.597764,552,R,2031.3,house,2,9.9,9.5,6.2,ms,,,house,gable,7.0
"stage 1 - building 5800 - 41.985501, 21.598153",5800,41.985501,21.598153,552,R,2041.3,house,2,11.4,7.6,6.2,ms,,,house,gable,7.0
"stage 1 - building 5801 - 41.985228, 21.597944",5801,41.985228,21.597944,552,R,2056.9,house,2,12.0,11.8,6.2,ms,,,house,gable,7.0
"stage 1 - building 5802 - 41.985051, 21.597818",5802,41.985051,21.597818,552,R,2067.7,house,2,12.3,10.7,6.2,ms,,,house,gable,7.0
"stage 1 - building 5803 - 41.984932, 21.598060",5803,41.984932,21.598060,552,R,2089.8,house,1,13.2,10.9,3.3,ms,,,house,gable,7.0
"stage 1 - building 5804 - 41.984858, 21.598312",5804,41.984858,21.598312,552,R,2108.0,house,1,11.8,11.0,3.3,ms,,,house,gable,7.0
"stage 1 - building 5805 - 41.984746, 21.598524",5805,41.984746,21.598524,552,R,2128.1,house,1,12.0,9.8,3.3,ms,,,house,gable,7.0
"stage 1 - building 5806 - 41.984609, 21.598324",5806,41.984609,21.598324,552,R,2131.7,house,1,9.4,9.1,3.3,ms,,,house,gable,7.0
"stage 1 - building 5807 - 41.984894, 21.598892",5807,41.984894,21.598892,552,R,2131.6,house,2,12.1,11.3,6.2,ms,,,house,gable,7.0
"stage 1 - building 5808 - 41.984706, 21.599079",5808,41.984706,21.599079,552,R,2157.6,house,2,13.2,11.4,6.2,ms,,,house,gable,7.0
"stage 1 - building 5809 - 41.984561, 21.598999",5809,41.984561,21.598999,552,R,2167.0,house,2,12.4,11.2,6.2,ms,,,house,gable,7.0
"stage 1 - building 5810 - 41.984407, 21.598911",5810,41.984407,21.598911,552,R,2177.2,house,1,11.9,11.1,3.3,ms,,,house,gable,7.0
"stage 1 - building 5811 - 41.980628, 21.601900",5811,41.980628,21.601900,552,R,2663.9,house,1,11.3,7.8,3.3,ms,,,house,gable,7.0
"stage 1 - building 5812 - 41.980783, 21.602556",5812,41.980783,21.602556,552,R,2679.8,house,1,17.1,6.0,3.3,ms,,,house,gable,7.0
"stage 1 - building 5813 - 41.980489, 21.602128",5813,41.980489,21.602128,552,R,2687.2,house,1,18.3,7.8,3.3,ms,,,house,gable,7.0
"stage 1 - building 5814 - 41.980760, 21.602689",5814,41.980760,21.602689,552,R,2688.2,house,1,9.8,6.7,3.3,ms,,,house,gable,7.0
"stage 1 - building 5815 - 41.980337, 21.602337",5815,41.980337,21.602337,552,R,2710.8,house,2,9.8,7.3,6.2,ms,,,house,gable,7.0
"stage 1 - building 5816 - 41.980008, 21.602179",5816,41.980008,21.602179,552,R,2734.3,flat,1,45.8,12.4,7.0,osm,478686768,yes,house,gable,7.0
"stage 1 - building 5817 - 41.979854, 21.602460",5817,41.979854,21.602460,552,R,2761.3,house,2,12.2,10.6,6.2,osm,604575479,yes,house,gable,7.0
"stage 1 - building 5818 - 41.996251, 21.588572",5818,41.996251,21.588572,553,R,607.8,house,1,8.2,4.7,3.3,ms,,,garage,flat,3.2
"stage 1 - building 5819 - 41.995894, 21.589028",5819,41.995894,21.589028,553,R,662.0,house,1,7.2,6.6,3.3,ms,,,house,gable,7.0
"stage 1 - building 5820 - 41.995900, 21.589146",5820,41.995900,21.589146,553,R,667.3,house,2,12.3,9.3,6.2,ms,,,house,gable,7.0
"stage 1 - building 5821 - 41.995809, 21.589043",5821,41.995809,21.589043,553,R,670.4,house,1,8.4,6.4,3.3,ms,,,house,gable,7.0
"stage 1 - building 5822 - 41.995610, 21.589368",5822,41.995610,21.589368,553,R,704.2,house,2,10.7,9.0,6.2,ms,,,house,gable,7.0
"stage 1 - building 5823 - 41.995465, 21.589338",5823,41.995465,21.589338,553,R,715.7,house,2,21.1,14.2,6.2,ms,,,house,gable,7.0
"stage 1 - building 5824 - 41.995572, 21.589539",5824,41.995572,21.589539,553,R,716.0,house,1,15.4,11.2,3.3,ms,,,house,gable,7.0
"stage 1 - building 5825 - 41.995170, 21.589769",5825,41.995170,21.589769,553,R,763.2,flat,1,23.0,15.6,7.0,ms,,,house,gable,7.0
"stage 1 - building 5826 - 41.994940, 21.589761",5826,41.994940,21.589761,553,R,783.5,house,2,8.1,8.1,6.2,ms,,,house,gable,7.0
"stage 1 - building 5827 - 41.994600, 21.590321",5827,41.994600,21.590321,553,R,841.3,flat,1,6.1,4.2,2.7,ms,,,tomb,gable,3.5
"stage 1 - building 5828 - 41.994427, 21.590193",5828,41.994427,21.590193,553,R,850.7,house,2,12.6,8.2,6.2,ms,,,house,gable,7.0
"stage 1 - building 5829 - 41.994375, 21.590421",5829,41.994375,21.590421,553,R,866.4,house,1,9.8,7.3,3.3,ms,,,house,gable,7.0
"stage 1 - building 5830 - 41.994238, 21.590460",5830,41.994238,21.590460,553,R,880.6,house,1,11.7,3.6,3.3,ms,,,garage,flat,3.2
"stage 1 - building 5831 - 41.994231, 21.590762",5831,41.994231,21.590762,553,R,895.9,house,2,12.3,9.2,6.2,ms,,,house,gable,7.0
"stage 1 - building 5832 - 41.994135, 21.590990",5832,41.994135,21.590990,553,R,915.8,house,1,20.7,9.6,3.3,ms,,,house,gable,7.0
"stage 1 - building 5833 - 41.993932, 21.590729",5833,41.993932,21.590729,553,R,921.3,house,2,14.1,11.2,6.2,ms,,,house,gable,7.0
"stage 1 - building 5834 - 41.992292, 21.592384",5834,41.992292,21.592384,553,R,1149.2,house,1,12.1,5.4,3.3,ms,,,house,gable,7.0
"stage 1 - building 5835 - 41.992387, 21.592716",5835,41.992387,21.592716,553,R,1156.9,house,2,12.9,5.0,6.2,ms,,,house,gable,7.0
"stage 1 - building 5836 - 41.992104, 21.592423",5836,41.992104,21.592423,553,R,1168.1,house,1,15.9,9.6,3.3,ms,,,house,gable,7.0
"stage 1 - building 5837 - 41.992229, 21.592816",5837,41.992229,21.592816,553,R,1175.9,house,2,12.7,11.5,6.2,ms,,,house,gable,7.0
"stage 1 - building 5838 - 41.992119, 21.592859",5838,41.992119,21.592859,553,R,1187.8,house,1,13.1,8.2,3.3,ms,,,house,gable,7.0
"stage 1 - building 5839 - 41.992006, 21.592714",5839,41.992006,21.592714,553,R,1190.9,flat,1,6.1,4.0,2.7,ms,,,garage,flat,3.2
"stage 1 - building 5840 - 41.991804, 21.592613",5840,41.991804,21.592613,553,R,1204.4,house,2,10.4,6.6,6.2,ms,,,house,gable,7.0
"stage 1 - building 5841 - 41.991951, 21.592999",5841,41.991951,21.592999,553,R,1209.7,house,1,9.5,8.6,3.3,ms,,,house,gable,7.0
"stage 1 - building 5842 - 41.990197, 21.594540",5842,41.990197,21.594540,553,R,1442.4,house,2,13.1,12.7,6.2,ms,,,house,gable,7.0
"stage 1 - building 5843 - 41.990282, 21.594701",5843,41.990282,21.594701,553,R,1442.6,house,2,12.9,11.5,6.2,ms,,,house,gable,7.0
"stage 1 - building 5844 - 41.990088, 21.594741",5844,41.990088,21.594741,553,R,1462.0,house,1,14.8,10.8,3.3,ms,,,house,gable,7.0
"stage 1 - building 5845 - 41.989947, 21.594837",5845,41.989947,21.594837,553,R,1479.3,house,1,12.3,10.4,3.3,osm,1022030009,yes,house,gable,7.0
"stage 1 - building 5846 - 41.990068, 21.595089",5846,41.990068,21.595089,553,R,1480.9,house,2,13.3,9.3,6.2,ms,,,house,gable,7.0
"stage 1 - building 5847 - 41.989290, 21.595377",5847,41.989290,21.595377,553,R,1564.6,house,2,12.9,10.5,6.2,ms,,,house,gable,7.0
"stage 1 - building 5848 - 41.989426, 21.595654",5848,41.989426,21.595654,553,R,1566.1,house,2,15.0,11.2,6.2,osm,1022029989,yes,house,gable,7.0
"stage 1 - building 5849 - 41.989072, 21.595785",5849,41.989072,21.595785,553,R,1604.1,house,2,13.3,12.2,6.2,osm,1022029990,yes,house,gable,7.0
"stage 1 - building 5850 - 41.988911, 21.596138",5850,41.988911,21.596138,553,R,1635.9,house,2,11.4,11.3,6.2,ms,,,house,gable,7.0
"stage 1 - building 5851 - 41.988733, 21.596282",5851,41.988733,21.596282,553,R,1658.9,house,2,12.9,11.3,6.2,ms,,,house,gable,7.0
"stage 1 - building 5852 - 41.988563, 21.596406",5852,41.988563,21.596406,553,R,1680.2,house,1,11.1,10.3,3.3,ms,,,house,gable,7.0
"stage 1 - building 5853 - 41.988348, 21.596297",5853,41.988348,21.596297,553,R,1694.1,house,1,16.3,11.5,3.3,ms,,,house,gable,7.0
"stage 1 - building 5854 - 41.988434, 21.596525",5854,41.988434,21.596525,553,R,1697.5,house,2,10.6,10.5,6.2,ms,,,house,gable,7.0
"stage 1 - building 5855 - 41.988035, 21.596151",5855,41.988035,21.596151,553,R,1715.4,house,1,17.2,15.3,3.3,ms,,,house,gable,7.0
"stage 1 - building 5856 - 41.988166, 21.596393",5856,41.988166,21.596393,553,R,1715.1,house,2,13.6,13.1,6.2,ms,,,house,gable,7.0
"stage 1 - building 5857 - 41.988274, 21.596599",5857,41.988274,21.596599,553,R,1715.5,house,2,14.3,10.2,6.2,ms,,,house,gable,7.0
"stage 1 - building 5858 - 41.987860, 21.596311",5858,41.987860,21.596311,553,R,1739.0,house,2,17.4,17.1,6.2,ms,,,house,gable,7.0
"stage 1 - building 5859 - 41.987812, 21.596788",5859,41.987812,21.596788,553,R,1766.2,house,1,12.7,11.5,3.3,ms,,,house,gable,7.0
"stage 1 - building 5860 - 41.987511, 21.596784",5860,41.987511,21.596784,553,R,1793.3,house,2,12.5,9.5,6.2,ms,,,house,gable,7.0
"stage 1 - building 5861 - 41.987614, 21.596999",5861,41.987614,21.596999,553,R,1794.2,house,2,12.3,7.9,6.2,ms,,,house,gable,7.0
"stage 1 - building 5862 - 41.987501, 21.597365",5862,41.987501,21.597365,553,R,1822.2,house,1,13.2,10.9,3.3,ms,,,house,gable,7.0
"stage 1 - building 5863 - 41.986013, 21.598170",5863,41.986013,21.598170,553,R,1995.4,house,2,11.8,9.9,6.2,ms,,,house,gable,7.0
"stage 1 - building 5864 - 41.986083, 21.598935",5864,41.986083,21.598935,553,R,2026.2,house,1,12.6,12.4,3.3,ms,,,house,gable,7.0
"stage 1 - building 5865 - 41.985957, 21.598845",5865,41.985957,21.598845,553,R,2033.1,house,2,12.9,9.5,6.2,ms,,,house,gable,7.0
"stage 1 - building 5866 - 41.985615, 21.598624",5866,41.985615,21.598624,553,R,2053.1,house,1,11.6,9.9,3.3,ms,,,house,gable,7.0
"stage 1 - building 5867 - 41.985375, 21.598661",5867,41.985375,21.598661,553,R,2076.7,flat,1,7.1,3.8,2.7,ms,,,garage,flat,3.2
"stage 1 - building 5868 - 41.985535, 21.599326",5868,41.985535,21.599326,553,R,2094.4,house,1,11.7,11.6,3.3,ms,,,house,gable,7.0
"stage 1 - building 5869 - 41.985410, 21.599247",5869,41.985410,21.599247,553,R,2101.7,house,1,13.1,10.6,3.3,ms,,,house,gable,7.0
"stage 1 - building 5870 - 41.985268, 21.599159",5870,41.985268,21.599159,553,R,2110.3,house,2,10.8,9.4,6.2,ms,,,house,gable,7.0
"stage 1 - building 5871 - 41.985522, 21.599609",5871,41.985522,21.599609,553,R,2109.6,house,2,11.7,10.6,6.2,ms,,,house,gable,7.0
"stage 1 - building 5872 - 41.985365, 21.599515",5872,41.985365,21.599515,553,R,2118.9,house,1,13.5,11.1,3.3,ms,,,house,gable,7.0
"stage 1 - building 5873 - 41.985057, 21.598983",5873,41.985057,21.598983,553,R,2121.0,house,2,13.1,9.5,6.2,ms,,,house,gable,7.0
"stage 1 - building 5874 - 41.985185, 21.599399",5874,41.985185,21.599399,553,R,2129.3,house,2,12.6,7.9,6.2,ms,,,house,gable,7.0
"stage 1 - building 5875 - 41.984864, 21.599187",5875,41.984864,21.599187,553,R,2148.2,house,2,12.5,11.4,6.2,ms,,,house,gable,7.0
"stage 1 - building 5876 - 41.981853, 21.602704",5876,41.981853,21.602704,553,R,2589.7,house,1,12.3,7.4,3.3,ms,,,house,gable,7.0
"stage 1 - building 5877 - 41.981780, 21.602607",5877,41.981780,21.602607,553,R,2591.6,house,1,8.3,4.5,3.3,ms,,,garage,flat,3.2
"stage 1 - building 5878 - 41.995996, 21.589162",5878,41.995996,21.589162,554,R,659.6,house,1,7.3,5.1,3.3,ms,,,garage,flat,3.2
"stage 1 - building 5879 - 41.995828, 21.589436",5879,41.995828,21.589436,554,R,688.3,house,1,11.5,10.7,3.3,ms,,,house,gable,7.0
"stage 1 - building 5880 - 41.995713, 21.589404",5880,41.995713,21.589404,554,R,696.7,house,2,11.0,9.9,6.2,ms,,,house,gable,7.0
"stage 1 - building 5881 - 41.995786, 21.589615",5881,41.995786,21.589615,554,R,701.1,house,1,11.3,10.0,3.3,ms,,,house,gable,7.0
"stage 1 - building 5882 - 41.995593, 21.589883",5882,41.995593,21.589883,554,R,731.7,house,2,12.1,10.6,6.2,ms,,,house,gable,7.0
"stage 1 - building 5883 - 41.995588, 21.590046",5883,41.995588,21.590046,554,R,740.7,house,1,14.3,3.6,3.3,ms,,,house,gable,7.0
"stage 1 - building 5884 - 41.995438, 21.589836",5884,41.995438,21.589836,554,R,742.7,house,1,13.2,11.1,3.3,ms,,,row,flat,9.5
"stage 1 - building 5885 - 41.995339, 21.589804",5885,41.995339,21.589804,554,R,749.8,house,1,14.9,10.6,3.3,ms,,,row,flat,9.5
"stage 1 - building 5886 - 41.995320, 21.590071",5886,41.995320,21.590071,554,R,765.1,house,1,10.8,7.8,3.3,ms,,,house,gable,7.0
"stage 1 - building 5887 - 41.995217, 21.590073",5887,41.995217,21.590073,554,R,774.2,house,1,8.6,6.8,3.3,ms,,,house,gable,7.0
"stage 1 - building 5888 - 41.995248, 21.590290",5888,41.995248,21.590290,554,R,782.7,house,1,7.8,7.7,3.3,ms,,,house,gable,7.0
"stage 1 - building 5889 - 41.993096, 21.592828",5889,41.993096,21.592828,554,R,1100.9,flat,1,5.3,4.6,2.7,ms,,,garage,flat,3.2
"stage 1 - building 5890 - 41.993008, 21.592752",5890,41.993008,21.592752,554,R,1104.5,house,1,7.1,6.8,3.3,ms,,,house,gable,7.0
"stage 1 - building 5891 - 41.992842, 21.592798",5891,41.992842,21.592798,554,R,1121.2,flat,1,21.7,14.0,7.0,ms,,,house,gable,7.0
"stage 1 - building 5892 - 41.992470, 21.592795",5892,41.992470,21.592795,554,R,1153.6,flat,1,4.0,3.3,2.7,ms,,,garage,flat,3.2
"stage 1 - building 5893 - 41.992523, 21.593075",5893,41.992523,21.593075,554,R,1163.2,house,1,11.5,11.4,3.3,ms,,,house,gable,7.0
"stage 1 - building 5894 - 41.992396, 21.593239",5894,41.992396,21.593239,554,R,1182.7,house,1,9.0,6.7,3.3,ms,,,house,gable,7.0
"stage 1 - building 5895 - 41.992342, 21.593153",5895,41.992342,21.593153,554,R,1182.9,house,2,12.0,7.1,6.2,ms,,,house,gable,7.0
"stage 1 - building 5896 - 41.992224, 21.593254",5896,41.992224,21.593254,554,R,1198.4,house,1,12.4,6.5,3.3,ms,,,house,gable,7.0
"stage 1 - building 5897 - 41.992306, 21.593522",5897,41.992306,21.593522,554,R,1205.2,house,2,10.8,10.1,6.2,ms,,,house,gable,7.0
"stage 1 - building 5898 - 41.992080, 21.593377",5898,41.992080,21.593377,554,R,1217.3,house,2,9.9,9.3,6.2,ms,,,house,gable,7.0
"stage 1 - building 5899 - 41.992123, 21.593519",5899,41.992123,21.593519,554,R,1220.9,house,2,9.9,9.4,6.2,ms,,,house,gable,7.0
"stage 1 - building 5900 - 41.991324, 21.594364",5900,41.991324,21.594364,554,R,1333.9,house,1,13.6,13.1,3.3,ms,,,house,gable,7.0
"stage 1 - building 5901 - 41.990629, 21.595088",5901,41.990629,21.595088,554,R,1431.6,house,1,11.0,9.8,3.3,osm,1022029973,yes,house,gable,7.0
"stage 1 - building 5902 - 41.990630, 21.595373",5902,41.990630,21.595373,554,R,1446.3,house,2,13.5,10.4,6.2,osm,1022029971,yes,house,gable,7.0
"stage 1 - building 5903 - 41.990498, 21.595230",5903,41.990498,21.595230,554,R,1450.3,house,1,13.0,10.4,3.3,osm,1022029972,yes,house,gable,7.0
"stage 1 - building 5904 - 41.990371, 21.595338",5904,41.990371,21.595338,554,R,1466.9,house,2,9.5,9.3,6.2,osm,1022029985,yes,house,gable,7.0
"stage 1 - building 5905 - 41.990238, 21.595469",5905,41.990238,21.595469,554,R,1485.3,house,2,10.9,10.5,6.2,osm,1022029984,yes,house,gable,7.0
"stage 1 - building 5906 - 41.990004, 21.595628",5906,41.990004,21.595628,554,R,1513.9,house,2,12.0,10.5,6.2,osm,1022029982,yes,house,gable,7.0
"stage 1 - building 5907 - 41.990097, 21.595853",5907,41.990097,21.595853,554,R,1517.4,house,2,10.5,10.4,6.2,osm,1022029983,yes,house,gable,7.0
"stage 1 - building 5908 - 41.989703, 21.595924",5908,41.989703,21.595924,554,R,1555.3,house,2,12.7,11.9,6.2,ms,,,house,gable,7.0
"stage 1 - building 5909 - 41.989767, 21.596097",5909,41.989767,21.596097,554,R,1558.6,house,2,13.4,7.8,6.2,ms,,,row,flat,9.5
"stage 1 - building 5910 - 41.989811, 21.596171",5910,41.989811,21.596171,554,R,1558.6,house,1,12.1,6.7,3.3,ms,,,row,flat,9.5
"stage 1 - building 5911 - 41.989581, 21.596055",5911,41.989581,21.596055,554,R,1572.6,house,2,11.5,9.1,6.2,ms,,,house,gable,7.0
"stage 1 - building 5912 - 41.989282, 21.596276",5912,41.989282,21.596276,554,R,1610.0,house,1,14.4,11.6,3.3,ms,,,house,gable,7.0
"stage 1 - building 5913 - 41.989074, 21.596444",5913,41.989074,21.596444,554,R,1636.8,house,2,12.2,10.3,6.2,ms,,,house,gable,7.0
"stage 1 - building 5914 - 41.989306, 21.596929",5914,41.989306,21.596929,554,R,1641.8,house,1,7.8,5.1,3.3,ms,,,garage,flat,3.2
"stage 1 - building 5915 - 41.989122, 21.597086",5915,41.989122,21.597086,554,R,1665.9,house,1,8.9,5.6,3.3,ms,,,house,gable,7.0
"stage 1 - building 5916 - 41.988779, 21.596660",5916,41.988779,21.596660,554,R,1673.7,house,2,12.4,8.5,6.2,osm,1022030004,yes,house,gable,7.0
"stage 1 - building 5917 - 41.988779, 21.597019",5917,41.988779,21.597019,554,R,1692.0,house,1,13.3,10.8,3.3,osm,1022030001,yes,house,gable,7.0
"stage 1 - building 5918 - 41.988963, 21.597363",5918,41.988963,21.597363,554,R,1694.1,house,1,11.9,7.3,3.3,osm,1022030000,yes,house,gable,7.0
"stage 1 - building 5919 - 41.988852, 21.597218",5919,41.988852,21.597218,554,R,1696.0,house,1,13.0,11.0,3.3,osm,1022030003,yes,house,gable,7.0
"stage 1 - building 5920 - 41.988825, 21.597509",5920,41.988825,21.597509,554,R,1713.6,house,2,11.2,10.1,6.2,osm,1022029999,yes,house,gable,7.0
"stage 1 - building 5921 - 41.988594, 21.597190",5921,41.988594,21.597190,554,R,1716.9,house,2,13.4,11.3,6.2,osm,1022030002,yes,house,gable,7.0
"stage 1 - building 5922 - 41.988234, 21.598225",5922,41.988234,21.598225,554,R,1802.0,house,2,12.9,10.6,6.2,ms,,,house,gable,7.0
"stage 1 - building 5923 - 41.988122, 21.598120",5923,41.988122,21.598120,554,R,1806.1,house,1,14.8,13.7,3.3,ms,,,house,gable,7.0
"stage 1 - building 5924 - 41.987878, 21.597838",5924,41.987878,21.597838,554,R,1812.6,house,2,12.4,10.7,6.2,ms,,,house,gable,7.0
"stage 1 - building 5925 - 41.987728, 21.597638",5925,41.987728,21.597638,554,R,1815.6,house,2,12.4,11.7,6.2,ms,,,house,gable,7.0
"stage 1 - building 5926 - 41.987730, 21.597966",5926,41.987730,21.597966,554,R,1832.0,house,1,10.1,9.1,3.3,ms,,,house,gable,7.0
"stage 1 - building 5927 - 41.987598, 21.597755",5927,41.987598,21.597755,554,R,1833.0,house,1,14.1,12.2,3.3,ms,,,house,gable,7.0
"stage 1 - building 5928 - 41.987958, 21.598459",5928,41.987958,21.598459,554,R,1837.9,house,2,12.9,12.7,6.2,ms,,,house,gable,7.0
"stage 1 - building 5929 - 41.987848, 21.598291",5929,41.987848,21.598291,554,R,1838.6,house,1,12.9,11.8,3.3,ms,,,house,gable,7.0
"stage 1 - building 5930 - 41.987601, 21.598090",5930,41.987601,21.598090,554,R,1849.7,house,1,11.6,11.2,3.3,ms,,,house,gable,7.0
"stage 1 - building 5931 - 41.987741, 21.598475",5931,41.987741,21.598475,554,R,1857.4,house,2,12.4,8.8,6.2,ms,,,house,gable,7.0
"stage 1 - building 5932 - 41.987486, 21.598214",5932,41.987486,21.598214,554,R,1866.1,house,1,12.7,11.2,3.3,ms,,,house,gable,7.0
"stage 1 - building 5933 - 41.987352, 21.597999",5933,41.987352,21.597999,554,R,1867.0,house,2,10.0,8.0,6.2,ms,,,house,gable,7.0
"stage 1 - building 5934 - 41.987633, 21.598642",5934,41.987633,21.598642,554,R,1875.5,house,2,13.1,11.2,6.2,ms,,,house,gable,7.0
"stage 1 - building 5935 - 41.987241, 21.598133",5935,41.987241,21.598133,554,R,1883.5,house,2,12.8,9.5,6.2,ms,,,house,gable,7.0
"stage 1 - building 5936 - 41.987491, 21.598830",5936,41.987491,21.598830,554,R,1897.5,house,2,13.9,13.1,6.2,ms,,,house,gable,7.0
"stage 1 - building 5937 - 41.987513, 21.598957",5937,41.987513,21.598957,554,R,1902.3,flat,1,4.7,4.6,2.7,ms,,,garage,flat,3.2
"stage 1 - building 5938 - 41.987233, 21.598567",5938,41.987233,21.598567,554,R,1906.3,house,2,13.4,11.3,6.2,ms,,,house,gable,7.0
"stage 1 - building 5939 - 41.987351, 21.599034",5939,41.987351,21.599034,554,R,1920.3,house,2,14.6,9.5,6.2,ms,,,house,gable,7.0
"stage 1 - building 5940 - 41.987092, 21.598893",5940,41.987092,21.598893,554,R,1935.3,house,1,12.5,9.1,3.3,ms,,,house,gable,7.0
"stage 1 - building 5941 - 41.987284, 21.599212",5941,41.987284,21.599212,554,R,1935.4,house,1,7.5,4.2,3.3,ms,,,garage,flat,3.2
"stage 1 - building 5942 - 41.986911, 21.598780",5942,41.986911,21.598780,554,R,1945.3,house,2,11.7,11.5,6.2,ms,,,house,gable,7.0
"stage 1 - building 5943 - 41.986974, 21.599092",5943,41.986974,21.599092,554,R,1955.8,house,2,12.0,11.2,6.2,ms,,,house,gable,7.0
"stage 1 - building 5944 - 41.986312, 21.599830",5944,41.986312,21.599830,554,R,2051.4,house,1,12.3,8.3,3.3,ms,,,house,gable,7.0
"stage 1 - building 5945 - 41.986408, 21.600150",5945,41.986408,21.600150,554,R,2059.9,house,2,14.6,13.0,6.2,ms,,,house,gable,7.0
"stage 1 - building 5946 - 41.986239, 21.600082",5946,41.986239,21.600082,554,R,2070.8,house,1,12.8,10.4,3.3,ms,,,house,gable,7.0
"stage 1 - building 5947 - 41.986118, 21.599984",5947,41.986118,21.599984,554,R,2076.2,house,2,10.5,10.1,6.2,ms,,,house,gable,7.0
"stage 1 - building 5948 - 41.996016, 21.589699",5948,41.996016,21.589699,555,R,685.8,house,1,11.8,9.9,3.3,ms,,,house,gable,7.0
"stage 1 - building 5949 - 41.995941, 21.589907",5949,41.995941,21.589907,555,R,703.4,flat,1,5.9,4.5,2.7,ms,,,garage,flat,3.2
"stage 1 - building 5950 - 41.995416, 21.590259",5950,41.995416,21.590259,555,R,766.7,house,2,12.8,10.9,6.2,ms,,,house,gable,7.0
"stage 1 - building 5951 - 41.995129, 21.591189",5951,41.995129,21.591189,555,R,841.4,house,1,6.5,4.8,3.3,ms,,,tomb,gable,3.5
"stage 1 - building 5952 - 41.994703, 21.591401",5952,41.994703,21.591401,555,R,888.4,house,2,17.0,9.2,6.2,ms,,,house,gable,7.0
"stage 1 - building 5953 - 41.994594, 21.591809",5953,41.994594,21.591809,555,R,919.9,house,2,14.6,9.5,6.2,ms,,,house,gable,7.0
"stage 1 - building 5954 - 41.994394, 21.591621",5954,41.994394,21.591621,555,R,926.2,house,2,12.2,8.1,6.2,ms,,,house,gable,7.0
"stage 1 - building 5955 - 41.994419, 21.591833",5955,41.994419,21.591833,555,R,935.7,house,2,11.3,8.9,6.2,ms,,,house,gable,7.0
"stage 1 - building 5956 - 41.994261, 21.592031",5956,41.994261,21.592031,555,R,959.7,house,2,11.7,9.7,6.2,ms,,,house,gable,7.0
"stage 1 - building 5957 - 41.994095, 21.592177",5957,41.994095,21.592177,555,R,981.5,house,1,14.2,13.6,3.3,ms,,,house,gable,7.0
"stage 1 - building 5958 - 41.993996, 21.592310",5958,41.993996,21.592310,555,R,997.1,house,1,17.7,4.1,3.3,ms,,,house,gable,7.0
"stage 1 - building 5959 - 41.993415, 21.593039",5959,41.993415,21.593039,555,R,1085.4,house,2,16.8,9.0,6.2,ms,,,house,gable,7.0
"stage 1 - building 5960 - 41.993315, 21.593235",5960,41.993315,21.593235,555,R,1104.5,house,2,13.0,10.1,6.2,ms,,,row,flat,9.5
"stage 1 - building 5961 - 41.993136, 21.592996",5961,41.993136,21.592996,555,R,1106.5,house,2,15.8,10.1,6.2,ms,,,house,gable,7.0
"stage 1 - building 5962 - 41.993198, 21.593172",5962,41.993198,21.593172,555,R,1110.8,house,1,10.5,8.9,3.3,ms,,,house,gable,7.0
"stage 1 - building 5963 - 41.993252, 21.593336",5963,41.993252,21.593336,555,R,1115.3,house,2,10.6,10.4,6.2,ms,,,row,flat,9.5
"stage 1 - building 5964 - 41.993079, 21.593579",5964,41.993079,21.593579,555,R,1143.1,house,2,17.4,10.5,6.2,ms,,,house,gable,7.0
"stage 1 - building 5965 - 41.992969, 21.593842",5965,41.992969,21.593842,555,R,1166.7,flat,1,4.8,3.2,2.7,ms,,,garage,flat,3.2
"stage 1 - building 5966 - 41.992645, 21.593446",5966,41.992645,21.593446,555,R,1172.1,house,1,12.7,11.1,3.3,ms,,,house,gable,7.0
"stage 1 - building 5967 - 41.992906, 21.593901",5967,41.992906,21.593901,555,R,1175.2,house,2,13.6,9.4,6.2,ms,,,house,gable,7.0
"stage 1 - building 5968 - 41.992714, 21.593699",5968,41.992714,21.593699,555,R,1180.0,house,2,12.0,5.9,6.2,ms,,,house,gable,7.0
"stage 1 - building 5969 - 41.992515, 21.593597",5969,41.992515,21.593597,555,R,1191.2,flat,1,6.6,3.0,2.7,ms,,,garage,flat,3.2
"stage 1 - building 5970 - 41.992474, 21.593542",5970,41.992474,21.593542,555,R,1191.9,house,1,10.3,7.6,3.3,ms,,,row,flat,9.5
"stage 1 - building 5971 - 41.992453, 21.593861",5971,41.992453,21.593861,555,R,1210.7,house,2,16.6,11.1,6.2,ms,,,house,gable,7.0
"stage 1 - building 5972 - 41.992522, 21.594092",5972,41.992522,21.594092,555,R,1217.5,house,1,15.5,13.4,3.3,ms,,,house,gable,7.0
"stage 1 - building 5973 - 41.992256, 21.593974",5973,41.992256,21.593974,555,R,1233.4,house,2,17.5,11.0,6.2,ms,,,house,gable,7.0
"stage 1 - building 5974 - 41.992395, 21.594417",5974,41.992395,21.594417,555,R,1245.9,house,1,13.3,11.3,3.3,ms,,,house,gable,7.0
"stage 1 - building 5975 - 41.992197, 21.594400",5975,41.992197,21.594400,555,R,1261.4,house,1,11.3,10.9,3.3,ms,,,house,gable,7.0
"stage 1 - building 5976 - 41.992289, 21.594652",5976,41.992289,21.594652,555,R,1267.8,house,2,13.1,12.7,6.2,ms,,,house,gable,7.0
"stage 1 - building 5977 - 41.991714, 21.594905",5977,41.991714,21.594905,555,R,1329.3,house,2,13.5,12.7,6.2,ms,,,house,gable,7.0
"stage 1 - building 5978 - 41.991566, 21.594911",5978,41.991566,21.594911,555,R,1342.1,flat,1,6.8,4.2,2.7,ms,,,garage,flat,3.2
"stage 1 - building 5979 - 41.991717, 21.595225",5979,41.991717,21.595225,555,R,1346.7,flat,1,6.8,3.5,2.7,ms,,,garage,flat,3.2
"stage 1 - building 5980 - 41.991044, 21.595659",5980,41.991044,21.595659,555,R,1426.5,house,2,13.2,12.9,6.2,osm,1022029968,yes,house,gable,7.0
"stage 1 - building 5981 - 41.991159, 21.595895",5981,41.991159,21.595895,555,R,1429.9,house,1,11.8,10.1,3.3,osm,1022029969,yes,house,gable,7.0
"stage 1 - building 5982 - 41.990775, 21.595596",5982,41.990775,21.595596,555,R,1445.8,house,1,13.0,12.2,3.3,osm,1022029974,yes,house,gable,7.0
"stage 1 - building 5983 - 41.990983, 21.596073",5983,41.990983,21.596073,555,R,1454.3,house,2,10.6,9.9,6.2,osm,1022029976,yes,house,gable,7.0
"stage 1 - building 5984 - 41.990809, 21.596243",5984,41.990809,21.596243,555,R,1478.1,house,2,12.1,10.6,6.2,osm,1022029987,yes,house,gable,7.0
"stage 1 - building 5985 - 41.990481, 21.596560",5985,41.990481,21.596560,555,R,1522.8,house,2,12.6,12.5,6.2,ms,,,house,gable,7.0
"stage 1 - building 5986 - 41.990481, 21.596886",5986,41.990481,21.596886,555,R,1540.9,house,1,14.0,10.1,3.3,osm,1022029978,yes,house,gable,7.0
"stage 1 - building 5987 - 41.990320, 21.596754",5987,41.990320,21.596754,555,R,1546.8,house,2,11.3,9.5,6.2,ms,,,house,gable,7.0
"stage 1 - building 5988 - 41.990348, 21.596996",5988,41.990348,21.596996,555,R,1557.9,house,1,10.7,10.1,3.3,ms,,,house,gable,7.0
"stage 1 - building 5989 - 41.989926, 21.596407",5989,41.989926,21.596407,555,R,1561.2,house,1,10.9,9.7,3.3,osm,1022029981,yes,house,gable,7.0
"stage 1 - building 5990 - 41.990030, 21.596622",5990,41.990030,21.596622,555,R,1563.9,house,1,12.5,10.8,3.3,osm,1022030008,yes,house,gable,7.0
"stage 1 - building 5991 - 41.990213, 21.597142",5991,41.990213,21.597142,555,R,1577.1,house,1,12.7,11.6,3.3,osm,1022029979,yes,house,gable,7.0
"stage 1 - building 5992 - 41.989788, 21.596550",5992,41.989788,21.596550,555,R,1580.5,house,2,13.8,11.7,6.2,osm,1022029980,yes,house,gable,7.0
"stage 1 - building 5993 - 41.989876, 21.596738",5993,41.989876,21.596738,555,R,1583.1,house,2,11.9,11.3,6.2,osm,1022030007,yes,house,gable,7.0
"stage 1 - building 5994 - 41.989885, 21.597164",5994,41.989885,21.597164,555,R,1605.5,house,2,11.3,10.3,6.2,osm,1022030005,yes,house,gable,7.0
"stage 1 - building 5995 - 41.989716, 21.597331",5995,41.989716,21.597331,555,R,1628.7,house,1,10.6,8.9,3.3,osm,1022030006,yes,house,gable,7.0
"stage 1 - building 5996 - 41.989843, 21.597540",5996,41.989843,21.597540,555,R,1629.7,house,2,11.5,10.2,6.2,ms,,,house,gable,7.0
"stage 1 - building 5997 - 41.989417, 21.597156",5997,41.989417,21.597156,555,R,1644.4,house,1,7.9,5.9,3.3,ms,,,house,gable,7.0
"stage 1 - building 5998 - 41.989576, 21.597472",5998,41.989576,21.597472,555,R,1648.1,house,2,11.6,10.1,6.2,osm,1022029992,yes,house,gable,7.0
"stage 1 - building 5999 - 41.989705, 21.597687",5999,41.989705,21.597687,555,R,1649.3,house,2,14.0,10.9,6.2,osm,1022029991,yes,house,gable,7.0
"stage 1 - building 6000 - 41.989447, 21.597592",6000,41.989447,21.597592,555,R,1665.4,house,1,12.0,10.8,3.3,osm,1022029996,yes,house,gable,7.0
"stage 1 - building 6001 - 41.989238, 21.597310",6001,41.989238,21.597310,555,R,1667.8,house,1,7.7,6.4,3.3,ms,,,house,gable,7.0
"stage 1 - building 6002 - 41.989556, 21.597815",6002,41.989556,21.597815,555,R,1668.7,house,2,12.0,9.5,6.2,osm,1022029993,yes,house,gable,7.0
"stage 1 - building 6003 - 41.989324, 21.597716",6003,41.989324,21.597716,555,R,1682.5,house,2,12.0,9.7,6.2,osm,1022029995,yes,house,gable,7.0
"stage 1 - building 6004 - 41.989443, 21.597927",6004,41.989443,21.597927,555,R,1684.2,house,2,14.7,10.2,6.2,osm,1022029997,yes,house,gable,7.0
"stage 1 - building 6005 - 41.989065, 21.597547",6005,41.989065,21.597547,555,R,1695.2,house,1,14.4,12.0,3.3,osm,1022029998,yes,house,gable,7.0
"stage 1 - building 6006 - 41.989184, 21.597836",6006,41.989184,21.597836,555,R,1700.7,house,1,13.2,12.1,3.3,ms,,,house,gable,7.0
"stage 1 - building 6007 - 41.989320, 21.598042",6007,41.989320,21.598042,555,R,1700.7,house,1,13.3,11.6,3.3,osm,1022029994,yes,house,gable,7.0
"stage 1 - building 6008 - 41.988323, 21.598334",6008,41.988323,21.598334,555,R,1800.2,house,2,10.6,10.5,6.2,ms,,,house,gable,7.0
"stage 1 - building 6009 - 41.987668, 21.599016",6009,41.987668,21.599016,555,R,1892.2,house,1,14.3,12.2,3.3,ms,,,house,gable,7.0
"stage 1 - building 6010 - 41.986841, 21.600021",6010,41.986841,21.600021,555,R,2016.1,flat,1,7.1,2.8,2.7,ms,,,garage,flat,3.2
"stage 1 - building 6011 - 41.986909, 21.600225",6011,41.986909,21.600225,555,R,2021.3,house,1,12.0,11.5,3.3,ms,,,house,gable,7.0
"stage 1 - building 6012 - 41.986761, 21.600127",6012,41.986761,21.600127,555,R,2028.6,house,2,12.3,12.1,6.2,ms,,,house,gable,7.0
"stage 1 - building 6013 - 41.986631, 21.600046",6013,41.986631,21.600046,555,R,2035.4,house,1,13.2,11.9,3.3,ms,,,house,gable,7.0
"stage 1 - building 6014 - 41.986829, 21.600469",6014,41.986829,21.600469,555,R,2041.3,house,2,13.5,12.2,6.2,ms,,,house,gable,7.0
"stage 1 - building 6015 - 41.986676, 21.600369",6015,41.986676,21.600369,555,R,2048.8,house,2,12.4,12.2,6.2,ms,,,house,gable,7.0
"stage 1 - building 6016 - 41.986541, 21.600278",6016,41.986541,21.600278,555,R,2055.3,house,1,15.4,12.7,3.3,ms,,,house,gable,7.0
"stage 1 - building 6017 - 41.994888, 21.591837",6017,41.994888,21.591837,556,R,897.6,house,2,11.6,5.3,6.2,ms,,,house,gable,7.0
"stage 1 - building 6018 - 41.994260, 21.592332",6018,41.994260,21.592332,556,R,976.6,house,2,11.7,10.4,6.2,ms,,,house,gable,7.0
"stage 1 - building 6019 - 41.993751, 21.592910",6019,41.993751,21.592910,556,R,1050.6,house,1,9.2,4.9,3.3,ms,,,garage,flat,3.2
"stage 1 - building 6020 - 41.993838, 21.593542",6020,41.993838,21.593542,556,R,1079.7,flat,1,3.6,3.6,2.7,ms,,,garage,flat,3.2
"stage 1 - building 6021 - 41.993522, 21.593229",6021,41.993522,21.593229,556,R,1087.1,flat,1,5.6,5.2,2.7,ms,,,garage,flat,3.2
"stage 1 - building 6022 - 41.993809, 21.593627",6022,41.993809,21.593627,556,R,1087.0,house,2,35.9,7.0,6.2,ms,,,house,gable,7.0
"stage 1 - building 6023 - 41.993590, 21.593356",6023,41.993590,21.593356,556,R,1088.8,house,2,15.1,9.4,6.2,ms,,,house,gable,7.0
"stage 1 - building 6024 - 41.993474, 21.593327",6024,41.993474,21.593327,556,R,1096.6,flat,1,4.5,3.9,2.7,ms,,,garage,flat,3.2
"stage 1 - building 6025 - 41.993499, 21.593506",6025,41.993499,21.593506,556,R,1104.7,house,2,13.6,13.5,6.2,ms,,,house,gable,7.0
"stage 1 - building 6026 - 41.993396, 21.593686",6026,41.993396,21.593686,556,R,1123.3,house,2,11.8,11.4,6.2,ms,,,house,gable,7.0
"stage 1 - building 6027 - 41.993600, 21.593998",6027,41.993600,21.593998,556,R,1125.1,house,1,5.5,5.5,3.3,ms,,,garage,flat,3.2
"stage 1 - building 6028 - 41.993300, 21.593793",6028,41.993300,21.593793,556,R,1137.1,house,2,18.1,9.8,6.2,ms,,,row,flat,9.5
"stage 1 - building 6029 - 41.993257, 21.593899",6029,41.993257,21.593899,556,R,1146.6,house,2,17.2,8.2,6.2,ms,,,row,flat,9.5
"stage 1 - building 6030 - 41.993161, 21.593947",6030,41.993161,21.593947,556,R,1157.0,house,1,6.9,5.6,3.3,ms,,,garage,flat,3.2
"stage 1 - building 6031 - 41.993273, 21.594112",6031,41.993273,21.594112,556,R,1157.6,flat,1,30.8,13.7,7.0,ms,,,house,gable,7.0
"stage 1 - building 6032 - 41.993280, 21.594349",6032,41.993280,21.594349,556,R,1170.8,house,2,12.7,6.0,6.2,ms,,,house,gable,7.0
"stage 1 - building 6033 - 41.993136, 21.594209",6033,41.993136,21.594209,556,R,1174.1,house,1,14.0,11.0,3.3,ms,,,house,gable,7.0
"stage 1 - building 6034 - 41.992844, 21.594129",6034,41.992844,21.594129,556,R,1193.0,house,1,17.3,11.6,3.3,ms,,,house,gable,7.0
"stage 1 - building 6035 - 41.993034, 21.594388",6035,41.993034,21.594388,556,R,1192.5,house,1,14.1,11.5,3.3,ms,,,house,gable,7.0
"stage 1 - building 6036 - 41.992616, 21.594367",6036,41.992616,21.594367,556,R,1225.1,house,2,12.0,7.3,6.2,ms,,,house,gable,7.0
"stage 1 - building 6037 - 41.992842, 21.594736",6037,41.992842,21.594736,556,R,1228.0,house,2,13.1,10.8,6.2,ms,,,house,gable,7.0
"stage 1 - building 6038 - 41.992648, 21.594521",6038,41.992648,21.594521,556,R,1231.1,house,1,12.9,12.3,3.3,ms,,,house,gable,7.0
"stage 1 - building 6039 - 41.992810, 21.594905",6039,41.992810,21.594905,556,R,1240.3,house,1,6.1,5.8,3.3,ms,,,garage,flat,3.2
"stage 1 - building 6040 - 41.992707, 21.594827",6040,41.992707,21.594827,556,R,1243.9,house,1,11.7,4.7,3.3,ms,,,house,gable,7.0
"stage 1 - building 6041 - 41.992495, 21.594573",6041,41.992495,21.594573,556,R,1246.5,house,1,10.1,4.1,3.3,ms,,,garage,flat,3.2
"stage 1 - building 6042 - 41.992377, 21.594773",6042,41.992377,21.594773,556,R,1267.4,flat,1,7.0,3.0,2.7,ms,,,garage,flat,3.2
"stage 1 - building 6043 - 41.992399, 21.594949",6043,41.992399,21.594949,556,R,1275.6,house,2,10.9,10.6,6.2,ms,,,house,gable,7.0
"stage 1 - building 6044 - 41.992260, 21.594838",6044,41.992260,21.594838,556,R,1280.6,house,1,10.8,3.3,3.3,ms,,,garage,flat,3.2
"stage 1 - building 6045 - 41.992122, 21.595444",6045,41.992122,21.595444,556,R,1326.2,flat,1,8.3,2.4,2.7,ms,,,garage,flat,3.2
"stage 1 - building 6046 - 41.991893, 21.595429",6046,41.991893,21.595429,556,R,1343.8,house,1,12.5,12.2,3.3,ms,,,house,gable,7.0
"stage 1 - building 6047 - 41.991264, 21.596105",6047,41.991264,21.596105,556,R,1433.0,house,2,12.5,10.4,6.2,osm,1022029970,yes,house,gable,7.0
"stage 1 - building 6048 - 41.991149, 21.596247",6048,41.991149,21.596247,556,R,1450.4,house,1,11.9,9.9,3.3,osm,1022029975,yes,house,gable,7.0
"stage 1 - building 6049 - 41.991025, 21.596361",6049,41.991025,21.596361,556,R,1467.0,house,2,13.6,10.0,6.2,ms,,,house,gable,7.0
"stage 1 - building 6050 - 41.990888, 21.596499",6050,41.990888,21.596499,556,R,1485.9,house,2,13.7,11.1,6.2,osm,1022029988,yes,house,gable,7.0
"stage 1 - building 6051 - 41.990778, 21.596626",6051,41.990778,21.596626,556,R,1502.0,house,1,15.0,11.5,3.3,osm,1022029986,yes,house,gable,7.0
"stage 1 - building 6052 - 41.990616, 21.596764",6052,41.990616,21.596764,556,R,1523.0,house,1,13.2,10.3,3.3,osm,1022029977,yes,house,gable,7.0
"stage 1 - building 6053 - 41.991799, 21.598868",6053,41.991799,21.598868,557,R,1558.9,house,2,12.7,6.6,6.2,ms,,,house,gable,7.0
"stage 1 - building 6054 - 41.994245, 21.597838",6054,41.994245,21.597838,559,R,1329.0,flat,1,6.2,3.9,2.7,ms,,,garage,flat,3.2
"stage 1 - building 6055 - 41.996099, 21.595081",6055,41.996099,21.595081,560,R,1026.4,house,2,17.2,5.4,6.2,ms,,,house,gable,7.0
"stage 1 - building 6056 - 41.995831, 21.595830",6056,41.995831,21.595830,560,R,1095.1,flat,1,91.6,70.5,9.0,ms,,,commercial,flat,7.0
"stage 1 - building 6057 - 41.995630, 21.596450",6057,41.995630,21.596450,560,R,1150.8,house,2,15.7,10.3,6.2,ms,,,house,gable,7.0
"stage 1 - building 6058 - 41.995595, 21.596722",6058,41.995595,21.596722,560,R,1172.3,house,2,39.6,5.3,6.2,ms,,,house,gable,7.0
"stage 1 - building 6059 - 42.014117, 21.576461",6059,42.014117,21.576461,1034,L,1327.1,house,1,12.1,10.7,3.3,ms,,,house,gable,7.0
"stage 1 - building 6060 - 42.016711, 21.575421",6060,42.016711,21.575421,1035,L,1612.7,house,2,13.1,9.7,6.2,ms,,,house,gable,7.0
"stage 1 - building 6061 - 42.014424, 21.583499",6061,42.014424,21.583499,1485,L,1078.4,house,1,18.6,10.8,3.3,ms,,,house,gable,7.0
"stage 1 - building 6062 - 42.014932, 21.583840",6062,42.014932,21.583840,1486,L,1114.2,house,2,21.5,7.6,6.2,ms,,,house,gable,7.0
"stage 1 - building 6063 - 42.015427, 21.584890",6063,42.015427,21.584890,1487,L,1127.1,house,1,7.1,5.4,3.3,ms,,,garage,flat,3.2
"stage 1 - building 6064 - 42.015293, 21.584307",6064,42.015293,21.584307,1487,L,1133.0,house,1,7.2,4.9,3.3,ms,,,garage,flat,3.2
"stage 1 - building 6065 - 42.015426, 21.584450",6065,42.015426,21.584450,1487,L,1141.4,house,2,21.5,9.5,6.2,ms,,,house,gable,7.0
"stage 1 - building 6066 - 42.016486, 21.585249",6066,42.016486,21.585249,1488,L,1226.6,house,2,12.5,11.1,6.2,ms,,,house,gable,7.0
"stage 1 - building 6067 - 41.994560, 21.598186",6067,41.994560,21.598186,2289,R,1292.9,flat,1,85.3,39.0,9.0,ms,,,industrial,flat,8.5
"stage 1 - building 6068 - 41.994264, 21.599049",6068,41.994264,21.599049,2643,R,1317.1,flat,1,3.7,3.6,2.7,ms,,,garage,flat,3.2
"stage 1 - building 6069 - 41.994305, 21.599765",6069,41.994305,21.599765,2717,R,1294.1,flat,1,47.5,23.3,7.0,ms,,,industrial,flat,8.5
"stage 1 - building 6070 - 41.994702, 21.599970",6070,41.994702,21.599970,2719,R,1246.8,house,1,10.7,9.7,3.3,ms,,,house,gable,7.0
"stage 1 - building 6071 - 41.992517, 21.599029",6071,41.992517,21.599029,2721,R,1501.7,flat,1,357.0,38.0,9.0,osm,603024865,yes,industrial,flat,8.5
"stage 1 - building 6072 - 41.992941, 21.599874",6072,41.992941,21.599874,2745,R,1435.4,flat,1,344.6,128.7,9.0,osm,428462768,warehouse,industrial,flat,8.5
"stage 1 - building 6073 - 41.992356, 21.600611",6073,41.992356,21.600611,2786,R,1479.4,flat,2,32.7,7.8,6.4,ms,,,industrial,flat,8.5
"stage 1 - building 6074 - 41.991463, 21.600280",6074,41.991463,21.600280,2786,R,1582.3,flat,1,47.4,41.1,9.0,ms,,,industrial,flat,8.5
"stage 1 - building 6075 - 41.992498, 21.600895",6075,41.992498,21.600895,2787,R,1458.0,flat,2,24.4,5.9,6.4,ms,,,house,gable,7.0
"stage 1 - building 6076 - 41.992340, 21.600831",6076,41.992340,21.600831,2787,R,1476.3,flat,1,12.8,9.6,3.4,ms,,,house,gable,7.0
"stage 1 - building 6077 - 41.992006, 21.601315",6077,41.992006,21.601315,2792,R,1502.2,flat,1,36.6,9.4,7.0,ms,,,industrial,flat,8.5
"stage 1 - building 6078 - 41.991023, 21.601183",6078,41.991023,21.601183,2793,R,1611.0,flat,1,133.6,59.3,9.0,osm,603024864,yes,industrial,flat,8.5
"stage 1 - building 6079 - 41.991120, 21.602562",6079,41.991120,21.602562,2800,R,1578.2,flat,1,6.4,2.0,2.7,ms,,,garage,flat,3.2
"stage 1 - building 6080 - 41.990731, 21.602533",6080,41.990731,21.602533,2800,R,1621.2,flat,1,30.2,5.6,3.4,ms,,,industrial,flat,8.5
"stage 1 - building 6081 - 41.991211, 21.602728",6081,41.991211,21.602728,2801,R,1565.9,house,2,9.6,8.2,6.2,ms,,,house,gable,7.0
"stage 1 - building 6082 - 41.990964, 21.602685",6082,41.990964,21.602685,2801,R,1593.6,house,1,8.8,3.7,3.3,ms,,,garage,flat,3.2
"stage 1 - building 6083 - 41.990845, 21.602817",6083,41.990845,21.602817,2802,R,1605.0,flat,1,26.2,12.5,7.0,ms,,,industrial,flat,8.5
"stage 1 - building 6084 - 41.990796, 21.603125",6084,41.990796,21.603125,2805,R,1606.8,flat,1,5.2,3.1,2.7,ms,,,garage,flat,3.2
"stage 1 - building 6085 - 41.981905, 21.602917",6085,41.981905,21.602917,2811,R,2590.2,house,1,7.3,5.2,3.3,ms,,,garage,flat,3.2
"stage 1 - building 6086 - 41.983743, 21.603423",6086,41.983743,21.603423,2812,R,2383.1,house,1,8.2,6.6,3.3,ms,,,house,gable,7.0
"stage 1 - building 6087 - 41.983523, 21.603183",6087,41.983523,21.603183,2812,R,2409.1,house,2,16.2,5.5,6.2,ms,,,house,gable,7.0
"stage 1 - building 6088 - 41.981807, 21.603125",6088,41.981807,21.603125,2812,R,2599.5,house,1,13.3,3.7,3.3,ms,,,house,gable,7.0
"stage 1 - building 6089 - 41.982571, 21.603506",6089,41.982571,21.603506,2813,R,2512.3,flat,1,7.1,3.9,2.7,ms,,,garage,flat,3.2
"stage 1 - building 6090 - 41.982504, 21.603401",6090,41.982504,21.603401,2813,R,2520.4,house,1,9.2,8.4,3.3,ms,,,house,gable,7.0
"stage 1 - building 6091 - 41.983658, 21.603763",6091,41.983658,21.603763,2814,R,2390.3,house,1,11.8,4.8,3.3,ms,,,house,gable,7.0
"stage 1 - building 6092 - 41.982448, 21.603728",6092,41.982448,21.603728,2814,R,2524.6,house,2,11.2,11.1,6.2,ms,,,house,gable,7.0
"stage 1 - building 6093 - 41.983082, 21.603971",6093,41.983082,21.603971,2815,R,2453.0,house,1,11.4,8.6,3.3,ms,,,house,gable,7.0
"stage 1 - building 6094 - 41.982381, 21.603877",6094,41.982381,21.603877,2815,R,2531.2,house,2,15.2,13.0,6.2,ms,,,house,gable,7.0
"stage 1 - building 6095 - 41.980950, 21.603795",6095,41.980950,21.603795,2815,R,2690.3,house,2,13.0,8.5,6.2,ms,,,house,gable,7.0
"stage 1 - building 6096 - 41.983506, 21.604109",6096,41.983506,21.604109,2816,R,2405.3,flat,1,6.5,3.8,2.7,ms,,,garage,flat,3.2
"stage 1 - building 6097 - 41.983349, 21.604247",6097,41.983349,21.604247,2816,R,2422.1,house,2,9.4,9.4,6.2,ms,,,house,gable,7.0
"stage 1 - building 6098 - 41.983313, 21.604144",6098,41.983313,21.604144,2816,R,2426.5,flat,1,6.0,3.1,2.7,ms,,,garage,flat,3.2
"stage 1 - building 6099 - 41.984269, 21.604650",6099,41.984269,21.604650,2817,R,2318.4,flat,1,4.9,3.3,2.7,ms,,,garage,flat,3.2
"stage 1 - building 6100 - 41.983236, 21.604422",6100,41.983236,21.604422,2817,R,2433.9,flat,1,4.9,3.7,2.7,ms,,,garage,flat,3.2
"stage 1 - building 6101 - 41.985157, 21.604847",6101,41.985157,21.604847,2818,R,2219.1,flat,1,4.3,4.1,2.7,ms,,,garage,flat,3.2
"stage 1 - building 6102 - 41.985103, 21.604823",6102,41.985103,21.604823,2818,R,2225.1,flat,1,5.5,3.8,2.7,ms,,,garage,flat,3.2
"stage 1 - building 6103 - 41.985096, 21.604937",6103,41.985096,21.604937,2818,R,2225.6,house,1,10.2,4.2,3.3,ms,,,garage,flat,3.2
"stage 1 - building 6104 - 41.985053, 21.604791",6104,41.985053,21.604791,2818,R,2230.8,house,1,12.2,4.2,3.3,ms,,,house,gable,7.0
"stage 1 - building 6105 - 41.985043, 21.604935",6105,41.985043,21.604935,2818,R,2231.5,house,1,10.7,4.3,3.3,ms,,,house,gable,7.0
"stage 1 - building 6106 - 41.984991, 21.604914",6106,41.984991,21.604914,2818,R,2237.3,house,1,10.5,4.1,3.3,ms,,,garage,flat,3.2
"stage 1 - building 6107 - 41.984163, 21.604782",6107,41.984163,21.604782,2818,R,2329.6,house,2,10.2,9.7,6.2,ms,,,house,gable,7.0
"stage 1 - building 6108 - 41.985028, 21.605057",6108,41.985028,21.605057,2819,R,2232.8,flat,1,8.2,3.3,2.7,ms,,,garage,flat,3.2
"stage 1 - building 6109 - 41.984991, 21.605145",6109,41.984991,21.605145,2819,R,2236.7,flat,1,4.3,3.3,2.7,ms,,,garage,flat,3.2
"stage 1 - building 6110 - 41.984889, 21.605223",6110,41.984889,21.605223,2819,R,2247.9,flat,1,5.3,4.5,2.7,ms,,,garage,flat,3.2
"stage 1 - building 6111 - 41.984817, 21.605224",6111,41.984817,21.605224,2819,R,2255.9,flat,1,3.9,3.8,2.7,ms,,,garage,flat,3.2
"stage 1 - building 6112 - 41.983742, 21.605225",6112,41.983742,21.605225,2819,R,2375.3,house,2,10.1,9.9,6.2,ms,,,house,gable,7.0
"stage 1 - building 6113 - 41.983306, 21.604982",6113,41.983306,21.604982,2819,R,2424.2,house,1,9.2,7.5,3.3,ms,,,house,gable,7.0
"stage 1 - building 6114 - 41.983054, 21.605089",6114,41.983054,21.605089,2819,R,2452.0,house,1,19.5,10.3,3.3,ms,,,house,gable,7.0
"stage 1 - building 6115 - 41.982902, 21.605186",6115,41.982902,21.605186,2819,R,2468.6,house,1,10.1,4.7,3.3,ms,,,house,gable,7.0
"stage 1 - building 6116 - 41.982882, 21.605023",6116,41.982882,21.605023,2819,R,2471.2,house,2,10.9,10.8,6.2,ms,,,house,gable,7.0
"stage 1 - building 6117 - 41.982776, 21.604946",6117,41.982776,21.604946,2819,R,2483.1,house,1,8.1,6.9,3.3,ms,,,house,gable,7.0
"stage 1 - building 6118 - 41.984032, 21.605398",6118,41.984032,21.605398,2820,R,2342.7,house,2,8.8,7.6,6.2,ms,,,house,gable,7.0
"stage 1 - building 6119 - 41.983925, 21.605317",6119,41.983925,21.605317,2820,R,2354.8,house,2,13.0,11.2,6.2,ms,,,house,gable,7.0
"stage 1 - building 6120 - 41.983764, 21.605414",6120,41.983764,21.605414,2820,R,2372.5,house,1,9.3,6.1,3.3,ms,,,house,gable,7.0
"stage 1 - building 6121 - 41.982789, 21.605338",6121,41.982789,21.605338,2820,R,2480.9,house,1,9.9,4.7,3.3,ms,,,house,gable,7.0
"stage 1 - building 6122 - 41.982529, 21.605481",6122,41.982529,21.605481,2820,R,2509.6,house,1,10.4,5.4,3.3,ms,,,house,gable,7.0
"stage 1 - building 6123 - 41.982202, 21.605284",6123,41.982202,21.605284,2820,R,2546.2,house,1,6.8,6.2,3.3,ms,,,garage,flat,3.2
"stage 1 - building 6124 - 41.983914, 21.605792",6124,41.983914,21.605792,2821,R,2355.4,flat,1,32.3,21.2,7.0,ms,,,commercial,flat,7.0
"stage 1 - building 6125 - 41.983591, 21.605767",6125,41.983591,21.605767,2821,R,2391.4,house,1,16.2,6.3,3.3,ms,,,house,gable,7.0
"stage 1 - building 6126 - 41.983135, 21.605977",6126,41.983135,21.605977,2821,R,2441.9,house,2,9.7,9.0,6.2,ms,,,house,gable,7.0
"stage 1 - building 6127 - 41.982878, 21.605970",6127,41.982878,21.605970,2821,R,2470.5,house,1,10.8,6.9,3.3,ms,,,house,gable,7.0
"stage 1 - building 6128 - 41.977533, 21.605714",6128,41.977533,21.605714,2821,R,3064.2,house,1,17.6,6.0,3.3,ms,,,house,gable,7.0
"stage 1 - building 6129 - 41.980649, 21.606245",6129,41.980649,21.606245,2822,R,2718.3,flat,1,5.5,5.1,2.7,ms,,,garage,flat,3.2
"stage 1 - building 6130 - 41.980144, 21.606124",6130,41.980144,21.606124,2822,R,2774.2,house,1,11.4,9.5,3.3,ms,,,house,gable,7.0
"stage 1 - building 6131 - 41.979601, 21.606139",6131,41.979601,21.606139,2822,R,2834.6,flat,1,5.8,4.2,2.7,ms,,,garage,flat,3.2
"stage 1 - building 6132 - 41.980950, 21.606453",6132,41.980950,21.606453,2823,R,2685.0,house,1,5.9,5.2,3.3,ms,,,garage,flat,3.2
"stage 1 - building 6133 - 41.982461, 21.606737",6133,41.982461,21.606737,2824,R,2517.7,flat,1,3.7,3.4,2.7,ms,,,garage,flat,3.2
"stage 1 - building 6134 - 41.976945, 21.607205",6134,41.976945,21.607205,2825,R,3131.3,house,1,7.4,5.1,3.3,ms,,,garage,flat,3.2
"stage 1 - building 6135 - 41.989279, 21.607765",6135,41.989279,21.607765,2849,R,1765.3,flat,1,5.4,5.0,2.7,ms,,,garage,flat,3.2
"stage 1 - building 6136 - 41.987730, 21.608466",6136,41.987730,21.608466,2955,R,1940.9,flat,1,74.7,20.4,9.0,osm,603024861,yes,commercial,flat,7.0
"stage 1 - building 6137 - 41.988720, 21.608531",6137,41.988720,21.608531,2956,R,1831.3,flat,1,4.3,3.5,2.7,ms,,,garage,flat,3.2
"stage 1 - building 6138 - 41.988428, 21.608825",6138,41.988428,21.608825,2959,R,1864.9,house,1,14.3,12.8,3.3,osm,603024860,yes,house,gable,7.0
"stage 1 - building 6139 - 41.988564, 21.608935",6139,41.988564,21.608935,2960,R,1850.4,house,2,14.4,9.8,6.2,osm,603024859,yes,house,gable,7.0
"stage 1 - building 6140 - 41.988994, 21.609702",6140,41.988994,21.609702,2985,R,1807.4,house,1,23.8,11.9,3.3,osm,603024855,yes,house,gable,7.0
"stage 1 - building 6141 - 41.988543, 21.610565",6141,41.988543,21.610565,2995,R,1864.3,flat,1,8.2,3.4,2.7,ms,,,garage,flat,3.2
"stage 1 - building 6142 - 41.985871, 21.611021",6142,41.985871,21.611021,2996,R,2163.4,flat,1,5.8,4.1,2.7,ms,,,garage,flat,3.2
"stage 1 - building 6143 - 41.988311, 21.611131",6143,41.988311,21.611131,3026,R,1895.5,flat,1,5.7,4.3,2.7,ms,,,garage,flat,3.2
"stage 1 - building 6144 - 41.994372, 21.610267",6144,41.994372,21.610267,3036,R,1218.5,house,1,9.1,7.3,3.3,ms,,,house,gable,7.0
"stage 1 - building 6145 - 41.994549, 21.610429",6145,41.994549,21.610429,3115,R,1200.3,house,2,10.8,8.1,6.2,ms,,,house,gable,7.0
"stage 1 - building 6146 - 41.994738, 21.610543",6146,41.994738,21.610543,3118,R,1180.0,house,1,7.0,6.2,3.3,ms,,,garage,flat,3.2
"stage 1 - building 6147 - 41.995642, 21.610618",6147,41.995642,21.610618,3124,R,1080.3,flat,1,6.5,4.0,2.7,ms,,,garage,flat,3.2
"stage 1 - building 6148 - 41.995126, 21.610697",6148,41.995126,21.610697,3125,R,1138.0,house,1,7.9,7.0,3.3,ms,,,house,gable,7.0
"stage 1 - building 6149 - 41.994849, 21.610740",6149,41.994849,21.610740,3125,R,1168.9,house,2,10.0,9.2,6.2,ms,,,house,gable,7.0
"stage 1 - building 6150 - 41.994881, 21.610909",6150,41.994881,21.610909,3131,R,1166.5,flat,1,6.1,3.8,2.7,ms,,,garage,flat,3.2
"stage 1 - building 6151 - 41.994486, 21.610950",6151,41.994486,21.610950,3131,R,1210.6,flat,1,5.7,4.2,2.7,ms,,,garage,flat,3.2
"stage 1 - building 6152 - 41.995495, 21.610843",6152,41.995495,21.610843,3132,R,1098.1,house,1,8.2,5.2,3.3,ms,,,garage,flat,3.2
"stage 1 - building 6153 - 41.995939, 21.611063",6153,41.995939,21.611063,3246,R,1049.3,house,2,11.4,10.3,6.2,ms,,,house,gable,7.0
"stage 1 - building 6154 - 41.994439, 21.611028",6154,41.994439,21.611028,3246,R,1215.9,house,2,11.7,5.3,6.2,ms,,,house,gable,7.0
"stage 1 - building 6155 - 41.995162, 21.611081",6155,41.995162,21.611081,3247,R,1135.5,house,2,13.9,10.8,6.2,ms,,,house,gable,7.0
"stage 1 - building 6156 - 41.996093, 21.611220",6156,41.996093,21.611220,3249,R,1032.2,house,2,10.6,8.4,6.2,ms,,,house,gable,7.0
"stage 1 - building 6157 - 41.994361, 21.611235",6157,41.994361,21.611235,3249,R,1224.7,house,1,8.1,4.5,3.3,ms,,,garage,flat,3.2
"stage 1 - building 6158 - 41.995703, 21.611368",6158,41.995703,21.611368,3266,R,1075.6,house,2,13.9,12.5,6.2,ms,,,house,gable,7.0
"stage 1 - building 6159 - 41.994298, 21.611431",6159,41.994298,21.611431,3266,R,1231.7,flat,1,6.1,4.0,2.7,ms,,,garage,flat,3.2
"stage 1 - building 6160 - 41.988763, 21.611470",6160,41.988763,21.611470,3266,R,1846.5,flat,1,100.6,80.9,9.0,ms,,,commercial,flat,7.0
"stage 1 - building 6161 - 41.996311, 21.611523",6161,41.996311,21.611523,3267,R,1008.3,house,1,14.1,9.8,3.3,ms,,,house,gable,7.0
"stage 1 - building 6162 - 41.995827, 21.611446",6162,41.995827,21.611446,3267,R,1061.9,flat,1,4.8,4.2,2.7,ms,,,garage,flat,3.2
"stage 1 - building 6163 - 41.986763, 21.611598",6163,41.986763,21.611598,3267,R,2068.8,house,1,8.7,4.5,3.3,ms,,,garage,flat,3.2
"stage 1 - building 6164 - 41.986740, 21.611770",6164,41.986740,21.611770,3267,R,2071.6,house,1,13.2,10.4,3.3,osm,603024856,yes,house,gable,7.0
"stage 1 - building 6165 - 41.986142, 21.611810",6165,41.986142,21.611810,3267,R,2138.0,flat,1,76.9,40.9,9.0,osm,603024862,yes,commercial,flat,7.0
"stage 1 - building 6166 - 41.996170, 21.611693",6166,41.996170,21.611693,3268,R,1024.3,house,1,13.2,12.2,3.3,ms,,,house,gable,7.0
"stage 1 - building 6167 - 41.986649, 21.612253",6167,41.986649,21.612253,3268,R,2082.8,house,1,9.0,6.9,3.3,ms,,,house,gable,7.0
"stage 1 - building 6168 - 41.986632, 21.612004",6168,41.986632,21.612004,3268,R,2084.0,house,2,20.5,10.6,6.2,osm,603024857,yes,house,gable,7.0
"stage 1 - building 6169 - 41.972882, 21.612900",6169,41.972882,21.612900,3268,R,3612.9,house,2,16.9,11.3,6.2,osm,416526218,yes,house,gable,7.0
"stage 1 - building 6170 - 41.994870, 21.612046",6170,41.994870,21.612046,3269,R,1169.8,house,2,10.5,9.3,6.2,ms,,,house,gable,7.0
"stage 1 - building 6171 - 41.985948, 21.612562",6171,41.985948,21.612562,3269,R,2161.7,house,1,23.3,9.1,3.3,osm,603024858,yes,house,gable,7.0
"stage 1 - building 6172 - 41.972849, 21.613209",6172,41.972849,21.613209,3269,R,3617.6,house,2,20.8,10.1,6.2,osm,416526217,yes,house,gable,7.0
"stage 1 - building 6173 - 41.972633, 21.613141",6173,41.972633,21.613141,3269,R,3641.3,house,2,16.1,8.7,6.2,osm,416526219,yes,house,gable,7.0
"stage 1 - building 6174 - 41.995372, 21.612184",6174,41.995372,21.612184,3270,R,1114.8,house,1,6.1,6.0,3.3,ms,,,garage,flat,3.2
"stage 1 - building 6175 - 41.995285, 21.612068",6175,41.995285,21.612068,3270,R,1123.8,house,2,12.1,6.2,6.2,ms,,,house,gable,7.0
"stage 1 - building 6176 - 41.995220, 21.612193",6176,41.995220,21.612193,3270,R,1131.7,house,1,9.7,4.6,3.3,ms,,,garage,flat,3.2
"stage 1 - building 6177 - 41.995084, 21.612263",6177,41.995084,21.612263,3270,R,1147.1,house,1,7.6,4.4,3.3,ms,,,garage,flat,3.2
"stage 1 - building 6178 - 41.987020, 21.612921",6178,41.987020,21.612921,3270,R,2044.5,house,2,8.2,7.7,6.2,osm,603024854,yes,house,gable,7.0
"stage 1 - building 6179 - 41.984604, 21.612951",6179,41.984604,21.612951,3270,R,2312.4,flat,1,37.7,36.7,7.0,osm,603024853,yes,commercial,flat,7.0
"stage 1 - building 6180 - 41.973336, 21.613773",6180,41.973336,21.613773,3270,R,3565.9,flat,1,23.9,22.5,7.0,osm,416526225,bunker,house,gable,7.0
"stage 1 - building 6181 - 41.996087, 21.612430",6181,41.996087,21.612430,3272,R,1037.1,house,1,7.2,5.3,3.3,ms,,,garage,flat,3.2
"stage 1 - building 6182 - 41.995113, 21.612545",6182,41.995113,21.612545,3272,R,1145.8,flat,1,29.7,16.5,7.0,ms,,,house,gable,7.0
"stage 1 - building 6183 - 41.991960, 21.613113",6183,41.991960,21.613113,3272,R,1498.8,house,2,11.1,10.2,6.2,ms,,,house,gable,7.0
"stage 1 - building 6184 - 41.987304, 21.613556",6184,41.987304,21.613556,3272,R,2017.1,house,1,6.4,6.0,3.3,ms,,,garage,flat,3.2
"stage 1 - building 6185 - 41.995064, 21.612828",6185,41.995064,21.612828,3273,R,1153.5,house,2,10.5,7.3,6.2,ms,,,house,gable,7.0
"stage 1 - building 6186 - 41.994932, 21.612952",6186,41.994932,21.612952,3273,R,1169.2,flat,1,4.0,3.8,2.7,ms,,,garage,flat,3.2
"stage 1 - building 6187 - 41.992222, 21.613145",6187,41.992222,21.613145,3273,R,1470.2,house,2,20.4,8.3,6.2,ms,,,house,gable,7.0
"stage 1 - building 6188 - 41.991961, 21.613319",6188,41.991961,21.613319,3273,R,1500.5,house,2,11.2,8.1,6.2,ms,,,house,gable,7.0
"stage 1 - building 6189 - 41.991870, 21.613420",6189,41.991870,21.613420,3273,R,1511.4,house,1,7.6,6.0,3.3,ms,,,house,gable,7.0
"stage 1 - building 6190 - 41.991978, 21.613589",6190,41.991978,21.613589,3274,R,1501.2,house,2,11.7,11.4,6.2,ms,,,house,gable,7.0
"stage 1 - building 6191 - 41.992064, 21.613744",6191,41.992064,21.613744,3275,R,1493.4,house,1,7.7,4.8,3.3,ms,,,garage,flat,3.2
"stage 1 - building 6192 - 41.991941, 21.613783",6192,41.991941,21.613783,3275,R,1507.3,house,1,9.5,9.1,3.3,ms,,,house,gable,7.0
"stage 1 - building 6193 - 41.991926, 21.613955",6193,41.991926,21.613955,3275,R,1510.9,house,1,9.5,7.0,3.3,ms,,,house,gable,7.0
"stage 1 - building 6194 - 41.991719, 21.613896",6194,41.991719,21.613896,3275,R,1533.0,house,1,7.0,6.5,3.3,ms,,,house,gable,7.0
"stage 1 - building 6195 - 41.991564, 21.613872",6195,41.991564,21.613872,3275,R,1549.8,flat,1,24.8,16.7,7.0,ms,,,house,gable,7.0
"stage 1 - building 6196 - 41.995933, 21.613355",6196,41.995933,21.613355,3276,R,1063.4,flat,1,5.5,5.2,2.7,ms,,,garage,flat,3.2
"stage 1 - building 6197 - 41.995772, 21.613418",6197,41.995772,21.613418,3276,R,1081.9,house,2,12.1,11.5,6.2,ms,,,house,gable,7.0
"stage 1 - building 6198 - 41.995950, 21.613648",6198,41.995950,21.613648,3439,R,1063.5,flat,1,5.9,3.7,2.7,ms,,,garage,flat,3.2
"stage 1 - building 6199 - 41.995820, 21.613581",6199,41.995820,21.613581,3439,R,1077.8,house,1,5.8,5.4,3.3,ms,,,garage,flat,3.2
"stage 1 - building 6200 - 41.992483, 21.614007",6200,41.992483,21.614007,3440,R,1449.4,flat,1,6.6,3.0,2.7,ms,,,garage,flat,3.2
"stage 1 - building 6201 - 41.992978, 21.614051",6201,41.992978,21.614051,3441,R,1394.5,flat,1,8.0,3.7,2.7,ms,,,garage,flat,3.2
"stage 1 - building 6202 - 41.991732, 21.614114",6202,41.991732,21.614114,3441,R,1533.0,house,2,11.9,10.7,6.2,ms,,,row,flat,9.5
"stage 1 - building 6203 - 41.991735, 21.614241",6203,41.991735,21.614241,3441,R,1533.2,house,1,7.9,6.2,3.3,ms,,,house,gable,7.0
"stage 1 - building 6204 - 41.991531, 21.614276",6204,41.991531,21.614276,3441,R,1556.0,house,2,10.8,7.5,6.2,ms,,,house,gable,7.0
"stage 1 - building 6205 - 41.991440, 21.614102",6205,41.991440,21.614102,3441,R,1565.4,flat,1,4.7,4.3,2.7,ms,,,garage,flat,3.2
"stage 1 - building 6206 - 41.987703, 21.614488",6206,41.987703,21.614488,3441,R,1981.6,flat,1,100.3,42.7,9.0,osm,603024851,yes,commercial,flat,7.0
"stage 1 - building 6207 - 41.992973, 21.614324",6207,41.992973,21.614324,3442,R,1396.3,flat,1,4.4,3.9,2.7,ms,,,garage,flat,3.2
"stage 1 - building 6208 - 41.992911, 21.614226",6208,41.992911,21.614226,3442,R,1402.7,house,2,14.1,9.6,6.2,ms,,,house,gable,7.0
"stage 1 - building 6209 - 41.992280, 21.614367",6209,41.992280,21.614367,3442,R,1473.3,house,1,11.5,10.0,3.3,ms,,,house,gable,7.0
"stage 1 - building 6210 - 41.991826, 21.614309",6210,41.991826,21.614309,3442,R,1523.4,house,1,13.3,9.6,3.3,ms,,,house,gable,7.0
"stage 1 - building 6211 - 41.991822, 21.614436",6211,41.991822,21.614436,3442,R,1524.4,house,1,6.8,4.8,3.3,ms,,,garage,flat,3.2
"stage 1 - building 6212 - 41.991599, 21.614443",6212,41.991599,21.614443,3442,R,1549.2,house,1,19.3,5.7,3.3,ms,,,house,gable,7.0
"stage 1 - building 6213 - 41.987547, 21.614784",6213,41.987547,21.614784,3442,R,2000.1,house,1,15.9,6.1,3.3,ms,,,house,gable,7.0
"stage 1 - building 6214 - 41.987412, 21.614686",6214,41.987412,21.614686,3442,R,2014.6,flat,1,5.2,3.7,2.7,ms,,,garage,flat,3.2
"stage 1 - building 6215 - 41.987362, 21.614714",6215,41.987362,21.614714,3442,R,2020.3,flat,1,8.2,3.4,2.7,ms,,,garage,flat,3.2
"stage 1 - building 6216 - 41.992944, 21.614409",6216,41.992944,21.614409,3443,R,1399.8,house,1,14.8,11.1,3.3,ms,,,house,gable,7.0
"stage 1 - building 6217 - 41.992268, 21.614518",6217,41.992268,21.614518,3443,R,1475.4,house,1,8.3,7.9,3.3,ms,,,house,gable,7.0
"stage 1 - building 6218 - 41.991910, 21.614527",6218,41.991910,21.614527,3443,R,1515.1,house,1,15.5,12.2,3.3,ms,,,house,gable,7.0
"stage 1 - building 6219 - 41.984033, 21.615186",6219,41.984033,21.615186,3443,R,2391.7,flat,1,5.0,2.8,2.7,ms,,,garage,flat,3.2
"stage 1 - building 6220 - 41.996190, 21.614290",6220,41.996190,21.614290,3444,R,1039.5,house,1,8.6,6.9,3.3,ms,,,house,gable,7.0
"stage 1 - building 6221 - 41.996114, 21.614254",6221,41.996114,21.614254,3444,R,1047.7,house,2,8.3,8.0,6.2,ms,,,house,gable,7.0
"stage 1 - building 6222 - 41.992022, 21.614736",6222,41.992022,21.614736,3444,R,1503.8,house,1,12.2,10.6,3.3,ms,,,house,gable,7.0
"stage 1 - building 6223 - 41.991765, 21.614743",6223,41.991765,21.614743,3444,R,1532.4,flat,1,7.0,4.2,2.7,ms,,,garage,flat,3.2
"stage 1 - building 6224 - 41.989590, 21.614988",6224,41.989590,21.614988,3444,R,1774.8,house,1,7.6,4.7,3.3,ms,,,garage,flat,3.2
"stage 1 - building 6225 - 41.989463, 21.614902",6225,41.989463,21.614902,3444,R,1788.4,house,1,6.4,5.0,3.3,ms,,,garage,flat,3.2
"stage 1 - building 6226 - 41.996284, 21.614351",6226,41.996284,21.614351,3445,R,1029.4,house,1,11.2,9.8,3.3,ms,,,house,gable,7.0
"stage 1 - building 6227 - 41.992684, 21.614692",6227,41.992684,21.614692,3445,R,1430.2,house,2,12.2,10.6,6.2,ms,,,house,gable,7.0
"stage 1 - building 6228 - 41.992503, 21.614734",6228,41.992503,21.614734,3445,R,1450.6,house,2,12.1,11.0,6.2,ms,,,row,flat,9.5
"stage 1 - building 6229 - 41.992072, 21.614846",6229,41.992072,21.614846,3445,R,1499.0,house,1,15.3,6.6,3.3,ms,,,house,gable,7.0
"stage 1 - building 6230 - 41.984078, 21.615624",6230,41.984078,21.615624,3445,R,2389.3,flat,1,4.3,3.0,2.7,ms,,,garage,flat,3.2
"stage 1 - building 6231 - 41.989756, 21.615132",6231,41.989756,21.615132,3446,R,1757.3,house,1,8.1,7.1,3.3,ms,,,house,gable,7.0
"stage 1 - building 6232 - 41.992503, 21.614893",6232,41.992503,21.614893,3447,R,1451.7,house,1,20.0,12.3,3.3,ms,,,row,flat,9.5
"stage 1 - building 6233 - 41.992117, 21.614965",6233,41.992117,21.614965,3447,R,1494.8,house,2,11.6,9.7,6.2,ms,,,house,gable,7.0
"stage 1 - building 6234 - 41.989843, 21.615216",6234,41.989843,21.615216,3447,R,1748.4,house,1,7.3,5.9,3.3,ms,,,garage,flat,3.2
"stage 1 - building 6235 - 41.995721, 21.614569",6235,41.995721,21.614569,3448,R,1093.2,flat,1,5.9,4.8,2.7,ms,,,garage,flat,3.2
"stage 1 - building 6236 - 41.995995, 21.614642",6236,41.995995,21.614642,3453,R,1063.4,house,1,12.1,8.9,3.3,ms,,,house,gable,7.0
"stage 1 - building 6237 - 41.991089, 21.615237",6237,41.991089,21.615237,3453,R,1610.6,house,2,15.7,12.3,6.2,ms,,,house,gable,7.0
"stage 1 - building 6238 - 41.992724, 21.615126",6238,41.992724,21.615126,3457,R,1428.9,house,2,11.1,10.0,6.2,ms,,,house,gable,7.0
"stage 1 - building 6239 - 41.992278, 21.615163",6239,41.992278,21.615163,3457,R,1478.5,house,1,12.7,4.6,3.3,ms,,,row,flat,9.5
"stage 1 - building 6240 - 41.990005, 21.615437",6240,41.990005,21.615437,3457,R,1732.0,house,1,9.7,5.8,3.3,ms,,,house,gable,7.0
"stage 1 - building 6241 - 41.992234, 21.615209",6241,41.992234,21.615209,3458,R,1483.8,house,2,12.5,6.5,6.2,ms,,,row,flat,9.5
"stage 1 - building 6242 - 41.995882, 21.614781",6242,41.995882,21.614781,3459,R,1077.0,house,2,13.4,11.1,6.2,ms,,,house,gable,7.0
"stage 1 - building 6243 - 41.992629, 21.615230",6243,41.992629,21.615230,3459,R,1440.2,house,1,13.2,11.1,3.3,ms,,,house,gable,7.0
"stage 1 - building 6244 - 41.991356, 21.615350",6244,41.991356,21.615350,3459,R,1581.9,house,1,9.5,9.4,3.3,ms,,,house,gable,7.0
"stage 1 - building 6245 - 41.992805, 21.615304",6245,41.992805,21.615304,3460,R,1421.4,house,2,11.8,11.2,6.2,ms,,,house,gable,7.0
"stage 1 - building 6246 - 41.989885, 21.615696",6246,41.989885,21.615696,3460,R,1747.4,house,2,13.4,11.5,6.2,ms,,,house,gable,7.0
"stage 1 - building 6247 - 41.991597, 21.615617",6247,41.991597,21.615617,3461,R,1557.5,house,2,13.7,10.1,6.2,ms,,,house,gable,7.0
"stage 1 - building 6248 - 41.995225, 21.615163",6248,41.995225,21.615163,3462,R,1152.8,flat,1,6.2,3.7,2.7,ms,,,garage,flat,3.2
"stage 1 - building 6249 - 41.994877, 21.615262",6249,41.994877,21.615262,3462,R,1192.2,house,2,14.2,11.3,6.2,ms,,,house,gable,7.0
"stage 1 - building 6250 - 41.992841, 21.615458",6250,41.992841,21.615458,3462,R,1418.8,house,1,10.0,9.8,3.3,ms,,,row,flat,9.5
"stage 1 - building 6251 - 41.992447, 21.615535",6251,41.992447,21.615535,3462,R,1463.0,house,1,9.8,9.3,3.3,ms,,,house,gable,7.0
"stage 1 - building 6252 - 41.991916, 21.615666",6252,41.991916,21.615666,3462,R,1522.7,house,1,10.7,10.2,3.3,ms,,,house,gable,7.0
"stage 1 - building 6253 - 41.983849, 21.616994",6253,41.983849,21.616994,3462,R,2425.5,house,1,13.6,6.7,3.3,ms,,,house,gable,7.0
"stage 1 - building 6254 - 41.995384, 21.615310",6254,41.995384,21.615310,3463,R,1136.7,house,2,20.6,14.4,6.2,ms,,,house,gable,7.0
"stage 1 - building 6255 - 41.995206, 21.615301",6255,41.995206,21.615301,3463,R,1156.3,house,1,7.4,5.2,3.3,ms,,,garage,flat,3.2
"stage 1 - building 6256 - 41.992804, 21.615684",6256,41.992804,21.615684,3463,R,1425.0,house,1,21.8,6.7,3.3,ms,,,house,gable,7.0
"stage 1 - building 6257 - 41.992721, 21.615799",6257,41.992721,21.615799,3463,R,1435.2,flat,1,5.5,3.8,2.7,ms,,,garage,flat,3.2
"stage 1 - building 6258 - 41.992497, 21.615738",6258,41.992497,21.615738,3463,R,1459.3,house,2,11.8,9.5,6.2,ms,,,house,gable,7.0
"stage 1 - building 6259 - 41.992259, 21.615781",6259,41.992259,21.615781,3463,R,1486.1,house,1,9.1,7.0,3.3,ms,,,house,gable,7.0
"stage 1 - building 6260 - 41.989981, 21.616246",6260,41.989981,21.616246,3463,R,1741.9,house,1,9.8,4.1,3.3,ms,,,garage,flat,3.2
"stage 1 - building 6261 - 41.989938, 21.616164",6261,41.989938,21.616164,3463,R,1745.8,house,1,11.8,3.9,3.3,ms,,,house,gable,7.0
"stage 1 - building 6262 - 41.989664, 21.616251",6262,41.989664,21.616251,3463,R,1776.9,house,1,8.4,5.2,3.3,ms,,,garage,flat,3.2
"stage 1 - building 6263 - 41.993289, 21.615877",6263,41.993289,21.615877,3464,R,1373.6,flat,1,7.5,3.2,2.7,ms,,,garage,flat,3.2
"stage 1 - building 6264 - 41.993201, 21.615800",6264,41.993201,21.615800,3464,R,1382.4,house,1,8.6,4.8,3.3,ms,,,garage,flat,3.2
"stage 1 - building 6265 - 41.993099, 21.615913",6265,41.993099,21.615913,3464,R,1394.9,house,2,11.7,10.0,6.2,ms,,,house,gable,7.0
"stage 1 - building 6266 - 41.993023, 21.615838",6266,41.993023,21.615838,3464,R,1402.4,house,1,7.0,6.6,3.3,ms,,,house,gable,7.0
"stage 1 - building 6267 - 41.992905, 21.615983",6267,41.992905,21.615983,3464,R,1417.0,flat,1,6.8,3.3,2.7,ms,,,garage,flat,3.2
"stage 1 - building 6268 - 41.991821, 21.616150",6268,41.991821,21.616150,3464,R,1538.2,house,2,15.7,6.1,6.2,ms,,,house,gable,7.0
"stage 1 - building 6269 - 41.990196, 21.616312",6269,41.990196,21.616312,3464,R,1718.9,house,2,8.8,7.3,6.2,ms,,,house,gable,7.0
"stage 1 - building 6270 - 41.989933, 21.616451",6270,41.989933,21.616451,3464,R,1749.4,house,2,10.3,7.9,6.2,ms,,,house,gable,7.0
"stage 1 - building 6271 - 41.989901, 21.616317",6271,41.989901,21.616317,3464,R,1751.4,flat,1,4.6,3.8,2.7,ms,,,garage,flat,3.2
"stage 1 - building 6272 - 41.989822, 21.616386",6272,41.989822,21.616386,3464,R,1760.9,house,1,10.5,3.2,3.3,ms,,,garage,flat,3.2
"stage 1 - building 6273 - 41.989736, 21.616356",6273,41.989736,21.616356,3464,R,1770.0,house,2,9.7,7.9,6.2,ms,,,house,gable,7.0
"stage 1 - building 6274 - 41.983565, 21.617660",6274,41.983565,21.617660,3464,R,2463.7,house,1,16.1,12.8,3.3,osm,603024846,yes,house,gable,7.0
"stage 1 - building 6275 - 41.995212, 21.615638",6275,41.995212,21.615638,3465,R,1159.3,house,2,15.5,10.8,6.2,ms,,,house,gable,7.0
"stage 1 - building 6276 - 41.995197, 21.615783",6276,41.995197,21.615783,3465,R,1162.7,flat,1,5.0,4.0,2.7,ms,,,garage,flat,3.2
"stage 1 - building 6277 - 41.994999, 21.615675",6277,41.994999,21.615675,3465,R,1183.1,house,1,7.1,4.3,3.3,ms,,,garage,flat,3.2
"stage 1 - building 6278 - 41.994928, 21.615772",6278,41.994928,21.615772,3465,R,1192.1,flat,1,7.5,3.4,2.7,ms,,,garage,flat,3.2
"stage 1 - building 6279 - 41.993206, 21.615999",6279,41.993206,21.615999,3465,R,1384.1,flat,1,4.9,2.6,2.7,ms,,,garage,flat,3.2
"stage 1 - building 6280 - 41.992679, 21.616218",6280,41.992679,21.616218,3465,R,1444.7,house,2,11.6,8.1,6.2,ms,,,house,gable,7.0
"stage 1 - building 6281 - 41.992521, 21.616174",6281,41.992521,21.616174,3465,R,1461.4,house,2,11.5,10.6,6.2,ms,,,house,gable,7.0
"stage 1 - building 6282 - 41.991865, 21.616487",6282,41.991865,21.616487,3465,R,1537.4,house,1,6.2,5.3,3.3,ms,,,garage,flat,3.2
"stage 1 - building 6283 - 41.991781, 21.616435",6283,41.991781,21.616435,3465,R,1545.9,flat,1,7.0,3.9,2.7,ms,,,garage,flat,3.2
"stage 1 - building 6284 - 41.991518, 21.616325",6284,41.991518,21.616325,3465,R,1573.6,house,1,8.8,3.9,3.3,ms,,,garage,flat,3.2
"stage 1 - building 6285 - 41.990141, 21.616681",6285,41.990141,21.616681,3465,R,1729.1,house,1,8.5,6.8,3.3,ms,,,house,gable,7.0
"stage 1 - building 6286 - 41.987149, 21.617403",6286,41.987149,21.617403,3465,R,2066.6,house,2,12.6,5.1,6.2,ms,,,house,gable,7.0
"stage 1 - building 6287 - 41.986952, 21.617171",6287,41.986952,21.617171,3465,R,2085.5,house,1,10.2,9.5,3.3,osm,605703556,yes,house,gable,7.0
"stage 1 - building 6288 - 41.983360, 21.618204",6288,41.983360,21.618204,3465,R,2492.7,flat,1,31.3,12.5,7.0,osm,603024848,yes,house,gable,7.0
"stage 1 - building 6289 - 41.995956, 21.615804",6289,41.995956,21.615804,3466,R,1079.7,house,1,8.2,6.3,3.3,ms,,,house,gable,7.0
"stage 1 - building 6290 - 41.995147, 21.615945",6290,41.995147,21.615945,3466,R,1170.3,house,1,20.9,5.2,3.3,ms,,,house,gable,7.0
"stage 1 - building 6291 - 41.994909, 21.616026",6291,41.994909,21.616026,3466,R,1197.5,house,1,9.0,5.0,3.3,ms,,,garage,flat,3.2
"stage 1 - building 6292 - 41.994545, 21.615993",6292,41.994545,21.615993,3466,R,1236.9,flat,1,3.9,3.5,2.7,ms,,,garage,flat,3.2
"stage 1 - building 6293 - 41.994479, 21.615975",6293,41.994479,21.615975,3466,R,1244.0,house,2,10.4,9.6,6.2,ms,,,row,flat,9.5
"stage 1 - building 6294 - 41.994330, 21.616074",6294,41.994330,21.616074,3466,R,1261.6,house,1,11.6,10.9,3.3,ms,,,house,gable,7.0
"stage 1 - building 6295 - 41.993980, 21.616265",6295,41.993980,21.616265,3466,R,1302.5,house,1,14.5,10.7,3.3,ms,,,house,gable,7.0
"stage 1 - building 6296 - 41.993718, 21.616340",6296,41.993718,21.616340,3466,R,1332.3,house,1,7.8,7.3,3.3,ms,,,house,gable,7.0
"stage 1 - building 6297 - 41.993483, 21.616161",6297,41.993483,21.616161,3466,R,1355.6,house,1,14.7,4.5,3.3,ms,,,house,gable,7.0
"stage 1 - building 6298 - 41.993469, 21.616356",6298,41.993469,21.616356,3466,R,1359.8,house,1,6.8,6.0,3.3,ms,,,garage,flat,3.2
"stage 1 - building 6299 - 41.993030, 21.616417",6299,41.993030,21.616417,3466,R,1408.7,house,2,12.6,11.4,6.2,ms,,,house,gable,7.0
"stage 1 - building 6300 - 41.992656, 21.616460",6300,41.992656,21.616460,3466,R,1450.3,house,1,8.4,6.0,3.3,ms,,,house,gable,7.0
"stage 1 - building 6301 - 41.992580, 21.616563",6301,41.992580,21.616563,3466,R,1460.0,house,2,13.9,10.7,6.2,ms,,,house,gable,7.0
"stage 1 - building 6302 - 41.992205, 21.616640",6302,41.992205,21.616640,3466,R,1502.1,house,1,6.9,4.6,3.3,ms,,,garage,flat,3.2
"stage 1 - building 6303 - 41.992023, 21.616469",6303,41.992023,21.616469,3466,R,1519.8,house,2,18.0,11.5,6.2,ms,,,house,gable,7.0
"stage 1 - building 6304 - 41.991835, 21.616735",6304,41.991835,21.616735,3466,R,1544.0,house,2,15.3,11.0,6.2,ms,,,house,gable,7.0
"stage 1 - building 6305 - 41.991724, 21.616676",6305,41.991724,21.616676,3466,R,1555.3,house,2,14.5,5.9,6.2,ms,,,house,gable,7.0
"stage 1 - building 6306 - 41.991646, 21.616600",6306,41.991646,21.616600,3466,R,1562.8,house,2,9.5,8.0,6.2,ms,,,house,gable,7.0
"stage 1 - building 6307 - 41.991416, 21.616689",6307,41.991416,21.616689,3466,R,1589.2,house,1,7.7,6.8,3.3,ms,,,house,gable,7.0
"stage 1 - building 6308 - 41.991398, 21.616790",6308,41.991398,21.616790,3466,R,1592.6,house,1,5.8,5.7,3.3,ms,,,garage,flat,3.2
"stage 1 - building 6309 - 41.984323, 21.618335",6309,41.984323,21.618335,3466,R,2388.8,flat,1,6.7,2.7,2.7,ms,,,garage,flat,3.2
"stage 1 - building 6310 - 41.984132, 21.618370",6310,41.984132,21.618370,3466,R,2410.2,flat,1,6.7,3.4,2.7,ms,,,garage,flat,3.2
"stage 1 - building 6311 - 41.983582, 21.618487",6311,41.983582,21.618487,3466,R,2472.1,flat,1,4.2,3.7,2.7,ms,,,garage,flat,3.2
"stage 1 - building 6312 - 41.996053, 21.615902",6312,41.996053,21.615902,3467,R,1070.5,house,1,7.3,7.3,3.3,ms,,,house,gable,7.0
"stage 1 - building 6313 - 41.993470, 21.616563",6313,41.993470,21.616563,3467,R,1362.6,house,2,12.7,11.5,6.2,ms,,,house,gable,7.0
"stage 1 - building 6314 - 41.993239, 21.616540",6314,41.993239,21.616540,3467,R,1387.5,house,1,11.4,9.5,3.3,ms,,,house,gable,7.0
"stage 1 - building 6315 - 41.993080, 21.616751",6315,41.993080,21.616751,3467,R,1407.9,house,1,18.7,5.5,3.3,ms,,,house,gable,7.0
"stage 1 - building 6316 - 41.992272, 21.616706",6316,41.992272,21.616706,3467,R,1495.7,flat,1,5.5,4.2,2.7,ms,,,garage,flat,3.2
"stage 1 - building 6317 - 41.992006, 21.616811",6317,41.992006,21.616811,3467,R,1526.2,flat,1,27.5,11.9,7.0,ms,,,house,gable,7.0
"stage 1 - building 6318 - 41.991821, 21.616945",6318,41.991821,21.616945,3467,R,1548.4,house,1,12.0,10.0,3.3,ms,,,house,gable,7.0
"stage 1 - building 6319 - 41.991663, 21.616992",6319,41.991663,21.616992,3467,R,1566.4,flat,1,4.1,3.0,2.7,ms,,,garage,flat,3.2
"stage 1 - building 6320 - 41.991369, 21.616997",6320,41.991369,21.616997,3467,R,1598.6,house,1,8.3,6.4,3.3,ms,,,house,gable,7.0
"stage 1 - building 6321 - 41.990986, 21.617239",6321,41.990986,21.617239,3467,R,1644.1,flat,1,5.8,4.1,2.7,ms,,,garage,flat,3.2
"stage 1 - building 6322 - 41.990909, 21.617166",6322,41.990909,21.617166,3467,R,1651.4,house,1,12.7,4.9,3.3,ms,,,house,gable,7.0
"stage 1 - building 6323 - 41.990074, 21.617338",6323,41.990074,21.617338,3467,R,1745.2,house,2,8.7,7.4,6.2,ms,,,house,gable,7.0
"stage 1 - building 6324 - 41.984582, 21.618647",6324,41.984582,21.618647,3467,R,2364.8,flat,1,102.5,39.9,9.0,ms,,,commercial,flat,7.0
"stage 1 - building 6325 - 41.983597, 21.619087",6325,41.983597,21.619087,3467,R,2478.9,flat,1,5.6,5.0,2.7,ms,,,garage,flat,3.2
"stage 1 - building 6326 - 41.983385, 21.618953",6326,41.983385,21.618953,3467,R,2500.2,flat,1,28.6,27.7,7.0,osm,603024847,yes,commercial,flat,7.0
"stage 1 - building 6327 - 41.996188, 21.616020",6327,41.996188,21.616020,3468,R,1057.5,house,1,9.8,6.1,3.3,ms,,,house,gable,7.0
"stage 1 - building 6328 - 41.994560, 21.616461",6328,41.994560,21.616461,3468,R,1242.0,house,1,7.3,4.3,3.3,ms,,,garage,flat,3.2
"stage 1 - building 6329 - 41.994373, 21.616508",6329,41.994373,21.616508,3468,R,1263.1,flat,1,5.4,4.8,2.7,ms,,,garage,flat,3.2
"stage 1 - building 6330 - 41.994102, 21.616543",6330,41.994102,21.616543,3468,R,1293.3,house,1,7.1,6.4,3.3,ms,,,garage,flat,3.2
"stage 1 - building 6331 - 41.993875, 21.616611",6331,41.993875,21.616611,3468,R,1319.1,flat,1,5.0,4.6,2.7,ms,,,garage,flat,3.2
"stage 1 - building 6332 - 41.992918, 21.616985",6332,41.992918,21.616985,3468,R,1429.2,house,2,10.9,9.9,6.2,ms,,,house,gable,7.0
"stage 1 - building 6333 - 41.991591, 21.617223",6333,41.991591,21.617223,3468,R,1577.8,house,1,11.5,7.9,3.3,ms,,,house,gable,7.0
"stage 1 - building 6334 - 41.991152, 21.617398",6334,41.991152,21.617398,3468,R,1628.4,house,2,12.4,10.3,6.2,ms,,,house,gable,7.0
"stage 1 - building 6335 - 41.991063, 21.617305",6335,41.991063,21.617305,3468,R,1636.6,house,1,8.6,6.3,3.3,ms,,,house,gable,7.0
"stage 1 - building 6336 - 41.990232, 21.617653",6336,41.990232,21.617653,3468,R,1732.7,house,2,20.0,11.8,6.2,ms,,,house,gable,7.0
"stage 1 - building 6337 - 41.983973, 21.619233",6337,41.983973,21.619233,3468,R,2440.1,flat,1,5.8,4.4,2.7,ms,,,garage,flat,3.2
"stage 1 - building 6338 - 41.994589, 21.616660",6338,41.994589,21.616660,3469,R,1241.9,house,1,12.8,10.0,3.3,ms,,,house,gable,7.0
"stage 1 - building 6339 - 41.993827, 21.616839",6339,41.993827,21.616839,3469,R,1327.9,house,1,16.4,10.5,3.3,ms,,,house,gable,7.0
"stage 1 - building 6340 - 41.993445, 21.617020",6340,41.993445,21.617020,3469,R,1372.5,house,2,8.8,8.4,6.2,ms,,,house,gable,7.0
"stage 1 - building 6341 - 41.993305, 21.616945",6341,41.993305,21.616945,3469,R,1386.5,flat,1,4.7,4.1,2.7,ms,,,garage,flat,3.2
"stage 1 - building 6342 - 41.993076, 21.617075",6342,41.993076,21.617075,3469,R,1413.5,house,2,11.5,10.6,6.2,ms,,,house,gable,7.0
"stage 1 - building 6343 - 41.992830, 21.617110",6343,41.992830,21.617110,3469,R,1440.9,house,1,18.0,10.4,3.3,ms,,,house,gable,7.0
"stage 1 - building 6344 - 41.992688, 21.617199",6344,41.992688,21.617199,3469,R,1457.8,house,2,18.3,6.7,6.2,ms,,,house,gable,7.0
"stage 1 - building 6345 - 41.992587, 21.617292",6345,41.992587,21.617292,3469,R,1470.3,house,1,9.8,4.8,3.3,ms,,,house,gable,7.0
"stage 1 - building 6346 - 41.992147, 21.617353",6346,41.992147,21.617353,3469,R,1519.2,house,2,14.3,10.6,6.2,ms,,,row,flat,9.5
"stage 1 - building 6347 - 41.991865, 21.617368",6347,41.991865,21.617368,3469,R,1550.2,flat,1,38.0,14.1,7.0,ms,,,house,gable,7.0
"stage 1 - building 6348 - 41.990545, 21.617796",6348,41.990545,21.617796,3469,R,1700.9,house,2,10.4,9.3,6.2,ms,,,house,gable,7.0
"stage 1 - building 6349 - 41.990442, 21.617936",6349,41.990442,21.617936,3469,R,1714.5,flat,1,5.5,3.5,2.7,ms,,,garage,flat,3.2
"stage 1 - building 6350 - 41.990378, 21.617769",6350,41.990378,21.617769,3469,R,1718.6,house,2,11.6,9.0,6.2,ms,,,house,gable,7.0
"stage 1 - building 6351 - 41.990228, 21.617934",6351,41.990228,21.617934,3469,R,1737.7,house,1,9.9,4.2,3.3,ms,,,garage,flat,3.2
"stage 1 - building 6352 - 41.983048, 21.619694",6352,41.983048,21.619694,3469,R,2548.3,house,2,12.7,7.3,6.2,osm,603024845,yes,house,gable,7.0
"stage 1 - building 6353 - 41.995885, 21.616478",6353,41.995885,21.616478,3470,R,1098.0,flat,1,40.0,22.9,7.0,ms,,,commercial,flat,7.0
"stage 1 - building 6354 - 41.994356, 21.616960",6354,41.994356,21.616960,3470,R,1272.5,house,1,9.4,4.5,3.3,ms,,,garage,flat,3.2
"stage 1 - building 6355 - 41.994170, 21.616913",6355,41.994170,21.616913,3470,R,1291.8,house,1,15.2,7.1,3.3,ms,,,house,gable,7.0
"stage 1 - building 6356 - 41.993533, 21.617107",6356,41.993533,21.617107,3470,R,1364.3,flat,1,4.6,3.2,2.7,ms,,,garage,flat,3.2
"stage 1 - building 6357 - 41.993034, 21.617271",6357,41.993034,21.617271,3470,R,1421.4,flat,1,5.5,4.4,2.7,ms,,,garage,flat,3.2
"stage 1 - building 6358 - 41.992840, 21.617299",6358,41.992840,21.617299,3470,R,1442.9,house,2,10.4,9.9,6.2,ms,,,house,gable,7.0
"stage 1 - building 6359 - 41.992144, 21.617483",6359,41.992144,21.617483,3470,R,1521.7,house,1,17.6,10.1,3.3,ms,,,row,flat,9.5
"stage 1 - building 6360 - 41.991037, 21.617878",6360,41.991037,21.617878,3470,R,1648.8,house,2,14.9,6.9,6.2,ms,,,house,gable,7.0
"stage 1 - building 6361 - 41.996322, 21.616455",6361,41.996322,21.616455,3471,R,1050.2,house,2,9.7,8.7,6.2,ms,,,house,gable,7.0
"stage 1 - building 6362 - 41.995767, 21.616682",6362,41.995767,21.616682,3471,R,1114.4,flat,1,4.6,3.5,2.7,ms,,,garage,flat,3.2
"stage 1 - building 6363 - 41.993586, 21.617327",6363,41.993586,21.617327,3471,R,1362.5,house,2,10.5,8.4,6.2,ms,,,house,gable,7.0
"stage 1 - building 6364 - 41.993181, 21.617361",6364,41.993181,21.617361,3471,R,1407.0,house,2,11.6,10.7,6.2,ms,,,house,gable,7.0
"stage 1 - building 6365 - 41.992847, 21.617509",6365,41.992847,21.617509,3471,R,1445.8,house,1,13.7,9.9,3.3,ms,,,house,gable,7.0
"stage 1 - building 6366 - 41.992709, 21.617529",6366,41.992709,21.617529,3471,R,1461.2,house,1,10.0,8.1,3.3,ms,,,house,gable,7.0
"stage 1 - building 6367 - 41.991591, 21.617931",6367,41.991591,21.617931,3471,R,1589.7,house,1,9.0,7.8,3.3,ms,,,house,gable,7.0
"stage 1 - building 6368 - 41.991084, 21.618003",6368,41.991084,21.618003,3471,R,1645.9,flat,1,5.4,3.2,2.7,ms,,,garage,flat,3.2
"stage 1 - building 6369 - 41.990988, 21.618027",6369,41.990988,21.618027,3471,R,1656.7,house,1,14.5,10.8,3.3,ms,,,house,gable,7.0
"stage 1 - building 6370 - 41.990717, 21.618140",6370,41.990717,21.618140,3471,R,1688.1,house,1,11.3,10.7,3.3,ms,,,row,flat,9.5
"stage 1 - building 6371 - 41.995024, 21.616953",6371,41.995024,21.616953,3472,R,1199.9,house,1,10.0,9.8,3.3,ms,,,house,gable,7.0
"stage 1 - building 6372 - 41.993335, 21.617505",6372,41.993335,21.617505,3472,R,1393.0,house,1,14.7,9.3,3.3,ms,,,house,gable,7.0
"stage 1 - building 6373 - 41.992106, 21.617830",6373,41.992106,21.617830,3472,R,1532.0,house,1,8.5,4.3,3.3,ms,,,garage,flat,3.2
"stage 1 - building 6374 - 41.991911, 21.617903",6374,41.991911,21.617903,3472,R,1554.5,house,2,11.0,10.4,6.2,ms,,,house,gable,7.0
"stage 1 - building 6375 - 41.991234, 21.618115",6375,41.991234,21.618115,3472,R,1631.6,flat,1,5.1,2.8,2.7,ms,,,garage,flat,3.2
"stage 1 - building 6376 - 41.991073, 21.618139",6376,41.991073,21.618139,3472,R,1649.6,house,1,8.6,6.3,3.3,ms,,,house,gable,7.0
"stage 1 - building 6377 - 41.990656, 21.618257",6377,41.990656,21.618257,3472,R,1697.0,house,1,14.2,10.7,3.3,ms,,,row,flat,9.5
"stage 1 - building 6378 - 41.987220, 21.619358",6378,41.987220,21.619358,3472,R,2089.3,flat,1,85.0,53.3,9.0,osm,603024850,yes,commercial,flat,7.0
"stage 1 - building 6379 - 41.995807, 21.616809",6379,41.995807,21.616809,3473,R,1112.4,house,2,11.0,10.4,6.2,ms,,,house,gable,7.0
"stage 1 - building 6380 - 41.993155, 21.617606",6380,41.993155,21.617606,3473,R,1414.4,house,1,10.6,10.2,3.3,ms,,,house,gable,7.0
"stage 1 - building 6381 - 41.992986, 21.617634",6381,41.992986,21.617634,3473,R,1433.1,flat,1,4.9,4.2,2.7,ms,,,garage,flat,3.2
"stage 1 - building 6382 - 41.990570, 21.618439",6382,41.990570,21.618439,3473,R,1709.6,house,1,12.4,11.1,3.3,ms,,,house,gable,7.0
"stage 1 - building 6383 - 41.996094, 21.616753",6383,41.996094,21.616753,3474,R,1080.4,house,1,10.0,6.6,3.3,ms,,,house,gable,7.0
"stage 1 - building 6384 - 41.994477, 21.617313",6384,41.994477,21.617313,3486,R,1265.8,house,1,11.0,3.5,3.3,ms,,,garage,flat,3.2
"stage 1 - building 6385 - 41.993262, 21.617754",6385,41.993262,21.617754,3492,R,1405.5,flat,1,5.4,2.4,2.7,ms,,,garage,flat,3.2
"stage 1 - building 6386 - 41.984640, 21.620439",6386,41.984640,21.620439,3495,R,2388.7,flat,2,16.9,9.7,6.4,ms,,,industrial,flat,8.5
"stage 1 - building 6387 - 41.993324, 21.617776",6387,41.993324,21.617776,3496,R,1399.2,house,2,10.8,5.7,6.2,ms,,,house,gable,7.0
"stage 1 - building 6388 - 41.991783, 21.618246",6388,41.991783,21.618246,3496,R,1574.8,house,1,7.1,4.4,3.3,ms,,,garage,flat,3.2
"stage 1 - building 6389 - 41.992301, 21.618101",6389,41.992301,21.618101,3497,R,1515.9,house,2,18.5,12.4,6.2,ms,,,row,flat,9.5
"stage 1 - building 6390 - 41.996290, 21.616911",6390,41.996290,21.616911,3500,R,1062.2,flat,1,5.7,3.7,2.7,ms,,,garage,flat,3.2
"stage 1 - building 6391 - 41.994406, 21.617496",6391,41.994406,21.617496,3500,R,1276.9,house,1,10.7,3.2,3.3,ms,,,garage,flat,3.2
"stage 1 - building 6392 - 41.993421, 21.617808",6392,41.993421,21.617808,3501,R,1389.3,house,1,9.5,6.0,3.3,ms,,,house,gable,7.0
"stage 1 - building 6393 - 41.996228, 21.616954",6393,41.996228,21.616954,3502,R,1069.6,house,1,15.8,7.6,3.3,ms,,,row,flat,9.5
"stage 1 - building 6394 - 41.990374, 21.618757",6394,41.990374,21.618757,3502,R,1736.8,house,2,14.0,10.3,6.2,ms,,,house,gable,7.0
"stage 1 - building 6395 - 41.991552, 21.618415",6395,41.991552,21.618415,3503,R,1602.9,house,2,11.6,10.3,6.2,ms,,,house,gable,7.0
"stage 1 - building 6396 - 41.994091, 21.617643",6396,41.994091,21.617643,3504,R,1313.7,house,1,8.5,6.1,3.3,ms,,,house,gable,7.0
"stage 1 - building 6397 - 41.992234, 21.618211",6397,41.992234,21.618211,3504,R,1525.3,house,2,17.8,8.7,6.2,ms,,,row,flat,9.5
"stage 1 - building 6398 - 41.992597, 21.618117",6398,41.992597,21.618117,3505,R,1484.3,house,1,11.2,10.2,3.3,ms,,,house,gable,7.0
"stage 1 - building 6399 - 41.984905, 21.620526",6399,41.984905,21.620526,3507,R,2361.6,flat,1,20.1,10.7,3.4,ms,,,industrial,flat,8.5
"stage 1 - building 6400 - 41.984449, 21.620658",6400,41.984449,21.620658,3507,R,2413.4,flat,1,38.9,15.3,7.0,osm,603024828,yes,industrial,flat,8.5
"stage 1 - building 6401 - 41.992173, 21.618344",6401,41.992173,21.618344,3509,R,1534.4,house,1,11.2,9.7,3.3,ms,,,house,gable,7.0
"stage 1 - building 6402 - 41.985204, 21.620484",6402,41.985204,21.620484,3509,R,2328.5,flat,1,6.0,3.1,2.7,ms,,,garage,flat,3.2
"stage 1 - building 6403 - 41.996286, 21.617077",6403,41.996286,21.617077,3510,R,1065.6,flat,1,5.2,4.1,2.7,ms,,,garage,flat,3.2
"stage 1 - building 6404 - 41.991240, 21.618680",6404,41.991240,21.618680,3510,R,1641.6,house,1,14.1,12.4,3.3,ms,,,house,gable,7.0
"stage 1 - building 6405 - 41.992827, 21.618203",6405,41.992827,21.618203,3511,R,1461.0,house,2,12.0,9.1,6.2,ms,,,house,gable,7.0
"stage 1 - building 6406 - 41.987724, 21.619820",6406,41.987724,21.619820,3511,R,2043.4,flat,1,7.2,3.9,2.7,ms,,,garage,flat,3.2
"stage 1 - building 6407 - 41.994670, 21.617678",6407,41.994670,21.617678,3512,R,1251.7,flat,1,6.7,4.4,2.7,ms,,,garage,flat,3.2
"stage 1 - building 6408 - 41.994177, 21.617869",6408,41.994177,21.617869,3512,R,1308.7,house,2,9.1,7.1,6.2,ms,,,house,gable,7.0
"stage 1 - building 6409 - 41.993042, 21.618258",6409,41.993042,21.618258,3512,R,1438.8,house,2,12.8,9.7,6.2,ms,,,house,gable,7.0
"stage 1 - building 6410 - 41.993531, 21.618123",6410,41.993531,21.618123,3513,R,1383.4,house,2,12.5,10.9,6.2,ms,,,house,gable,7.0
"stage 1 - building 6411 - 41.993200, 21.618260",6411,41.993200,21.618260,3513,R,1421.8,house,1,12.6,6.4,3.3,ms,,,house,gable,7.0
"stage 1 - building 6412 - 41.992771, 21.618429",6412,41.992771,21.618429,3513,R,1471.4,house,2,13.9,9.9,6.2,ms,,,house,gable,7.0
"stage 1 - building 6413 - 41.992544, 21.618453",6413,41.992544,21.618453,3513,R,1496.4,house,1,8.1,7.3,3.3,ms,,,house,gable,7.0
"stage 1 - building 6414 - 41.991111, 21.618907",6414,41.991111,21.618907,3513,R,1659.9,house,1,13.5,6.4,3.3,ms,,,house,gable,7.0
"stage 1 - building 6415 - 41.985043, 21.620901",6415,41.985043,21.620901,3513,R,2353.8,flat,1,34.2,8.9,7.0,ms,,,industrial,flat,8.5
"stage 1 - building 6416 - 41.994022, 21.618055",6416,41.994022,21.618055,3514,R,1329.1,house,2,8.9,7.7,6.2,ms,,,house,gable,7.0
"stage 1 - building 6417 - 41.992952, 21.618473",6417,41.992952,21.618473,3514,R,1452.8,flat,1,5.2,4.4,2.7,ms,,,garage,flat,3.2
"stage 1 - building 6418 - 41.992791, 21.618484",6418,41.992791,21.618484,3514,R,1470.3,flat,1,7.1,4.0,2.7,ms,,,garage,flat,3.2
"stage 1 - building 6419 - 41.992501, 21.618612",6419,41.992501,21.618612,3514,R,1504.1,house,1,10.1,5.3,3.3,ms,,,house,gable,7.0
"stage 1 - building 6420 - 41.989554, 21.619551",6420,41.989554,21.619551,3514,R,1840.6,house,2,12.0,8.4,6.2,ms,,,house,gable,7.0
"stage 1 - building 6421 - 41.984502, 21.621188",6421,41.984502,21.621188,3514,R,2417.9,flat,1,75.6,72.4,9.0,osm,603024849,yes,industrial,flat,8.5
"stage 1 - building 6422 - 41.994364, 21.618104",6422,41.994364,21.618104,3515,R,1293.2,house,1,10.6,5.6,3.3,ms,,,house,gable,7.0
"stage 1 - building 6423 - 41.993517, 21.618312",6423,41.993517,21.618312,3515,R,1388.7,flat,1,5.7,4.7,2.7,ms,,,garage,flat,3.2
"stage 1 - building 6424 - 41.993123, 21.618496",6424,41.993123,21.618496,3515,R,1434.8,house,2,12.5,5.8,6.2,ms,,,house,gable,7.0
"stage 1 - building 6425 - 41.992945, 21.618538",6425,41.992945,21.618538,3515,R,1454.9,house,1,6.8,6.3,3.3,ms,,,garage,flat,3.2
"stage 1 - building 6426 - 41.994313, 21.618208",6426,41.994313,21.618208,3516,R,1300.8,house,1,11.6,7.8,3.3,ms,,,house,gable,7.0
"stage 1 - building 6427 - 41.993374, 21.618535",6427,41.993374,21.618535,3516,R,1408.6,flat,1,18.4,16.6,7.0,ms,,,house,gable,7.0
"stage 1 - building 6428 - 41.992899, 21.618693",6428,41.992899,21.618693,3516,R,1462.9,house,1,6.6,6.1,3.3,ms,,,garage,flat,3.2
"stage 1 - building 6429 - 41.992787, 21.618771",6429,41.992787,21.618771,3516,R,1476.6,house,1,13.8,11.5,3.3,ms,,,house,gable,7.0
"stage 1 - building 6430 - 41.989555, 21.619900",6430,41.989555,21.619900,3516,R,1847.6,house,1,5.6,5.5,3.3,ms,,,garage,flat,3.2
"stage 1 - building 6431 - 41.987660, 21.620574",6431,41.987660,21.620574,3516,R,2065.4,house,1,14.0,7.8,3.3,ms,,,house,gable,7.0
"stage 1 - building 6432 - 41.983924, 21.621929",6432,41.983924,21.621929,3516,R,2495.2,flat,1,4.4,3.8,2.7,ms,,,garage,flat,3.2
"stage 1 - building 6433 - 41.993665, 21.618501",6433,41.993665,21.618501,3517,R,1376.6,flat,1,7.6,3.4,2.7,ms,,,garage,flat,3.2
"stage 1 - building 6434 - 41.993644, 21.618579",6434,41.993644,21.618579,3517,R,1380.6,house,1,6.9,6.1,3.3,ms,,,garage,flat,3.2
"stage 1 - building 6435 - 41.993570, 21.618654",6435,41.993570,21.618654,3517,R,1390.1,house,2,10.8,8.6,6.2,ms,,,house,gable,7.0
"stage 1 - building 6436 - 41.993204, 21.618693",6436,41.993204,21.618693,3517,R,1430.1,house,1,12.0,9.2,3.3,ms,,,house,gable,7.0
"stage 1 - building 6437 - 41.992389, 21.619073",6437,41.992389,21.619073,3517,R,1525.8,house,1,15.6,12.0,3.3,ms,,,house,gable,7.0
"stage 1 - building 6438 - 41.992235, 21.619113",6438,41.992235,21.619113,3517,R,1543.2,house,1,7.6,6.6,3.3,ms,,,house,gable,7.0
"stage 1 - building 6439 - 41.987563, 21.620766",6439,41.987563,21.620766,3517,R,2079.8,house,1,7.0,5.3,3.3,ms,,,garage,flat,3.2
"stage 1 - building 6440 - 41.986942, 21.621033",6440,41.986942,21.621033,3517,R,2152.2,house,1,12.5,3.1,3.3,ms,,,garage,flat,3.2
"stage 1 - building 6441 - 41.995063, 21.618114",6441,41.995063,21.618114,3518,R,1218.4,house,2,10.4,8.9,6.2,ms,,,house,gable,7.0
"stage 1 - building 6442 - 41.992708, 21.619032",6442,41.992708,21.619032,3518,R,1490.7,house,1,12.2,3.7,3.3,ms,,,garage,flat,3.2
"stage 1 - building 6443 - 41.992698, 21.619090",6443,41.992698,21.619090,3518,R,1493.0,house,1,9.4,5.0,3.3,ms,,,row,flat,9.5
"stage 1 - building 6444 - 41.991775, 21.619358",6444,41.991775,21.619358,3518,R,1597.8,house,1,14.0,13.6,3.3,ms,,,house,gable,7.0
"stage 1 - building 6445 - 41.991467, 21.619551",6445,41.991467,21.619551,3518,R,1635.1,flat,1,20.6,17.5,7.0,ms,,,house,gable,7.0
"stage 1 - building 6446 - 41.995047, 21.618297",6446,41.995047,21.618297,3519,R,1224.1,house,2,9.3,7.2,6.2,ms,,,house,gable,7.0
"stage 1 - building 6447 - 41.992651, 21.619183",6447,41.992651,21.619183,3519,R,1500.2,house,1,11.7,9.3,3.3,ms,,,house,gable,7.0
"stage 1 - building 6448 - 41.989919, 21.620257",6448,41.989919,21.620257,3519,R,1816.4,house,1,6.5,5.5,3.3,ms,,,garage,flat,3.2
"stage 1 - building 6449 - 41.992350, 21.619357",6449,41.992350,21.619357,3520,R,1536.3,flat,1,6.4,4.3,2.7,ms,,,garage,flat,3.2
"stage 1 - building 6450 - 41.987370, 21.621303",6450,41.987370,21.621303,3520,R,2112.5,house,1,6.2,5.5,3.3,ms,,,garage,flat,3.2
"stage 1 - building 6451 - 41.989824, 21.620470",6451,41.989824,21.620470,3521,R,1831.4,house,1,6.8,5.3,3.3,ms,,,garage,flat,3.2
"stage 1 - building 6452 - 41.987341, 21.621494",6452,41.987341,21.621494,3522,R,2120.0,house,2,17.8,15.9,6.2,ms,,,house,gable,7.0
"stage 1 - building 6453 - 41.992936, 21.619378",6453,41.992936,21.619378,3523,R,1474.3,house,2,11.8,8.1,6.2,ms,,,house,gable,7.0
"stage 1 - building 6454 - 41.994715, 21.618711",6454,41.994715,21.618711,3524,R,1269.0,house,1,9.1,8.6,3.3,ms,,,house,gable,7.0
"stage 1 - building 6455 - 41.989631, 21.620719",6455,41.989631,21.620719,3524,R,1857.8,house,1,8.5,6.5,3.3,ms,,,house,gable,7.0
"stage 1 - building 6456 - 41.994261, 21.618962",6456,41.994261,21.618962,3528,R,1323.3,house,1,10.2,9.7,3.3,ms,,,house,gable,7.0
"stage 1 - building 6457 - 41.989340, 21.620958",6457,41.989340,21.620958,3529,R,1894.4,house,2,9.4,9.3,6.2,ms,,,house,gable,7.0
"stage 1 - building 6458 - 41.993050, 21.619582",6458,41.993050,21.619582,3535,R,1467.0,house,2,9.8,8.3,6.2,ms,,,house,gable,7.0
"stage 1 - building 6459 - 41.992669, 21.619753",6459,41.992669,21.619753,3535,R,1511.5,house,2,12.2,9.7,6.2,ms,,,house,gable,7.0
"stage 1 - building 6460 - 41.992406, 21.619900",6460,41.992406,21.619900,3536,R,1543.1,house,1,13.9,8.0,3.3,ms,,,house,gable,7.0
"stage 1 - building 6461 - 41.993121, 21.619667",6461,41.993121,21.619667,3537,R,1461.5,house,2,11.2,10.5,6.2,ms,,,house,gable,7.0
"stage 1 - building 6462 - 41.992569, 21.619871",6462,41.992569,21.619871,3537,R,1525.1,house,1,7.4,4.4,3.3,ms,,,garage,flat,3.2
"stage 1 - building 6463 - 41.977126, 21.626433",6463,41.977126,21.626433,3538,R,3324.4,flat,1,5.7,4.7,2.7,ms,,,garage,flat,3.2
"stage 1 - building 6464 - 41.994983, 21.619038",6464,41.994983,21.619038,3539,R,1248.6,house,2,12.7,10.7,6.2,ms,,,house,gable,7.0
"stage 1 - building 6465 - 41.992493, 21.620052",6465,41.992493,21.620052,3539,R,1537.6,house,2,13.7,9.3,6.2,ms,,,house,gable,7.0
"stage 1 - building 6466 - 41.987310, 21.622337",6466,41.987310,21.622337,3539,R,2143.6,house,1,12.5,7.6,3.3,ms,,,house,gable,7.0
"stage 1 - building 6467 - 41.993458, 21.619807",6467,41.993458,21.619807,3540,R,1429.2,house,2,12.8,10.5,6.2,ms,,,house,gable,7.0
"stage 1 - building 6468 - 41.992405, 21.620217",6468,41.992405,21.620217,3540,R,1551.0,house,1,12.9,9.6,3.3,ms,,,house,gable,7.0
"stage 1 - building 6469 - 41.992299, 21.620298",6469,41.992299,21.620298,3540,R,1564.3,house,1,11.5,10.4,3.3,ms,,,house,gable,7.0
"stage 1 - building 6470 - 41.994627, 21.619363",6470,41.994627,21.619363,3541,R,1294.4,house,2,10.3,10.2,6.2,ms,,,house,gable,7.0
"stage 1 - building 6471 - 41.993374, 21.619945",6471,41.993374,21.619945,3541,R,1441.6,house,1,12.8,10.1,3.3,ms,,,house,gable,7.0
"stage 1 - building 6472 - 41.992659, 21.620311",6472,41.992659,21.620311,3541,R,1526.5,house,2,12.3,8.3,6.2,ms,,,house,gable,7.0
"stage 1 - building 6473 - 41.992441, 21.620371",6473,41.992441,21.620371,3541,R,1551.1,flat,1,7.2,3.1,2.7,ms,,,garage,flat,3.2
"stage 1 - building 6474 - 41.992407, 21.620426",6474,41.992407,21.620426,3541,R,1556.2,house,1,15.9,3.9,3.3,ms,,,house,gable,7.0
"stage 1 - building 6475 - 41.988618, 21.622036",6475,41.988618,21.622036,3541,R,1997.6,house,1,10.4,7.3,3.3,ms,,,house,gable,7.0
"stage 1 - building 6476 - 41.986598, 21.622923",6476,41.986598,21.622923,3541,R,2233.7,flat,1,163.9,123.5,9.0,osm,603024835,yes,commercial,flat,7.0
"stage 1 - building 6477 - 41.993608, 21.619929",6477,41.993608,21.619929,3542,R,1416.6,house,1,7.3,7.2,3.3,ms,,,house,gable,7.0
"stage 1 - building 6478 - 41.993448, 21.620031",6478,41.993448,21.620031,3542,R,1436.1,house,1,7.6,5.6,3.3,ms,,,garage,flat,3.2
"stage 1 - building 6479 - 41.992330, 21.620596",6479,41.992330,21.620596,3542,R,1568.7,flat,1,6.2,3.5,2.7,ms,,,garage,flat,3.2
"stage 1 - building 6480 - 41.990749, 21.621220",6480,41.990749,21.621220,3542,R,1751.6,house,2,9.4,7.1,6.2,ms,,,house,gable,7.0
"stage 1 - building 6481 - 41.994950, 21.619433",6481,41.994950,21.619433,3543,R,1262.2,house,1,10.7,7.5,3.3,ms,,,house,gable,7.0
"stage 1 - building 6482 - 41.993724, 21.620069",6482,41.993724,21.620069,3543,R,1408.0,house,1,7.7,5.1,3.3,ms,,,garage,flat,3.2
"stage 1 - building 6483 - 41.993642, 21.620111",6483,41.993642,21.620111,3543,R,1417.8,house,1,10.0,5.1,3.3,ms,,,house,gable,7.0
"stage 1 - building 6484 - 41.992263, 21.620741",6484,41.992263,21.620741,3543,R,1579.6,flat,1,4.9,4.0,2.7,ms,,,garage,flat,3.2
"stage 1 - building 6485 - 41.992042, 21.620827",6485,41.992042,21.620827,3543,R,1605.2,house,1,9.8,7.4,3.3,ms,,,house,gable,7.0
"stage 1 - building 6486 - 41.990506, 21.621510",6486,41.990506,21.621510,3543,R,1784.9,flat,1,3.8,3.8,2.7,ms,,,garage,flat,3.2
"stage 1 - building 6487 - 41.987421, 21.622940",6487,41.987421,21.622940,3543,R,2147.5,flat,1,4.2,3.1,2.7,ms,,,garage,flat,3.2
"stage 1 - building 6488 - 41.994349, 21.619841",6488,41.994349,21.619841,3544,R,1336.2,house,1,8.8,8.4,3.3,ms,,,house,gable,7.0
"stage 1 - building 6489 - 41.994257, 21.619943",6489,41.994257,21.619943,3544,R,1348.7,flat,1,5.6,4.4,2.7,ms,,,garage,flat,3.2
"stage 1 - building 6490 - 41.992685, 21.620668",6490,41.992685,21.620668,3544,R,1533.4,house,1,7.6,4.1,3.3,ms,,,garage,flat,3.2
"stage 1 - building 6491 - 41.992273, 21.620875",6491,41.992273,21.620875,3544,R,1582.2,house,1,10.8,10.8,3.3,ms,,,house,gable,7.0
"stage 1 - building 6492 - 41.992078, 21.620968",6492,41.992078,21.620968,3544,R,1605.2,house,2,14.6,6.5,6.2,ms,,,house,gable,7.0
"stage 1 - building 6493 - 41.991979, 21.620932",6493,41.991979,21.620932,3544,R,1614.6,flat,1,5.5,4.0,2.7,ms,,,garage,flat,3.2
"stage 1 - building 6494 - 41.991883, 21.621034",6494,41.991883,21.621034,3544,R,1627.4,house,1,10.0,9.9,3.3,ms,,,house,gable,7.0
"stage 1 - building 6495 - 41.986455, 21.623492",6495,41.986455,21.623492,3544,R,2263.8,house,1,19.5,12.4,3.3,osm,603024834,yes,house,gable,7.0
"stage 1 - building 6496 - 41.991883, 21.621118",6496,41.991883,21.621118,3545,R,1629.7,flat,1,5.8,4.0,2.7,ms,,,garage,flat,3.2
"stage 1 - building 6497 - 41.986889, 21.623521",6497,41.986889,21.623521,3545,R,2219.1,flat,1,34.5,26.2,7.0,osm,603024833,yes,commercial,flat,7.0
"stage 1 - building 6498 - 41.992633, 21.620818",6498,41.992633,21.620818,3546,R,1542.9,house,1,11.1,8.4,3.3,ms,,,house,gable,7.0
"stage 1 - building 6499 - 41.992286, 21.621053",6499,41.992286,21.621053,3546,R,1585.8,house,1,6.6,6.4,3.3,ms,,,garage,flat,3.2
"stage 1 - building 6500 - 41.987267, 21.623457",6500,41.987267,21.623457,3546,R,2177.7,flat,1,6.2,4.6,2.7,ms,,,garage,flat,3.2
"stage 1 - building 6501 - 41.987146, 21.623497",6501,41.987146,21.623497,3546,R,2191.5,house,1,9.6,6.0,3.3,ms,,,house,gable,7.0
"stage 1 - building 6502 - 41.993691, 21.620441",6502,41.993691,21.620441,3547,R,1421.8,flat,1,6.0,4.6,2.7,ms,,,garage,flat,3.2
"stage 1 - building 6503 - 41.987382, 21.623484",6503,41.987382,21.623484,3547,R,2166.5,flat,1,26.2,14.6,7.0,osm,603024832,yes,house,gable,7.0
"stage 1 - building 6504 - 41.987156, 21.623618",6504,41.987156,21.623618,3547,R,2193.8,house,1,8.5,8.0,3.3,osm,603024830,yes,house,gable,7.0
"stage 1 - building 6505 - 41.985477, 21.624410",6505,41.985477,21.624410,3547,R,2391.5,house,1,6.0,5.1,3.3,ms,,,garage,flat,3.2
"stage 1 - building 6506 - 41.992672, 21.620989",6506,41.992672,21.620989,3548,R,1543.7,house,1,17.2,10.7,3.3,ms,,,house,gable,7.0
"stage 1 - building 6507 - 41.992145, 21.621203",6507,41.992145,21.621203,3548,R,1604.7,house,2,13.7,6.9,6.2,ms,,,house,gable,7.0
"stage 1 - building 6508 - 41.994109, 21.620311",6508,41.994109,21.620311,3549,R,1374.4,house,2,9.7,7.6,6.2,ms,,,house,gable,7.0
"stage 1 - building 6509 - 41.992083, 21.621322",6509,41.992083,21.621322,3550,R,1614.5,house,1,7.0,4.4,3.3,ms,,,garage,flat,3.2
"stage 1 - building 6510 - 41.993808, 21.620516",6510,41.993808,21.620516,3551,R,1411.7,house,2,9.8,8.5,6.2,ms,,,house,gable,7.0
"stage 1 - building 6511 - 41.992535, 21.621130",6511,41.992535,21.621130,3551,R,1562.0,flat,1,6.0,5.0,2.7,ms,,,garage,flat,3.2
"stage 1 - building 6512 - 41.983651, 21.625490",6512,41.983651,21.625490,3551,R,2612.7,flat,1,6.6,4.4,2.7,ms,,,garage,flat,3.2
"stage 1 - building 6513 - 41.992785, 21.621043",6513,41.992785,21.621043,3553,R,1533.4,house,1,7.4,6.5,3.3,ms,,,house,gable,7.0
"stage 1 - building 6514 - 41.987231, 21.623803",6514,41.987231,21.623803,3554,R,2191.4,house,1,7.7,7.7,3.3,ms,,,house,gable,7.0
"stage 1 - building 6515 - 41.992458, 21.621237",6515,41.992458,21.621237,3555,R,1573.1,house,2,13.0,10.8,6.2,ms,,,house,gable,7.0
"stage 1 - building 6516 - 41.987376, 21.623795",6516,41.987376,21.623795,3559,R,2175.9,house,1,10.3,5.3,3.3,ms,,,house,gable,7.0
"stage 1 - building 6517 - 41.986069, 21.624458",6517,41.986069,21.624458,3560,R,2331.2,flat,1,6.0,2.9,2.7,ms,,,garage,flat,3.2
"stage 1 - building 6518 - 41.988982, 21.623137",6518,41.988982,21.623137,3563,R,1989.7,house,2,12.4,8.8,6.2,ms,,,house,gable,7.0
"stage 1 - building 6519 - 41.986973, 21.624189",6519,41.986973,21.624189,3563,R,2229.3,flat,1,63.1,36.3,9.0,osm,603024829,yes,commercial,flat,7.0
"stage 1 - building 6520 - 41.983307, 21.626018",6520,41.983307,21.626018,3563,R,2663.8,flat,1,57.5,56.8,9.0,osm,603024844,yes,industrial,flat,8.5
"stage 1 - building 6521 - 41.987420, 21.624070",6521,41.987420,21.624070,3564,R,2179.3,house,1,10.2,5.0,3.3,ms,,,house,gable,7.0
"stage 1 - building 6522 - 41.987415, 21.624385",6522,41.987415,21.624385,3566,R,2189.1,flat,1,24.8,17.3,7.0,osm,603024831,yes,house,gable,7.0
"stage 1 - building 6523 - 41.992691, 21.621678",6523,41.992691,21.621678,3567,R,1561.7,flat,1,3.8,3.4,2.7,ms,,,garage,flat,3.2
"stage 1 - building 6524 - 41.990966, 21.622694",6524,41.990966,21.622694,3567,R,1770.8,house,1,10.0,5.6,3.3,ms,,,house,gable,7.0
"stage 1 - building 6525 - 41.985279, 21.625584",6525,41.985279,21.625584,3567,R,2446.4,flat,1,103.4,58.4,9.0,ms,,,industrial,flat,8.5
"stage 1 - building 6526 - 41.985153, 21.625647",6526,41.985153,21.625647,3567,R,2461.2,flat,2,16.3,8.1,6.4,ms,,,house,gable,7.0
"stage 1 - building 6527 - 41.993215, 21.621715",6527,41.993215,21.621715,3568,R,1508.8,house,1,11.6,8.9,3.3,ms,,,house,gable,7.0
"stage 1 - building 6528 - 41.993132, 21.621784",6528,41.993132,21.621784,3568,R,1519.5,flat,1,3.5,3.5,2.7,ms,,,garage,flat,3.2
"stage 1 - building 6529 - 41.992360, 21.622166",6529,41.992360,21.622166,3568,R,1610.8,house,1,6.0,5.6,3.3,ms,,,garage,flat,3.2
"stage 1 - building 6530 - 41.991113, 21.622890",6530,41.991113,21.622890,3568,R,1761.7,house,2,10.1,6.2,6.2,ms,,,house,gable,7.0
"stage 1 - building 6531 - 41.983300, 21.627011",6531,41.983300,21.627011,3568,R,2694.2,flat,1,87.8,49.6,9.0,osm,603024841,industrial,industrial,flat,8.5
"stage 1 - building 6532 - 41.993344, 21.621841",6532,41.993344,21.621841,3569,R,1499.6,house,1,8.4,4.6,3.3,ms,,,garage,flat,3.2
"stage 1 - building 6533 - 41.992978, 21.622003",6533,41.992978,21.622003,3569,R,1542.2,house,1,8.8,7.8,3.3,ms,,,house,gable,7.0
"stage 1 - building 6534 - 41.992101, 21.622493",6534,41.992101,21.622493,3569,R,1647.7,house,1,13.4,8.8,3.3,ms,,,house,gable,7.0
"stage 1 - building 6535 - 41.985298, 21.626555",6535,41.985298,21.626555,3570,R,2474.7,flat,1,53.6,48.4,9.0,osm,603024840,yes,industrial,flat,8.5
"stage 1 - building 6536 - 41.991420, 21.623501",6536,41.991420,21.623501,3571,R,1750.3,house,2,19.6,8.3,6.2,ms,,,house,gable,7.0
"stage 1 - building 6537 - 41.983832, 21.627749",6537,41.983832,21.627749,3571,R,2663.4,house,1,7.5,5.0,3.3,ms,,,garage,flat,3.2
"stage 1 - building 6538 - 41.993773, 21.622132",6538,41.993773,21.622132,3572,R,1465.4,house,2,13.1,8.6,6.2,ms,,,house,gable,7.0
"stage 1 - building 6539 - 41.991707, 21.623732",6539,41.991707,21.623732,3573,R,1729.3,house,2,10.5,7.1,6.2,ms,,,house,gable,7.0
"stage 1 - building 6540 - 41.992086, 21.623731",6540,41.992086,21.623731,3574,R,1691.2,flat,1,5.9,4.1,2.7,ms,,,garage,flat,3.2
"stage 1 - building 6541 - 41.992137, 21.623779",6541,41.992137,21.623779,3575,R,1687.8,house,1,6.7,5.5,3.3,ms,,,garage,flat,3.2
"stage 1 - building 6542 - 41.991971, 21.623896",6542,41.991971,21.623896,3575,R,1708.7,flat,1,5.3,3.0,2.7,ms,,,garage,flat,3.2
"stage 1 - building 6543 - 41.992089, 21.624036",6543,41.992089,21.624036,3578,R,1702.0,flat,1,6.3,4.2,2.7,ms,,,garage,flat,3.2
"stage 1 - building 6544 - 41.992043, 21.624097",6544,41.992043,21.624097,3578,R,1708.8,house,1,6.2,5.6,3.3,ms,,,garage,flat,3.2
"stage 1 - building 6545 - 41.993418, 21.623235",6545,41.993418,21.623235,3580,R,1540.2,flat,1,6.0,5.0,2.7,ms,,,garage,flat,3.2
"stage 1 - building 6546 - 41.993362, 21.623311",6546,41.993362,21.623311,3581,R,1548.6,house,1,9.1,5.7,3.3,ms,,,house,gable,7.0
"stage 1 - building 6547 - 41.995074, 21.622192",6547,41.995074,21.622192,3583,R,1337.1,flat,1,19.1,17.9,7.0,ms,,,house,gable,7.0
"stage 1 - building 6548 - 41.993480, 21.623773",6548,41.993480,21.623773,3593,R,1554.3,house,1,6.6,6.4,3.3,ms,,,garage,flat,3.2
"stage 1 - building 6549 - 41.995805, 21.624341",6549,41.995805,21.624341,3693,R,1351.3,house,1,8.1,4.3,3.3,ms,,,garage,flat,3.2
"stage 1 - building 6550 - 41.995808, 21.624405",6550,41.995808,21.624405,3694,R,1353.7,flat,1,5.6,3.8,2.7,ms,,,garage,flat,3.2
"stage 1 - building 6551 - 41.995867, 21.624594",6551,41.995867,21.624594,3694,R,1356.0,flat,1,35.1,16.3,7.0,ms,,,house,gable,7.0
"stage 1 - building 6552 - 41.995593, 21.624721",6552,41.995593,21.624721,3694,R,1387.5,house,1,8.0,5.3,3.3,ms,,,garage,flat,3.2
"stage 1 - building 6553 - 41.995908, 21.625384",6553,41.995908,21.625384,3696,R,1387.0,house,2,10.1,7.3,6.2,ms,,,house,gable,7.0
"stage 1 - building 6554 - 41.999793, 21.626621",6554,41.999793,21.626621,3701,R,1128.9,flat,1,6.0,4.2,2.7,ms,,,garage,flat,3.2
